///////////////////////////////////////////////////////////////////////////////
// Alone In The Dark Re-Haunted
// Copyright (C) 2026 Infogrames / Spacefarer Retro Remasters LLC
// Author: Jake Jackson (jake@spacefarergames.com)
//
// Auto-generated embedded data file - DO NOT EDIT
///////////////////////////////////////////////////////////////////////////////

extern const unsigned char embdata_MASK07_PAK[] = {
    0x00, 0x00, 0x00, 0x00, 0x40, 0x00, 0x00, 0x00, 0xEB, 0x06, 0x00, 0x00, 0xD3, 0x09, 0x00, 0x00,
    0x57, 0x15, 0x00, 0x00, 0x31, 0x1D, 0x00, 0x00, 0x83, 0x21, 0x00, 0x00, 0x7A, 0x23, 0x00, 0x00,
    0xDD, 0x24, 0x00, 0x00, 0xAD, 0x2A, 0x00, 0x00, 0x66, 0x2D, 0x00, 0x00, 0x77, 0x2F, 0x00, 0x00,
    0x7A, 0x33, 0x00, 0x00, 0xA7, 0x34, 0x00, 0x00, 0x54, 0x35, 0x00, 0x00, 0xD3, 0x35, 0x00, 0x00,
    0x14, 0x00, 0x00, 0x00, 0x24, 0x00, 0x00, 0x00, 0x1A, 0x0D, 0x00, 0x00, 0x56, 0x10, 0x00, 0x00,
    0xB2, 0x12, 0x00, 0x00, 0x7B, 0x06, 0x00, 0x00, 0xA6, 0x18, 0x00, 0x00, 0x01, 0x00, 0x00, 0x00,
    0x0F, 0x00, 0x12, 0x03, 0x24, 0x15, 0x36, 0x27, 0x38, 0x39, 0x6A, 0x7B, 0x4C, 0x9D, 0x6E, 0x1F,
    0x09, 0x06, 0x01, 0x13, 0x34, 0xE5, 0xF6, 0x96, 0xF7, 0x21, 0x0C, 0xBB, 0xC1, 0x06, 0xC3, 0x0B,
    0x41, 0x76, 0xCF, 0x12, 0x86, 0xC7, 0xF0, 0xEC, 0x0C, 0x03, 0x0C, 0x8F, 0x5B, 0xC0, 0xF0, 0x54,
    0x09, 0x0C, 0x6F, 0xDF, 0xC0, 0xF0, 0x74, 0x15, 0x0C, 0xBF, 0x32, 0xA0, 0x5E, 0x80, 0x3F, 0x03,
    0xCE, 0x06, 0x58, 0x11, 0xA0, 0x4E, 0x00, 0xDE, 0x53, 0x0C, 0x30, 0x4C, 0x4F, 0x14, 0x30, 0x4C,
    0x4B, 0x1C, 0x30, 0x4C, 0x47, 0x24, 0x30, 0x4C, 0x43, 0x2C, 0x30, 0x4C, 0x3F, 0x34, 0x30, 0x4C,
    0x3B, 0x3C, 0x30, 0x4C, 0x37, 0x44, 0x30, 0x4C, 0x33, 0x4C, 0x30, 0x4C, 0x2F, 0x54, 0x30, 0x4C,
    0x2B, 0x5C, 0x30, 0x4C, 0x27, 0x64, 0x30, 0x4C, 0x23, 0x6C, 0x30, 0x4C, 0x1F, 0x74, 0x30, 0x4C,
    0x1B, 0x7C, 0x30, 0x4C, 0x17, 0x84, 0x30, 0x4C, 0x13, 0x8C, 0x30, 0x4C, 0x0F, 0x94, 0x30, 0x4C,
    0x0B, 0x9C, 0x30, 0x4C, 0x07, 0xA4, 0x30, 0x4C, 0x99, 0xD5, 0x31, 0x35, 0x2D, 0xDF, 0x32, 0x2F,
    0xFF, 0xB2, 0xB4, 0x5C, 0x2D, 0x63, 0xCB, 0xDB, 0x32, 0x94, 0x3C, 0x25, 0x5B, 0xC9, 0x5B, 0xB2,
    0x97, 0x1C, 0x59, 0xA6, 0x2C, 0xFE, 0xFB, 0x5B, 0x92, 0xCD, 0xF9, 0x33, 0x5B, 0x1A, 0x20, 0x9A,
    0x39, 0xBB, 0x41, 0x1E, 0x47, 0x7B, 0x8F, 0x61, 0x24, 0x41, 0x1F, 0xC3, 0xF4, 0xC0, 0x1F, 0xC3,
    0x48, 0x81, 0x40, 0x86, 0x91, 0x01, 0x83, 0x0C, 0x53, 0xFE, 0x6D, 0x53, 0xFF, 0x9A, 0x30, 0xC7,
    0x9B, 0xFD, 0xC6, 0xDB, 0x4E, 0xE3, 0x6D, 0x97, 0x71, 0xB6, 0xBF, 0x18, 0xDE, 0x22, 0x8B, 0xE1,
    0x33, 0xA6, 0x18, 0x9E, 0xA3, 0x89, 0xE1, 0x3F, 0x8E, 0x18, 0x5E, 0x24, 0x88, 0xE1, 0x4B, 0x76,
    0x18, 0x1E, 0xA5, 0x86, 0xE1, 0x57, 0x5E, 0x18, 0xDE, 0xC5, 0x91, 0x3D, 0xC6, 0x9A, 0x9D, 0xC6,
    0x5E, 0x7E, 0x63, 0x2E, 0xCF, 0x99, 0x60, 0x98, 0xC6, 0xA9, 0x60, 0x18, 0x71, 0x2D, 0xC3, 0xB8,
    0x4D, 0x06, 0xC3, 0xC8, 0x9A, 0x0D, 0x86, 0x11, 0xFF, 0x32, 0x8C, 0xCF, 0x7C, 0x30, 0x8C, 0x94,
    0x09, 0x61, 0x18, 0x71, 0xB6, 0x0C, 0xE3, 0x30, 0x25, 0x0C, 0x23, 0x5F, 0x4E, 0x18, 0x46, 0x3C,
    0x25, 0xC3, 0x78, 0xCB, 0x0A, 0xC3, 0x48, 0x96, 0x16, 0x86, 0x11, 0x77, 0xC9, 0x30, 0xAE, 0x12,
    0xC3, 0x30, 0x32, 0x65, 0x86, 0x61, 0xC4, 0x97, 0x65, 0x18, 0x3F, 0xB9, 0xE1, 0x98, 0xBA, 0x96,
    0x73, 0x19, 0x5A, 0xBE, 0x96, 0xBD, 0xE5, 0x2A, 0x39, 0x4B, 0x86, 0x2C, 0x53, 0x96, 0x37, 0xAB,
    0x8E, 0x39, 0xF8, 0x8E, 0x39, 0x78, 0x8F, 0x39, 0xF8, 0x8F, 0x37, 0x98, 0x19, 0xD7, 0xB0, 0x06,
    0xFF, 0x74, 0x3C, 0x40, 0x43, 0x6D, 0xB0, 0x39, 0xBA, 0xA1, 0x61, 0x11, 0x6C, 0xFF, 0x7B, 0x10,
    0x40, 0xB1, 0xE7, 0x6D, 0x50, 0xEC, 0x01, 0xEB, 0x42, 0x28, 0x56, 0xB7, 0x17, 0x8A, 0x55, 0xED,
    0x86, 0x62, 0x5D, 0xAB, 0xA1, 0x18, 0x58, 0x81, 0x6A, 0x8A, 0xF9, 0xDA, 0x0C, 0xC5, 0x80, 0xCE,
    0x16, 0x43, 0xB1, 0x0F, 0x5C, 0x53, 0x0C, 0x9A, 0xED, 0x85, 0x62, 0xC0, 0x24, 0xC8, 0xD6, 0x42,
    0x31, 0xA0, 0xB7, 0xAD, 0x50, 0x8C, 0x2E, 0xC8, 0xA6, 0x98, 0xBB, 0x9D, 0x50, 0x8C, 0x7C, 0x2B,
    0xA1, 0x18, 0x58, 0x83, 0x6E, 0x8A, 0x01, 0xF4, 0x36, 0x47, 0xEB, 0x41, 0x34, 0x49, 0xE9, 0x41,
    0x32, 0x41, 0xD2, 0x83, 0x5F, 0x41, 0x14, 0xEB, 0x56, 0x12, 0xC5, 0x7A, 0x15, 0x45, 0x59, 0x15,
    0xD7, 0x3A, 0x43, 0x64, 0x71, 0xAC, 0x3D, 0x0D, 0x32, 0x84, 0x71, 0xEC, 0x08, 0x6F, 0x32, 0x34,
    0x58, 0xE3, 0x58, 0x65, 0x46, 0x14, 0x98, 0xA3, 0xDC, 0x11, 0xB6, 0x8C, 0x52, 0xAC, 0x28, 0xAD,
    0x14, 0xEB, 0xC8, 0x2D, 0xC5, 0xDA, 0x31, 0x4C, 0xB1, 0x62, 0x34, 0x53, 0xEC, 0x09, 0x25, 0xAE,
    0x29, 0xD6, 0x86, 0x70, 0x8A, 0x15, 0x61, 0x9D, 0x62, 0x1D, 0xA8, 0x27, 0x0B, 0x4E, 0xA3, 0x0D,
    0x03, 0x24, 0x0D, 0x90, 0x27, 0xC0, 0x38, 0x4D, 0xD0, 0x80, 0x3B, 0x8A, 0x55, 0xA0, 0x8E, 0x62,
    0xE4, 0x80, 0xAC, 0x05, 0xCF, 0xE3, 0x28, 0xD6, 0x82, 0x37, 0x8A, 0x91, 0x06, 0x6D, 0x14, 0xEB,
    0xC1, 0x1A, 0xC5, 0x48, 0x84, 0x34, 0x8A, 0x35, 0xE1, 0x8C, 0x62, 0xA4, 0x42, 0x19, 0xC5, 0xBA,
    0x30, 0x46, 0xB1, 0xC4, 0x65, 0xC5, 0xE8, 0x86, 0x2F, 0x8A, 0xD5, 0xA1, 0x8B, 0x62, 0xE4, 0xC3,
    0x16, 0xC5, 0xD2, 0x65, 0x2B, 0x46, 0x47, 0x5C, 0x51, 0xAC, 0x12, 0x55, 0x14, 0x23, 0x27, 0xA6,
    0x28, 0x56, 0x8A, 0x28, 0x8A, 0x91, 0x15, 0x4F, 0x14, 0xAB, 0x45, 0x13, 0xC5, 0xC8, 0x8B, 0x25,
    0x8A, 0x15, 0x23, 0x89, 0x62, 0x64, 0xC6, 0x11, 0xC5, 0xAA, 0x51, 0x44, 0x31, 0x72, 0x63, 0x88,
    0x62, 0x24, 0x87, 0x31, 0x2A, 0xC0, 0x8E, 0x1F, 0x8A, 0x91, 0x1E, 0x3D, 0x14, 0xEB, 0xC7, 0x0E,
    0xC5, 0x48, 0x90, 0x1C, 0x8A, 0x91, 0x21, 0x37, 0x14, 0x23, 0x45, 0x24, 0x8E, 0x02, 0x1C, 0x99,
    0xA1, 0x18, 0x49, 0x12, 0x43, 0x31, 0xB2, 0xE4, 0x85, 0x62, 0xA4, 0x89, 0xC0, 0x15, 0xC4, 0xAC,
    0xF6, 0x44, 0x31, 0xA7, 0x50, 0x8C, 0x4C, 0x39, 0xA1, 0x18, 0xA9, 0xA2, 0xF0, 0x84, 0x32, 0x8E,
    0x50, 0xAC, 0x2C, 0x1A, 0x4B, 0x70, 0xE3, 0x07, 0xC5, 0xEA, 0xD2, 0x41, 0x31, 0xF2, 0xC5, 0x6A,
    0x09, 0x6E, 0xCE, 0xA0, 0x18, 0x19, 0x73, 0x41, 0xB1, 0xCA, 0x54, 0x50, 0xAC, 0x33, 0x13, 0x14,
    0x23, 0x69, 0x22, 0x28, 0xD6, 0x1A, 0xA1, 0xC9, 0x6D, 0x1A, 0x28, 0xD6, 0x9B, 0x05, 0x8A, 0x91,
    0x38, 0x09, 0x14, 0x6B, 0xCE, 0x01, 0xC5, 0x48, 0x9D, 0x02, 0x8A, 0x75, 0x67, 0x80, 0xCF, 0x50,
    0x1E, 0xC3, 0x80, 0x56, 0x4E, 0x0D, 0x8D, 0x0A, 0x9B, 0xFA, 0x9B, 0x1A, 0x8B, 0x0A, 0x32, 0xF5,
    0x65, 0xAA, 0xCF, 0xD4, 0x99, 0xA8, 0x2B, 0x52, 0x75, 0xA4, 0xB2, 0x40, 0xF5, 0x81, 0xDA, 0x7C,
    0xAA, 0xF0, 0xA8, 0xD4, 0xA3, 0x0E, 0x97, 0x2A, 0x5D, 0x6A, 0x70, 0x2C, 0x74, 0xA4, 0x73, 0x3E,
    0xF6, 0xA8, 0x03, 0xA4, 0x14, 0x3A, 0x9C, 0xC7, 0x35, 0xDF, 0x51, 0x8C, 0x1C, 0x70, 0x3A, 0x9C,
    0xC0, 0xE9, 0xF0, 0x82, 0x38, 0x8A, 0x91, 0x06, 0x82, 0xE6, 0x07, 0x6D, 0x14, 0x23, 0x11, 0x9C,
    0x0E, 0x4F, 0x48, 0xA3, 0x18, 0xA9, 0xE0, 0x74, 0xF8, 0x82, 0xD3, 0xE1, 0x0C, 0x63, 0x14, 0x23,
    0x1B, 0x9C, 0x0E, 0x77, 0xF8, 0xA2, 0x18, 0xF9, 0x20, 0x2C, 0x0E, 0xB1, 0x45, 0x31, 0x32, 0xC2,
    0xE9, 0x70, 0x89, 0x2B, 0x8A, 0x91, 0x13, 0x96, 0xCC, 0x29, 0xA6, 0x28, 0x46, 0x56, 0x38, 0x1D,
    0x6E, 0xF1, 0x44, 0x31, 0xF2, 0xC2, 0xE9, 0x70, 0x8C, 0x25, 0x8A, 0x91, 0x19, 0x9A, 0xC4, 0x35,
    0x8E, 0x28, 0x46, 0x44, 0x53, 0xC5, 0x80, 0xAF, 0x78, 0x0A, 0x26, 0x2C, 0xAA, 0x98, 0xCA, 0x0B,
    0xA6, 0x98, 0x8A, 0x32, 0x55, 0x0C, 0x52, 0x9D, 0x61, 0x8A, 0xA9, 0x26, 0x51, 0xC5, 0x30, 0x6B,
    0x82, 0x29, 0xA6, 0x86, 0x48, 0x15, 0xC3, 0x84, 0x11, 0xA6, 0x98, 0xCA, 0x23, 0x55, 0x0C, 0x52,
    0x17, 0x60, 0xDE, 0x40, 0x15, 0xC3, 0x34, 0x3E, 0x90, 0x0E, 0x1F, 0xE6, 0x6E, 0x98, 0xB3, 0x60,
    0xF6, 0x00, 0x52, 0x1D, 0x60, 0xDE, 0x00, 0xBB, 0x21, 0x52, 0x39, 0x87, 0xCA, 0xE6, 0x1D, 0x16,
    0x95, 0x7B, 0x28, 0x54, 0xFE, 0xA1, 0xB5, 0x39, 0x88, 0x5F, 0xE3, 0x21, 0x72, 0x8D, 0x8B, 0x98,
    0x35, 0x3E, 0x62, 0xB1, 0x38, 0x89, 0x56, 0xE3, 0x25, 0x31, 0x14, 0x23, 0x4D, 0xA4, 0x16, 0x3F,
    0x71, 0x6A, 0x1C, 0xC5, 0xA9, 0xF1, 0x14, 0x81, 0xC9, 0x55, 0x6C, 0x1A, 0x5F, 0xB1, 0x69, 0x9C,
    0x45, 0x66, 0xF2, 0x16, 0x9B, 0xC6, 0x5D, 0x6C, 0x1A, 0x7F, 0x11, 0x9B, 0x1C, 0x46, 0xA5, 0xF1,
    0x98, 0x0C, 0x8A, 0x91, 0x32, 0x2A, 0x8D, 0xCF, 0xA8, 0x0C, 0x4E, 0xE3, 0xD1, 0x78, 0x8D, 0x47,
    0xE3, 0x36, 0x5A, 0x83, 0xDF, 0x78, 0x34, 0x8E, 0x23, 0xD1, 0x78, 0x8E, 0x42, 0xE7, 0x3A, 0x06,
    0x8D, 0xEF, 0x18, 0x34, 0xCE, 0x63, 0xD0, 0x78, 0x8F, 0x61, 0xEC, 0xE3, 0xD3, 0xA5, 0x02, 0xC3,
    0xE5, 0x7C, 0x7C, 0xC0, 0xFF, 0x7D, 0x7C, 0x40, 0x0C, 0x68, 0xE2, 0xF6, 0x55, 0xA0, 0x89, 0xDB,
    0x57, 0x82, 0x24, 0x8A, 0xB5, 0x20, 0x89, 0x89, 0xCE, 0x45, 0x14, 0x2B, 0x42, 0x11, 0x83, 0xA7,
    0x09, 0x45, 0x0C, 0x9E, 0x2E, 0x0C, 0x31, 0x78, 0xCA, 0x30, 0xC4, 0xE0, 0xA9, 0x43, 0x10, 0x83,
    0xA7, 0x0F, 0x3F, 0x14, 0x6B, 0x44, 0x0F, 0x89, 0xA7, 0x12, 0x3D, 0x0C, 0x9E, 0x56, 0xDC, 0x50,
    0xAC, 0x16, 0x37, 0x24, 0x9E, 0x5E, 0xDC, 0x90, 0x78, 0x7A, 0x91, 0x43, 0xE2, 0x29, 0xC6, 0x0D,
    0xC5, 0x9A, 0x71, 0xC3, 0xE3, 0xA9, 0xC6, 0x0D, 0x8F, 0xA7, 0x1B, 0x37, 0x3C, 0x9E, 0x6E, 0xE4,
    0xF0, 0x78, 0xCA, 0x71, 0x43, 0x31, 0xE7, 0x50, 0x79, 0xDA, 0x91, 0x43, 0xE5, 0xA9, 0xC7, 0x0D,
    0xC5, 0xFA, 0x71, 0xC3, 0xE6, 0x29, 0xC8, 0x0D, 0x9B, 0x27, 0x68, 0x6E, 0xF8, 0x10, 0xC9, 0x2E,
    0x62, 0xC2, 0xFB, 0xC8, 0x0C, 0xC3, 0x34, 0x89, 0x0B, 0xEF, 0x25, 0x1E, 0x9C, 0x9B, 0xD8, 0xF0,
    0x7E, 0xB2, 0xC2, 0x30, 0x8D, 0x62, 0xC4, 0x7B, 0x8A, 0x09, 0xEB, 0x2A, 0x4E, 0xBC, 0xAF, 0x8C,
    0x30, 0x4C, 0xB3, 0x78, 0xF1, 0xDE, 0xE2, 0xC5, 0xBB, 0x8B, 0x13, 0xE3, 0x2F, 0x1B, 0x0C, 0xD3,
    0x30, 0x6E, 0xBC, 0xC7, 0xD8, 0xD0, 0x2E, 0x53, 0xC1, 0x30, 0x3D, 0xE3, 0x47, 0x3B, 0x8D, 0x01,
    0x67, 0x1A, 0xAF, 0xB8, 0xB7, 0x39, 0xA0, 0xA3, 0x58, 0xC0, 0x77, 0x5A, 0x8A, 0x63, 0x31, 0x02,
    0xF0, 0x04, 0xC3, 0xB2, 0x2E, 0x43, 0x4B, 0x8C, 0x00, 0xFC, 0x5F, 0x8C, 0x00, 0x7A, 0xB4, 0x14,
    0x94, 0xFF, 0xA8, 0x35, 0x07, 0x12, 0xD1, 0x50, 0x39, 0x1D, 0x55, 0x0C, 0x73, 0xD3, 0xA8, 0x62,
    0x98, 0x8A, 0x0A, 0x53, 0x4C, 0xA5, 0x34, 0xAA, 0x18, 0x66, 0xA1, 0xC0, 0x14, 0x53, 0x23, 0x85,
    0x2A, 0x06, 0xE9, 0xA3, 0x52, 0xC5, 0x00, 0x25, 0x26, 0x53, 0xC5, 0x80, 0x14, 0x92, 0x60, 0x8A,
    0xE1, 0x03, 0xCA, 0x28, 0x56, 0x81, 0x31, 0x8A, 0x95, 0xE0, 0x8B, 0x62, 0x35, 0xC8, 0x22, 0x36,
    0xF5, 0xE0, 0x8A, 0x62, 0x4D, 0x98, 0xA2, 0x58, 0x17, 0x9E, 0x28, 0x56, 0x86, 0x26, 0x8A, 0xD5,
    0x21, 0x89, 0x62, 0x7D, 0x28, 0x62, 0x33, 0x34, 0x22, 0x88, 0x62, 0x9D, 0xE8, 0xA1, 0x58, 0x29,
    0x76, 0x5C, 0x30, 0x1B, 0x68, 0x8C, 0x19, 0x8A, 0x35, 0xE3, 0x85, 0x42, 0xD7, 0x8D, 0x15, 0x8A,
    0xB5, 0xE3, 0x84, 0x62, 0xF5, 0x28, 0xA1, 0x58, 0x41, 0x42, 0x28, 0x56, 0x91, 0x0E, 0x8A, 0x95,
    0xE4, 0x82, 0x5A, 0x57, 0x93, 0x09, 0x8A, 0xF5, 0x24, 0x82, 0x62, 0x4D, 0x69, 0xA0, 0x58, 0x55,
    0x0A, 0x84, 0xB0, 0x5B, 0x9C, 0x14, 0x1F, 0x2D, 0x80, 0x04, 0xFC, 0x5F, 0x00, 0x09, 0xF8, 0x46,
    0x4C, 0x5B, 0x70, 0x62, 0x7F, 0xA8, 0x36, 0xEA, 0x43, 0x5B, 0xD0, 0x16, 0xA7, 0x62, 0x83, 0xE2,
    0x02, 0x57, 0x0C, 0xD3, 0x03, 0x55, 0x0C, 0x03, 0x5E, 0x90, 0x60, 0x8A, 0x61, 0xC0, 0x2E, 0x88,
    0x62, 0x58, 0xE2, 0xE4, 0x25, 0x5E, 0x53, 0x0B, 0x82, 0x58, 0x6D, 0x2D, 0xB8, 0xA1, 0xF2, 0xB4,
    0xE0, 0x85, 0x97, 0xA7, 0x06, 0x23, 0xFC, 0x51, 0xE2, 0xDC, 0x94, 0xD4, 0xE0, 0x82, 0x93, 0xA3,
    0x08, 0x09, 0x86, 0xD8, 0x5C, 0x6E, 0x08, 0xBE, 0x0F, 0x09, 0xF8, 0xBE, 0xB2, 0x61, 0x02, 0x24,
    0x90, 0x1A, 0x24, 0x20, 0x4D, 0x48, 0x90, 0x4A, 0x24, 0x90, 0x3E, 0x24, 0xE0, 0xFF, 0x3E, 0x24,
    0xE0, 0xFF, 0x3E, 0x24, 0xE0, 0x80, 0x28, 0x8C, 0xF5, 0x3E, 0xA7, 0x50, 0x8C, 0x4C, 0x39, 0xA1,
    0x18, 0xA9, 0x62, 0xF0, 0xF8, 0x8A, 0xC1, 0xE3, 0x2C, 0x06, 0x8F, 0xB7, 0x18, 0x3C, 0xEE, 0xD2,
    0x41, 0x31, 0xF2, 0x45, 0xE2, 0x71, 0x18, 0x1F, 0x12, 0xF0, 0xC6, 0x50, 0x4B, 0x03, 0x04, 0x0A,
    0x00, 0x00, 0x00, 0x06, 0x00, 0xBD, 0x95, 0x6B, 0x1B, 0x02, 0x6A, 0x0C, 0x00, 0x00, 0x00, 0x14,
    0x00, 0x00, 0x00, 0x1E, 0x00, 0x00, 0x00, 0xC0, 0x02, 0x00, 0x00, 0x00, 0x07, 0x00, 0x00, 0x01,
    0x00, 0x00, 0x00, 0x0F, 0x00, 0x12, 0x03, 0x24, 0x15, 0x36, 0x27, 0x38, 0x39, 0x6A, 0x7B, 0x4C,
    0x9D, 0x6E, 0x1F, 0x09, 0x06, 0x01, 0x13, 0x34, 0xE5, 0xF6, 0x96, 0xF7, 0x11, 0x0C, 0xBB, 0x84,
    0x61, 0x27, 0x30, 0xEC, 0x72, 0xD3, 0x96, 0x75, 0xDB, 0x50, 0x21, 0x84, 0x64, 0xB7, 0x2B, 0x60,
    0x78, 0xD3, 0x05, 0x86, 0x47, 0x69, 0xA0, 0x9C, 0xDE, 0x0D, 0x90, 0x2C, 0x40, 0xDE, 0x00, 0xCB,
    0x02, 0xB0, 0x76, 0xDC, 0x04, 0x8A, 0x81, 0x9E, 0x7B, 0x40, 0x31, 0x60, 0x06, 0xC4, 0x55, 0x0C,
    0x3A, 0xB7, 0x80, 0x62, 0x60, 0x05, 0xE2, 0x2A, 0x06, 0x9D, 0x3B, 0x40, 0x31, 0xF8, 0x81, 0xB8,
    0x8A, 0x01, 0x2B, 0xF8, 0x01, 0xE3, 0x4E, 0x20, 0xD9, 0x86, 0x8B, 0x9E, 0x20, 0x69, 0x0A, 0xD7,
    0x4E, 0x10, 0x33, 0x88, 0x62, 0x75, 0xAC, 0xA2, 0x58, 0x13, 0xBF, 0x28, 0x46, 0x17, 0x44, 0x54,
    0x0C, 0xA8, 0x89, 0x5D, 0x14, 0xBB, 0x41, 0x44, 0xC5, 0x80, 0x9A, 0xB8, 0x45, 0xB1, 0x1F, 0x44,
    0x54, 0x0C, 0xD0, 0x13, 0xB3, 0x28, 0x76, 0x84, 0x88, 0x8A, 0x01, 0x35, 0xF1, 0x8A, 0x62, 0x4F,
    0x88, 0xA8, 0x18, 0x50, 0x13, 0x15, 0x59, 0x15, 0x22, 0x2A, 0x06, 0xD4, 0xC4, 0x29, 0x8A, 0xD1,
    0x0B, 0x11, 0x15, 0x03, 0x35, 0x31, 0x8A, 0x62, 0x34, 0x43, 0x44, 0xC5, 0x40, 0x4D, 0x7C, 0xA2,
    0x18, 0xDD, 0x10, 0x51, 0x31, 0x50, 0x13, 0x9B, 0x28, 0x06, 0xEF, 0x10, 0x51, 0x31, 0x3F, 0xD4,
    0xAD, 0x0E, 0xF1, 0xDA, 0x28, 0xD6, 0xB4, 0x45, 0xAA, 0x50, 0xF1, 0x4B, 0x0F, 0x22, 0xA4, 0xD2,
    0xAC, 0x3B, 0xE7, 0x14, 0xFB, 0xC3, 0x94, 0x84, 0x8A, 0x35, 0x23, 0xA5, 0x62, 0x45, 0x58, 0x1A,
    0xE0, 0xAA, 0xD2, 0xF5, 0x93, 0x01, 0x8F, 0x03, 0xEC, 0x0B, 0x10, 0xD9, 0xE0, 0x9B, 0x71, 0xC3,
    0x90, 0x01, 0xF9, 0x0C, 0x03, 0xB2, 0xC0, 0x3D, 0xC3, 0x80, 0x3C, 0x50, 0xCF, 0x30, 0x24, 0xC1,
    0x3C, 0xC3, 0x40, 0x37, 0x78, 0x67, 0x18, 0x40, 0x3D, 0x68, 0x67, 0x18, 0x40, 0x45, 0x58, 0x67,
    0x18, 0x40, 0x4D, 0x48, 0x67, 0x18, 0x20, 0x2A, 0x9C, 0x33, 0x0C, 0xA0, 0x2E, 0x94, 0x33, 0x0C,
    0x66, 0xF7, 0x7D, 0x63, 0x42, 0x27, 0xC5, 0xCE, 0x30, 0x63, 0x93, 0xE7, 0x63, 0x32, 0x19, 0x5E,
    0xE6, 0x92, 0x61, 0x7A, 0xA6, 0x92, 0xE1, 0x69, 0x26, 0x19, 0xA6, 0x6B, 0x22, 0x19, 0xA6, 0x6D,
    0x1E, 0x19, 0xFE, 0xA6, 0x91, 0x61, 0x1A, 0x67, 0x91, 0xE1, 0x73, 0x12, 0x19, 0xA6, 0x75, 0x0E,
    0x19, 0x7E, 0xA7, 0x90, 0x61, 0x9A, 0x67, 0x90, 0xE1, 0x7B, 0x02, 0x19, 0xA6, 0x7D, 0xFE, 0x18,
    0xA6, 0x7F, 0xFA, 0x18, 0x1E, 0x68, 0x8F, 0x61, 0x3A, 0x28, 0x8F, 0xE1, 0x85, 0xEE, 0x18, 0xA6,
    0x87, 0xEA, 0x18, 0x9E, 0x68, 0x8E, 0x61, 0xBA, 0x28, 0x8E, 0xE1, 0x8D, 0xDE, 0x18, 0xA6, 0x8F,
    0xDA, 0x18, 0xA6, 0x91, 0xD6, 0x18, 0x3E, 0x29, 0x8D, 0x61, 0x5A, 0xE9, 0x8C, 0xE1, 0x97, 0xCA,
    0x18, 0xA6, 0x99, 0xC6, 0x18, 0xBE, 0x29, 0x8C, 0x61, 0xDA, 0xE9, 0x8B, 0xE1, 0x9F, 0xBA, 0x18,
    0xA6, 0xA1, 0xB6, 0x18, 0xA6, 0xA3, 0xB2, 0x18, 0x5E, 0xEA, 0x8A, 0x61, 0x7A, 0xAA, 0x8A, 0xE1,
    0xA9, 0xA6, 0x18, 0xA6, 0xAB, 0xA2, 0x18, 0xDE, 0xEA, 0x89, 0x61, 0xFA, 0xAA, 0x89, 0xE1, 0xB1,
    0x96, 0x18, 0xA6, 0xB3, 0x92, 0x18, 0x5E, 0xEB, 0x88, 0x61, 0x7A, 0xAB, 0x88, 0xE1, 0xB9, 0x86,
    0x18, 0xBE, 0x2B, 0x88, 0x61, 0xDA, 0xEB, 0x87, 0xE1, 0xBF, 0x7A, 0x18, 0xA6, 0xC1, 0x76, 0x18,
    0x3E, 0x2C, 0x87, 0x61, 0x5A, 0xEC, 0x86, 0xE1, 0xC7, 0x6A, 0x18, 0xA6, 0xC9, 0x66, 0x18, 0xBE,
    0x2C, 0x86, 0x61, 0xDA, 0xEC, 0x85, 0xE1, 0xCF, 0x5A, 0x18, 0xA6, 0xD1, 0x56, 0x18, 0x3E, 0x2D,
    0x85, 0x61, 0x5A, 0xED, 0x84, 0xE1, 0xD7, 0x4A, 0x18, 0xA6, 0xD9, 0x46, 0x18, 0xBE, 0x2D, 0x84,
    0x61, 0xDA, 0xED, 0x83, 0xE1, 0xDF, 0x3A, 0x18, 0x1E, 0x6E, 0x83, 0x61, 0x3A, 0x2E, 0x83, 0xE1,
    0xE5, 0x2E, 0x18, 0xA6, 0xE7, 0x2A, 0x18, 0x9E, 0x6E, 0x82, 0x61, 0xBA, 0x2E, 0x82, 0xE1, 0xED,
    0x1E, 0x18, 0xA6, 0xEF, 0x1A, 0x18, 0x1E, 0x6F, 0x81, 0x63, 0x85, 0x0C, 0xD0, 0x23, 0xC0, 0x58,
    0x63, 0x18, 0xA0, 0x48, 0x80, 0x17, 0x02, 0xD3, 0x2F, 0xBC, 0x5B, 0x25, 0x7B, 0x87, 0x51, 0xE2,
    0x1F, 0x8A, 0x15, 0x60, 0x88, 0x62, 0xB0, 0x01, 0x41, 0x14, 0x03, 0x56, 0xB0, 0x87, 0x18, 0xA6,
    0x05, 0x82, 0x18, 0x06, 0xFA, 0xC0, 0x0F, 0xC3, 0x32, 0x8A, 0x4E, 0x71, 0x41, 0x2A, 0xEA, 0x41,
    0x0C, 0x7F, 0xEE, 0xE2, 0xF3, 0x0F, 0x43, 0x1C, 0x40, 0x27, 0x8A, 0x18, 0x27, 0x50, 0x0C, 0x3E,
    0x20, 0x95, 0x62, 0x5E, 0x75, 0x40, 0x31, 0xB0, 0x02, 0xA9, 0x14, 0x03, 0xB5, 0xCA, 0x2C, 0xD0,
    0x81, 0x54, 0x8A, 0x01, 0x9D, 0xE0, 0x94, 0x62, 0x4E, 0x35, 0x40, 0x31, 0xB0, 0x05, 0xA7, 0x14,
    0x03, 0x17, 0x7C, 0x81, 0x6E, 0x37, 0x90, 0x6C, 0xC3, 0xDD, 0x42, 0xFF, 0x71, 0xF1, 0xD5, 0xE0,
    0x8C, 0x8B, 0x3F, 0x50, 0x4B, 0x03, 0x04, 0x0A, 0x00, 0x00, 0x00, 0x06, 0x00, 0xBD, 0x95, 0x6B,
    0x1B, 0xB8, 0xA5, 0x10, 0x00, 0x00, 0x00, 0x1C, 0x00, 0x00, 0x00, 0x74, 0x02, 0x00, 0x00, 0xEE,
    0x12, 0x00, 0x00, 0x58, 0x0B, 0x00, 0x00, 0xD2, 0x17, 0x00, 0x00, 0x01, 0x00, 0x00, 0x00, 0x0F,
    0x00, 0x12, 0x03, 0x24, 0x15, 0x36, 0x27, 0x38, 0x39, 0x6A, 0x7B, 0x4C, 0x9D, 0x6E, 0x1F, 0x09,
    0x06, 0x01, 0x13, 0x34, 0xE5, 0xF6, 0x96, 0xF7, 0x19, 0x0C, 0x3B, 0x59, 0x01, 0xC3, 0x7B, 0x97,
    0x30, 0x3C, 0x81, 0x65, 0x4F, 0x18, 0x00, 0xF9, 0x9F, 0x01, 0x47, 0x03, 0xBC, 0x09, 0x50, 0x32,
    0xC0, 0x80, 0x00, 0x6D, 0x06, 0x18, 0xA6, 0x6B, 0x0A, 0x18, 0x9E, 0xE6, 0x80, 0xE1, 0x67, 0x12,
    0x18, 0x3E, 0xA6, 0x81, 0xE1, 0x61, 0x1E, 0x18, 0xFE, 0x25, 0x82, 0xE1, 0x5B, 0x2A, 0x18, 0x9E,
    0xE5, 0x82, 0xE1, 0x57, 0x32, 0x18, 0x3E, 0xA5, 0x83, 0xE1, 0x51, 0x3E, 0x18, 0xFE, 0x24, 0x84,
    0xE1, 0x4B, 0x4A, 0x18, 0x9E, 0xE4, 0x84, 0xE1, 0x47, 0x52, 0x18, 0x3E, 0xA4, 0x85, 0xE1, 0x41,
    0x5E, 0x18, 0xFE, 0x23, 0x86, 0xE1, 0x3B, 0x6A, 0x18, 0x9E, 0xE3, 0x86, 0xE1, 0x37, 0x72, 0x18,
    0x5E, 0x63, 0x87, 0xE1, 0x31, 0x7E, 0x18, 0xFE, 0x22, 0x88, 0xE1, 0x2D, 0x86, 0x18, 0x9E, 0xE2,
    0x88, 0xE1, 0x27, 0x92, 0x18, 0x5E, 0x62, 0x89, 0xE1, 0x21, 0x9E, 0x18, 0xFE, 0x21, 0x8A, 0xE1,
    0x1D, 0xA6, 0x18, 0x9E, 0xE1, 0x8A, 0xE1, 0x17, 0xB2, 0x18, 0x5E, 0x61, 0x8B, 0xE1, 0x11, 0xBE,
    0x18, 0xFE, 0x20, 0x8C, 0xE1, 0x0D, 0xC6, 0x18, 0x9E, 0xE0, 0x8C, 0xE1, 0x07, 0xD2, 0x18, 0x5E,
    0x60, 0x8D, 0xE1, 0xDC, 0x6A, 0x18, 0xF0, 0x28, 0x6F, 0x96, 0x61, 0xE0, 0x96, 0x24, 0xC3, 0x60,
    0xC6, 0x84, 0x2D, 0x63, 0xC3, 0x00, 0x2F, 0xB2, 0xC2, 0x30, 0x00, 0xEB, 0x08, 0x32, 0x0C, 0x60,
    0xEE, 0x20, 0xC3, 0x00, 0xC2, 0xEA, 0xCB, 0x30, 0x90, 0x55, 0x36, 0x78, 0x3D, 0x85, 0x70, 0xB9,
    0xCE, 0xDC, 0xC0, 0xF0, 0x24, 0x1D, 0x0C, 0xEF, 0x6A, 0xD8, 0xB5, 0x84, 0xEE, 0x00, 0x6D, 0x03,
    0xEC, 0x0C, 0xB0, 0x2B, 0xC0, 0x2F, 0xA3, 0xEB, 0x03, 0xB5, 0x0C, 0xE3, 0x05, 0x86, 0x4F, 0x28,
    0x70, 0xE0, 0xC0, 0x91, 0x04, 0x09, 0x66, 0x2C, 0x88, 0x60, 0xF9, 0x88, 0x02, 0x09, 0x0A, 0x44,
    0x30, 0x7C, 0x81, 0xD7, 0x8D, 0xBA, 0x68, 0x3F, 0x10, 0x5D, 0xE8, 0x7E, 0x90, 0x00, 0xE8, 0x5C,
    0xA0, 0xDC, 0x0B, 0x3C, 0xF3, 0x06, 0xC7, 0x13, 0xE8, 0xEE, 0x75, 0x67, 0x98, 0xE1, 0x72, 0x3C,
    0xC1, 0xF3, 0x0B, 0x07, 0x3C, 0x97, 0xDC, 0xEA, 0x34, 0xF4, 0x08, 0x0B, 0x2A, 0x98, 0xC6, 0x03,
    0x22, 0xC0, 0x9D, 0xAC, 0x2F, 0x50, 0xD8, 0x1F, 0x28, 0xBA, 0xA6, 0xBB, 0x6F, 0x9A, 0x49, 0xF7,
    0x5C, 0x7E, 0xC3, 0x17, 0x08, 0xFB, 0x80, 0x11, 0xDA, 0xE6, 0x0C, 0x09, 0x6C, 0x6D, 0x68, 0x2F,
    0xA0, 0xBF, 0xE9, 0x0F, 0x44, 0xE7, 0x56, 0x6D, 0xB7, 0xDD, 0xB0, 0xD5, 0xD7, 0x6C, 0x6B, 0x2F,
    0x60, 0xBE, 0xA7, 0x03, 0x3A, 0xA3, 0xBF, 0x28, 0xD0, 0xC0, 0x33, 0x4F, 0xB0, 0xF6, 0x08, 0xA2,
    0x1B, 0x73, 0xD1, 0x3D, 0xDB, 0x7F, 0x47, 0x1B, 0xDE, 0x1F, 0x14, 0x38, 0x21, 0xEC, 0xB4, 0x6E,
    0xBB, 0x70, 0xE6, 0x9D, 0x72, 0xE5, 0x33, 0x88, 0xB2, 0x37, 0x78, 0xE6, 0x0E, 0x07, 0x1A, 0x34,
    0xE8, 0x20, 0x6F, 0xDB, 0xAD, 0x0B, 0xC4, 0xB3, 0xE7, 0xD2, 0x72, 0x83, 0x0F, 0x88, 0x0B, 0xBA,
    0x27, 0xCB, 0x55, 0xF5, 0xDB, 0xDF, 0x2E, 0x60, 0x32, 0x2B, 0xEE, 0x2B, 0xFB, 0xAF, 0x28, 0x09,
    0x92, 0x0D, 0x5D, 0x5A, 0x65, 0x79, 0x09, 0x65, 0x53, 0x5F, 0x1E, 0x41, 0x73, 0x69, 0x15, 0xEF,
    0x02, 0xCA, 0xC4, 0xDA, 0xCD, 0xAE, 0xA8, 0x2F, 0x58, 0xE0, 0xF9, 0x02, 0x65, 0x92, 0x78, 0xFB,
    0xDA, 0x0D, 0x9C, 0xE6, 0x09, 0x03, 0x8C, 0x89, 0x35, 0x5B, 0x56, 0x65, 0x2F, 0xE1, 0xDD, 0x13,
    0x74, 0x73, 0x05, 0xC7, 0x0D, 0xD1, 0x1B, 0x12, 0x18, 0x8B, 0x4E, 0x40, 0x1C, 0xD1, 0x0B, 0x64,
    0x90, 0x25, 0xAC, 0x7D, 0x03, 0xDB, 0xE9, 0xDD, 0xDF, 0x3D, 0x5B, 0x15, 0x27, 0x30, 0x4D, 0x12,
    0x5C, 0xC0, 0x5C, 0xB5, 0x65, 0x27, 0xE7, 0x0F, 0x9C, 0x4B, 0xD5, 0x12, 0x5F, 0x70, 0x7B, 0xD5,
    0x46, 0x57, 0x50, 0x14, 0x2B, 0x3B, 0xA1, 0xEA, 0x6E, 0xBC, 0x25, 0x84, 0x54, 0x6F, 0xB2, 0xC4,
    0x5F, 0x40, 0xD8, 0xE1, 0x69, 0x8A, 0x09, 0x86, 0xA2, 0x96, 0xB2, 0x32, 0x7F, 0xA0, 0x6E, 0x37,
    0x78, 0x20, 0x4B, 0x44, 0x70, 0xD0, 0x2F, 0x98, 0xA2, 0x15, 0xE5, 0x0A, 0x9E, 0xAD, 0x28, 0xBB,
    0xF3, 0x05, 0xC2, 0xA8, 0x02, 0xCE, 0x96, 0x2C, 0x53, 0xD3, 0xAD, 0x75, 0x80, 0xBF, 0x64, 0x8F,
    0xB2, 0x64, 0xE2, 0x6E, 0xF9, 0xF6, 0x80, 0x15, 0x96, 0x2C, 0x59, 0x76, 0x83, 0x05, 0x1A, 0xAB,
    0xFE, 0x82, 0xC0, 0x9A, 0x3D, 0x81, 0x5A, 0xF5, 0x1B, 0x7D, 0x62, 0xEA, 0x89, 0x3C, 0xA0, 0x83,
    0xC6, 0x37, 0xB8, 0x3E, 0xD0, 0xB7, 0x5C, 0x4F, 0xE0, 0x2A, 0xF6, 0x56, 0xD5, 0x56, 0x87, 0x21,
    0x7C, 0xB3, 0xA6, 0x5B, 0xA2, 0x1D, 0xD5, 0x70, 0x6F, 0x74, 0x03, 0x41, 0xA2, 0xC2, 0x66, 0x5C,
    0x6D, 0x80, 0x0E, 0xDD, 0xED, 0x0A, 0xDA, 0x4C, 0xDD, 0xD5, 0x73, 0xCD, 0xF6, 0x75, 0xA5, 0x3C,
    0x82, 0x71, 0x9E, 0xA0, 0x0B, 0x52, 0x5E, 0x71, 0x74, 0x2E, 0xC9, 0x7E, 0x60, 0x1A, 0xAB, 0xB6,
    0xB7, 0xB5, 0x01, 0x11, 0x47, 0x70, 0x4F, 0x39, 0xD5, 0x93, 0xC5, 0xAE, 0x11, 0x22, 0x40, 0xD2,
    0x23, 0xC2, 0xB2, 0xAA, 0x9B, 0x8F, 0xB9, 0xC2, 0xEB, 0x0D, 0x76, 0xBC, 0x47, 0x00, 0xD1, 0xD2,
    0x96, 0xD1, 0xB9, 0xA5, 0x57, 0x10, 0xFD, 0xC1, 0x05, 0xD1, 0xCD, 0xDB, 0x59, 0xAD, 0xE5, 0x03,
    0x1F, 0x40, 0x87, 0x74, 0xCF, 0x8D, 0xD9, 0xBE, 0x0A, 0x79, 0x8D, 0x09, 0xF2, 0xAD, 0x79, 0x05,
    0xCD, 0x16, 0x3A, 0x2C, 0xBC, 0xD6, 0x95, 0x2F, 0x54, 0xBD, 0x81, 0xEA, 0xE6, 0x92, 0xC2, 0x31,
    0xEB, 0xC6, 0xBE, 0xC0, 0x5D, 0x4A, 0x20, 0x6B, 0x6A, 0xBA, 0xD8, 0x76, 0x81, 0x10, 0xA2, 0x64,
    0xDC, 0x27, 0x88, 0x7E, 0x21, 0x80, 0x2C, 0x31, 0x7B, 0x93, 0x4A, 0xD2, 0x64, 0xFB, 0x16, 0xB6,
    0xA4, 0xDB, 0xE5, 0xDB, 0xE3, 0x9B, 0xD8, 0xDD, 0xB6, 0x13, 0x88, 0xA6, 0x9E, 0xB2, 0xA7, 0x7D,
    0xC1, 0xE1, 0xFA, 0x81, 0x71, 0xD9, 0xD7, 0x01, 0x82, 0xC7, 0x2A, 0x57, 0xE8, 0x6C, 0xBB, 0x6B,
    0xC5, 0xB5, 0xC5, 0xB2, 0x60, 0xE7, 0x05, 0x5B, 0xBA, 0x2D, 0x4D, 0x2A, 0xC8, 0x9B, 0x5D, 0xF9,
    0x84, 0x08, 0xA2, 0xAD, 0xE3, 0x79, 0x42, 0x01, 0x76, 0x0B, 0xB1, 0x15, 0xF3, 0x00, 0x53, 0xAB,
    0x81, 0xA7, 0xCC, 0xD0, 0xFC, 0xC0, 0x53, 0xD4, 0x37, 0x43, 0xD3, 0x06, 0xA6, 0xE4, 0x06, 0x98,
    0xA4, 0x01, 0xD2, 0xCC, 0x01, 0xE0, 0x25, 0x56, 0xF7, 0x77, 0xA9, 0x6D, 0xD6, 0x5E, 0xE0, 0xCF,
    0xDA, 0xA0, 0x9A, 0x24, 0x20, 0x2F, 0x51, 0x6B, 0xC2, 0x83, 0x01, 0x5A, 0x9D, 0xC5, 0x53, 0x79,
    0x5F, 0xC0, 0x8D, 0x0C, 0xFA, 0x05, 0x62, 0xEC, 0x2C, 0x09, 0x4B, 0x0C, 0x5E, 0xF0, 0x8C, 0x7A,
    0x0B, 0xA2, 0xD7, 0x9A, 0x44, 0xE3, 0x1D, 0x90, 0x40, 0xDD, 0xAC, 0xD5, 0x0D, 0xD0, 0xFC, 0xC0,
    0x38, 0xB7, 0x30, 0xED, 0x07, 0x64, 0xD3, 0x11, 0x64, 0x25, 0xE3, 0xEE, 0xE0, 0x8B, 0x2E, 0xA0,
    0xB0, 0x98, 0xF8, 0x0D, 0x03, 0x04, 0x89, 0x99, 0x57, 0x96, 0x54, 0xDB, 0x69, 0xDA, 0x98, 0x5B,
    0xBA, 0x24, 0xCB, 0x59, 0xB4, 0xC0, 0x04, 0x4D, 0xB1, 0x4D, 0x13, 0xEC, 0x11, 0x54, 0x4B, 0xD4,
    0xB6, 0x7A, 0x72, 0xE8, 0x02, 0xC5, 0x23, 0x7A, 0xB8, 0x58, 0x4A, 0xA2, 0x51, 0x25, 0x4C, 0xA2,
    0x74, 0x7C, 0x8B, 0xF5, 0x02, 0x33, 0x14, 0xBE, 0xB4, 0xCD, 0x1A, 0x57, 0x96, 0x60, 0x95, 0x62,
    0xDB, 0x1E, 0x30, 0x41, 0x9D, 0xA8, 0xD1, 0xE7, 0x04, 0x4C, 0x45, 0xDE, 0x62, 0x6F, 0xDB, 0x77,
    0x47, 0xB1, 0xCF, 0xDB, 0x80, 0xA8, 0x4A, 0xE9, 0xF8, 0x80, 0xD6, 0xE2, 0x07, 0xE2, 0x96, 0x78,
    0x47, 0x40, 0x94, 0x8D, 0x8E, 0xEC, 0x9A, 0xD5, 0x4B, 0x5B, 0x2A, 0xF0, 0x40, 0xE0, 0x4A, 0x93,
    0x7D, 0xC1, 0xE7, 0xDB, 0x53, 0x33, 0x78, 0x8B, 0xB5, 0x25, 0x9B, 0xED, 0x05, 0xDA, 0xB2, 0xCF,
    0x36, 0xB9, 0x6C, 0x4F, 0xC4, 0xF4, 0x0B, 0x0B, 0x98, 0x92, 0x0E, 0x38, 0x33, 0x2F, 0x50, 0x17,
    0x5B, 0x53, 0x0F, 0x77, 0x0B, 0x5D, 0x53, 0x7F, 0xFB, 0x80, 0x39, 0xB2, 0x50, 0x51, 0x01, 0xAF,
    0xA7, 0x01, 0x0D, 0x44, 0x81, 0x5A, 0x9B, 0xFD, 0xB5, 0x80, 0xDE, 0x10, 0x65, 0xCB, 0x3C, 0x9B,
    0x14, 0x2F, 0x90, 0x65, 0xBE, 0x00, 0x5A, 0x07, 0xC4, 0x51, 0xBE, 0xD6, 0x02, 0x7F, 0x71, 0x86,
    0x02, 0x04, 0x47, 0x84, 0x2C, 0xE7, 0x2D, 0x92, 0xDD, 0x5B, 0x9C, 0xFD, 0xC1, 0xD1, 0x5A, 0x60,
    0xF1, 0x58, 0x57, 0x02, 0x26, 0x2F, 0xA0, 0x79, 0x14, 0xD7, 0x9A, 0xE0, 0x4E, 0xFC, 0x00, 0xE1,
    0x5B, 0xE6, 0xAA, 0xC2, 0x03, 0x49, 0x2C, 0x69, 0xBA, 0x41, 0xBC, 0x95, 0xD3, 0x07, 0x0F, 0x2A,
    0x88, 0x04, 0xEC, 0xF0, 0xE8, 0x0A, 0x91, 0xCD, 0x03, 0x6C, 0xCD, 0x82, 0xD6, 0x03, 0x4B, 0x71,
    0x0B, 0xEB, 0x7C, 0xC0, 0x9E, 0xA5, 0xDA, 0x1F, 0x4C, 0xCD, 0x25, 0x3C, 0xFB, 0x02, 0x2C, 0x73,
    0x04, 0x65, 0xEB, 0x81, 0x38, 0x8B, 0x2F, 0xCB, 0x2B, 0xEA, 0x84, 0xE7, 0x07, 0x3C, 0xAF, 0x32,
    0x20, 0x85, 0xE3, 0x3C, 0xB2, 0xFF, 0x28, 0xE6, 0x35, 0x51, 0x02, 0x94, 0x0D, 0x50, 0x07, 0x9B,
    0x9C, 0x33, 0xC0, 0xAC, 0x00, 0xC7, 0xEC, 0x5C, 0xC7, 0xB2, 0x91, 0xDD, 0xCA, 0x45, 0xF6, 0x2A,
    0x2B, 0xCF, 0xA9, 0x34, 0x35, 0xC0, 0xA9, 0x06, 0xCA, 0x55, 0xA0, 0x88, 0x62, 0x8F, 0x79, 0x30,
    0xC4, 0xBF, 0xB7, 0x30, 0xCD, 0x05, 0x86, 0xB8, 0x5A, 0x0B, 0xE4, 0x6D, 0x54, 0x87, 0x77, 0xE0,
    0x0F, 0x0C, 0x31, 0x96, 0x19, 0x87, 0x5D, 0xAD, 0xCA, 0xDE, 0xE5, 0xC9, 0x3C, 0x45, 0x03, 0x86,
    0x88, 0xB2, 0x21, 0x3F, 0x40, 0x5C, 0x09, 0x94, 0x51, 0x80, 0xC4, 0x7E, 0xCD, 0x47, 0xF4, 0xDB,
    0x13, 0x7C, 0x40, 0xC3, 0xF3, 0x82, 0x0D, 0x84, 0x6B, 0xFA, 0x04, 0xCF, 0xCA, 0xE0, 0xDB, 0xFA,
    0x64, 0xEE, 0xB6, 0x56, 0xC7, 0x8B, 0xF8, 0x92, 0xDC, 0xDB, 0xEC, 0x8B, 0x6D, 0x9E, 0xE0, 0x0B,
    0x56, 0x2E, 0xE1, 0x25, 0xDB, 0x92, 0xED, 0xFA, 0x05, 0xBB, 0xC1, 0xCA, 0x55, 0x41, 0xCD, 0x61,
    0x4B, 0xB7, 0xEA, 0x86, 0x6F, 0xE5, 0x92, 0x74, 0xAB, 0x2B, 0x4E, 0xD9, 0xB4, 0xD9, 0xC9, 0xF2,
    0x2B, 0xB7, 0x8E, 0xA7, 0x06, 0x50, 0x5B, 0x8E, 0x54, 0xB9, 0x32, 0xC8, 0x4A, 0xA4, 0x28, 0xA5,
    0x64, 0x9F, 0xA1, 0x03, 0x6E, 0x4F, 0xCE, 0x24, 0xD9, 0x2C, 0x52, 0x09, 0xC0, 0xB2, 0x3D, 0xC8,
    0x2C, 0x34, 0x42, 0x97, 0xAC, 0xA5, 0x50, 0xD3, 0xB9, 0x16, 0x7B, 0xA2, 0x74, 0x7D, 0xB6, 0xE9,
    0x41, 0x4C, 0xFB, 0xC3, 0x02, 0xEF, 0xD2, 0xE8, 0x46, 0x18, 0xD4, 0x34, 0x6B, 0xFE, 0x01, 0x33,
    0x37, 0x50, 0x2E, 0x48, 0x39, 0x88, 0xAA, 0x2D, 0xCB, 0x1E, 0xF0, 0x40, 0xA3, 0x31, 0xC9, 0xE3,
    0x05, 0x09, 0xA8, 0x49, 0x03, 0x82, 0x18, 0x93, 0x7C, 0x4C, 0xB9, 0xB6, 0x60, 0x61, 0x25, 0x13,
    0x7D, 0x25, 0x08, 0x12, 0xC1, 0x9E, 0x58, 0x1D, 0xBC, 0x80, 0x66, 0xC9, 0x50, 0x0D, 0xDD, 0x18,
    0xBD, 0x40, 0xC5, 0x66, 0x5B, 0xB1, 0x72, 0x87, 0x80, 0x6C, 0xE7, 0x54, 0xA9, 0x7F, 0xE0, 0x6D,
    0xCE, 0x20, 0x91, 0x2D, 0x5A, 0x4A, 0x81, 0x13, 0xC4, 0x30, 0xCE, 0x8A, 0x2C, 0x63, 0xCB, 0xA1,
    0x59, 0x28, 0xBB, 0x81, 0xC0, 0xA1, 0x05, 0x10, 0x06, 0x0F, 0xF0, 0x0B, 0xED, 0xFA, 0x03, 0xBB,
    0x69, 0x71, 0x90, 0xCD, 0xE5, 0x23, 0xF6, 0xB2, 0xB4, 0x63, 0x74, 0xB9, 0x34, 0x7D, 0x30, 0xBB,
    0x6C, 0xF3, 0xB5, 0x40, 0xC0, 0xD0, 0x00, 0xA7, 0x90, 0xAD, 0x5C, 0x31, 0xDA, 0xA6, 0xA8, 0x05,
    0x10, 0x8A, 0x40, 0xED, 0x0F, 0x44, 0xAA, 0x9C, 0x13, 0xB3, 0xAA, 0x06, 0x36, 0x51, 0x05, 0x1C,
    0x7C, 0x76, 0xCE, 0xFE, 0xC4, 0x16, 0x8B, 0x11, 0x72, 0xB7, 0x71, 0x89, 0x45, 0xD5, 0x02, 0x43,
    0x94, 0xA8, 0xAD, 0xE0, 0x1D, 0xD0, 0xC4, 0xB3, 0xD1, 0x59, 0x74, 0x81, 0x85, 0x65, 0x3F, 0x6B,
    0x11, 0x47, 0xCB, 0x6B, 0xC8, 0xCF, 0x92, 0x5A, 0x68, 0x7F, 0xB2, 0x61, 0x8B, 0x5D, 0x71, 0xAE,
    0xEB, 0x86, 0xFB, 0x83, 0x45, 0x4F, 0xE0, 0x6F, 0x96, 0x2D, 0x7D, 0xB4, 0x50, 0xB3, 0xC7, 0xF3,
    0x11, 0xB3, 0xCE, 0xC0, 0x64, 0x75, 0x09, 0x6B, 0xB2, 0x43, 0x97, 0xA6, 0x65, 0xF3, 0x5E, 0x38,
    0xE0, 0xA7, 0xA9, 0x01, 0x3E, 0xB3, 0x6C, 0x69, 0x5A, 0xA2, 0x64, 0xD5, 0xAE, 0x10, 0xC1, 0xE0,
    0xC9, 0xE6, 0x52, 0x1E, 0xC3, 0x0D, 0x2A, 0x28, 0x7C, 0xE9, 0x97, 0xD7, 0xA5, 0x4E, 0x06, 0x95,
    0xEF, 0x04, 0x66, 0x96, 0xB9, 0x2F, 0x62, 0xCC, 0x54, 0xCB, 0x67, 0x7D, 0x90, 0x5C, 0xA5, 0xF2,
    0xCC, 0xF0, 0x60, 0xE5, 0xD6, 0x31, 0x44, 0x6D, 0x99, 0x77, 0x11, 0x99, 0xCF, 0x12, 0x81, 0x05,
    0x0A, 0x57, 0x38, 0x90, 0x60, 0x00, 0xD1, 0xA5, 0xF2, 0x92, 0xBC, 0x8B, 0xAA, 0x31, 0x88, 0x69,
    0xB1, 0xC1, 0x67, 0xFB, 0x32, 0xD3, 0xAD, 0x29, 0x56, 0xBD, 0x88, 0xD8, 0x61, 0x43, 0x12, 0x81,
    0x6C, 0x1F, 0xCF, 0x3A, 0x61, 0x4D, 0x99, 0xEC, 0xD9, 0x9F, 0x2D, 0x6A, 0x5F, 0x00, 0xF2, 0xA5,
    0xB7, 0xA9, 0xC2, 0x74, 0x03, 0x71, 0x96, 0x7C, 0xBB, 0x1C, 0x19, 0x3D, 0x9B, 0xB7, 0x71, 0x79,
    0x7C, 0x65, 0xE0, 0x53, 0x45, 0xCE, 0xFE, 0xA1, 0xDA, 0xC2, 0x28, 0x57, 0x57, 0x53, 0x46, 0x18,
    0x60, 0xF7, 0xA9, 0xE0, 0x3F, 0x54, 0x6C, 0x35, 0xD0, 0xAC, 0x0C, 0xC8, 0x6C, 0x27, 0x57, 0xCE,
    0x75, 0x81, 0xE6, 0x88, 0x90, 0x04, 0x35, 0xEC, 0x6D, 0x17, 0x70, 0x4E, 0xC5, 0xA6, 0x49, 0x2D,
    0x91, 0x40, 0x09, 0x8C, 0xF1, 0x8F, 0x07, 0x6E, 0x86, 0x74, 0x8E, 0x74, 0x42, 0x47, 0xA8, 0x20,
    0x9C, 0x1F, 0x98, 0x1C, 0x12, 0x43, 0xE4, 0x71, 0x92, 0x09, 0x92, 0x96, 0xE0, 0xB6, 0x72, 0x01,
    0xA1, 0x42, 0x15, 0xEF, 0x71, 0x41, 0x44, 0xA3, 0x7A, 0xB6, 0xE8, 0xBE, 0x16, 0x48, 0xE9, 0xD4,
    0x35, 0x3F, 0x90, 0x05, 0x6E, 0x60, 0x97, 0x09, 0x26, 0x9F, 0xC0, 0xDE, 0xAE, 0xE5, 0xCF, 0x6E,
    0x20, 0xB3, 0x84, 0xF5, 0x2C, 0xE1, 0x9B, 0xCD, 0xA2, 0x3D, 0x94, 0x65, 0x5D, 0x95, 0x3D, 0x83,
    0x2D, 0x4A, 0x5A, 0xC2, 0xCA, 0x02, 0x49, 0xC5, 0x6D, 0x07, 0x49, 0x05, 0x04, 0x24, 0x15, 0x60,
    0xF0, 0x55, 0xC0, 0xAF, 0x6A, 0x00, 0xD3, 0x60, 0xB4, 0xC9, 0x1E, 0xB6, 0xF4, 0x96, 0x11, 0xB6,
    0x05, 0x2D, 0x1A, 0x41, 0x1E, 0xC7, 0x2E, 0xD5, 0xC2, 0x9D, 0x40, 0x48, 0x55, 0x8F, 0x0C, 0xAE,
    0x66, 0x59, 0x99, 0xC2, 0x31, 0x61, 0x17, 0x10, 0xF0, 0x19, 0x54, 0xEA, 0xE1, 0xCD, 0xFE, 0x30,
    0x80, 0x42, 0x55, 0x07, 0xA0, 0x2E, 0x6F, 0x6E, 0x22, 0xF1, 0x04, 0x2A, 0x4A, 0x72, 0x9C, 0x17,
    0xC8, 0x2C, 0xEE, 0xA1, 0xA1, 0xA2, 0x7C, 0x4B, 0x13, 0x7C, 0x74, 0x6A, 0x48, 0x76, 0x95, 0xAC,
    0x0A, 0x3D, 0x60, 0xB4, 0x05, 0x8E, 0x01, 0xAA, 0xA5, 0x2D, 0x07, 0x4F, 0x52, 0x59, 0x16, 0x8A,
    0x0A, 0x0C, 0x90, 0x50, 0x69, 0x02, 0x45, 0x73, 0x07, 0xAB, 0xC5, 0xEA, 0x24, 0x86, 0xA3, 0x05,
    0x2A, 0x89, 0x7B, 0xA8, 0xC9, 0xFE, 0x20, 0xD9, 0x33, 0xD4, 0xAE, 0x94, 0x37, 0x13, 0xAC, 0x12,
    0x1C, 0xA2, 0x8A, 0x54, 0xB6, 0x3B, 0xB8, 0x79, 0x3E, 0xA1, 0x16, 0x68, 0x80, 0xB6, 0x95, 0xC1,
    0xBE, 0x5C, 0x70, 0xD6, 0x1A, 0x32, 0x60, 0x6C, 0x7A, 0x04, 0x23, 0x89, 0xF9, 0xA2, 0xAD, 0xA2,
    0x14, 0x34, 0x49, 0x33, 0xBB, 0x9B, 0x17, 0x24, 0xB0, 0x50, 0xE8, 0x01, 0x23, 0x47, 0xD6, 0x75,
    0x41, 0xB6, 0x5C, 0xD1, 0x04, 0x53, 0xFA, 0x2D, 0x0A, 0xA2, 0x11, 0x3C, 0xC0, 0x1C, 0xD9, 0xB5,
    0x75, 0xA9, 0x10, 0xA1, 0x07, 0xA4, 0x48, 0x25, 0x81, 0x38, 0x4D, 0x43, 0xCB, 0x15, 0x7C, 0x08,
    0x36, 0xE0, 0x3D, 0x40, 0x17, 0x51, 0x11, 0xD2, 0x0F, 0xA4, 0x2A, 0xEB, 0xB2, 0x82, 0x4C, 0x90,
    0x39, 0xEC, 0x32, 0xD8, 0x45, 0xB6, 0x31, 0xB9, 0x81, 0x51, 0x96, 0xFB, 0xC4, 0x96, 0x9B, 0xEF,
    0x08, 0x9A, 0x92, 0x41, 0xAF, 0x88, 0xDC, 0x40, 0xE3, 0x61, 0xAB, 0xAC, 0x03, 0x08, 0x5B, 0x3D,
    0x36, 0xB8, 0xA6, 0x0D, 0xC4, 0x4C, 0xA6, 0x44, 0x43, 0xE9, 0xD4, 0xC9, 0x64, 0x77, 0xA0, 0x60,
    0x9F, 0x9D, 0x06, 0xFB, 0x24, 0x26, 0xFB, 0xEC, 0x2B, 0xFA, 0x80, 0x2B, 0xB2, 0x37, 0xB4, 0xD3,
    0x8C, 0x69, 0x0B, 0xAE, 0x9A, 0x55, 0xA2, 0x7C, 0x68, 0xC9, 0x69, 0x82, 0x43, 0xB3, 0x32, 0xC9,
    0xBA, 0x51, 0xC9, 0x92, 0x2E, 0xE1, 0x1A, 0x9F, 0xBC, 0xC3, 0xD5, 0xB2, 0xF2, 0xEC, 0x15, 0xE9,
    0x01, 0x35, 0x51, 0x1A, 0x01, 0x0F, 0x10, 0x45, 0x96, 0xBD, 0x83, 0x28, 0x28, 0x01, 0x81, 0xC7,
    0x03, 0x76, 0x88, 0x82, 0x53, 0x14, 0x78, 0xE1, 0xA7, 0x2A, 0xC1, 0x0E, 0x33, 0xFB, 0x80, 0x58,
    0x86, 0xB5, 0x34, 0xC0, 0x3F, 0x1B, 0xCB, 0x33, 0x5D, 0x78, 0xDF, 0x70, 0xB1, 0x3C, 0xC1, 0xC2,
    0xB2, 0x13, 0xC6, 0x0C, 0xFE, 0x07, 0x86, 0x55, 0x80, 0x4F, 0x93, 0xB7, 0x83, 0xF1, 0x52, 0x4C,
    0x64, 0x53, 0x9F, 0x67, 0xB8, 0x6E, 0xD3, 0x6A, 0x00, 0xF6, 0xA4, 0xD8, 0x03, 0x44, 0x4B, 0x16,
    0xED, 0x1A, 0x5B, 0xA7, 0x15, 0x0C, 0x13, 0xB1, 0xC0, 0x16, 0x84, 0x07, 0x88, 0xC8, 0x32, 0x0C,
    0x98, 0x8D, 0x01, 0x92, 0xE9, 0x40, 0xB9, 0x8A, 0x94, 0x61, 0x01, 0xC3, 0x03, 0x2C, 0x70, 0x72,
    0x2C, 0x27, 0x42, 0x2E, 0x86, 0x33, 0x68, 0x66, 0x2D, 0x3C, 0x3B, 0x86, 0x1F, 0x90, 0xC1, 0x4B,
    0x39, 0xE2, 0x47, 0xC8, 0xBA, 0x21, 0xF5, 0x88, 0x69, 0x27, 0x10, 0x50, 0xA5, 0xF9, 0x80, 0x0B,
    0x22, 0x9A, 0x0A, 0xB8, 0x10, 0xAC, 0xDA, 0x22, 0x0C, 0xCB, 0x97, 0x01, 0x21, 0xF9, 0x54, 0xB9,
    0x0E, 0x4C, 0xD0, 0xCC, 0x0D, 0x94, 0x93, 0x04, 0x09, 0x12, 0x78, 0x46, 0x44, 0x44, 0x0F, 0x90,
    0xA3, 0xA8, 0xF3, 0x0B, 0x1E, 0x28, 0x46, 0xCC, 0xCB, 0x76, 0x3B, 0x1A, 0xDB, 0x1A, 0x6B, 0x97,
    0x0D, 0x4D, 0x25, 0xF3, 0x02, 0xF7, 0x34, 0x41, 0x04, 0xE1, 0x3A, 0x30, 0x60, 0x80, 0xB6, 0x61,
    0x0F, 0x06, 0x28, 0xA7, 0x09, 0x54, 0x18, 0xEA, 0x6D, 0x39, 0x96, 0x36, 0x4B, 0x33, 0x17, 0xB0,
    0x63, 0xA5, 0x68, 0x36, 0x63, 0xF9, 0x40, 0x00, 0x27, 0x96, 0x9A, 0x32, 0xD6, 0x4E, 0x2D, 0x59,
    0x05, 0x1E, 0xA8, 0x87, 0xDB, 0x70, 0xAC, 0x9E, 0x13, 0x68, 0x1A, 0xBA, 0x60, 0x40, 0x03, 0xF5,
    0x88, 0x6F, 0x17, 0xB0, 0xE1, 0xA9, 0xB3, 0x35, 0x60, 0x82, 0x63, 0xE8, 0x02, 0x29, 0x41, 0x0B,
    0x1C, 0x99, 0x75, 0x04, 0xAA, 0x9D, 0xED, 0x45, 0x6C, 0x85, 0x25, 0x45, 0x35, 0x4B, 0x31, 0x78,
    0x81, 0x28, 0x46, 0x82, 0x02, 0xE4, 0xA2, 0xEC, 0x28, 0x50, 0xC0, 0x04, 0xC2, 0x01, 0x47, 0x03,
    0xC4, 0x08, 0x50, 0x52, 0xE7, 0xFA, 0xC5, 0x00, 0xC3, 0xB4, 0x85, 0xFD, 0x58, 0x7C, 0x3D, 0xD1,
    0x29, 0x6C, 0x9E, 0x4B, 0x68, 0x5D, 0x8F, 0x30, 0xB9, 0x0E, 0x41, 0x75, 0x13, 0xBC, 0x4A, 0x61,
    0x1C, 0xAE, 0x50, 0xCB, 0xE8, 0x5E, 0xCF, 0x15, 0x4C, 0x9E, 0x27, 0x7C, 0xB0, 0xBA, 0x36, 0xA8,
    0xC1, 0xD5, 0x0D, 0x5E, 0x53, 0xED, 0x5A, 0x45, 0x4D, 0x61, 0x71, 0xDD, 0xC2, 0xE2, 0x1A, 0xD1,
    0x69, 0x3D, 0x86, 0x61, 0xC0, 0x8B, 0x2D, 0x49, 0x86, 0xC1, 0x8C, 0x09, 0x5B, 0xC6, 0x86, 0x01,
    0x7E, 0x60, 0x85, 0x61, 0x00, 0xD6, 0x11, 0x64, 0x18, 0xC0, 0xDC, 0x41, 0x86, 0x01, 0x84, 0xD5,
    0x97, 0x61, 0x20, 0x2F, 0x6C, 0xF0, 0x7A, 0x4A, 0x1F, 0x60, 0x49, 0x80, 0x27, 0x03, 0x7A, 0x06,
    0x48, 0x13, 0xA0, 0x9E, 0xD6, 0xF5, 0x87, 0x06, 0x3F, 0x3C, 0x86, 0x42, 0xEC, 0x28, 0xC0, 0x75,
    0xBD, 0x22, 0xC7, 0x01, 0xC5, 0xBA, 0x91, 0x40, 0xB1, 0x6A, 0x48, 0x34, 0xAD, 0x88, 0xF1, 0x40,
    0xB1, 0x5E, 0x44, 0x50, 0xAC, 0x16, 0x13, 0x14, 0x2B, 0xC5, 0x05, 0xC5, 0x3A, 0x91, 0x41, 0xB1,
    0x4A, 0x6C, 0x50, 0xAC, 0x10, 0x1F, 0x14, 0xEB, 0x43, 0x08, 0xC5, 0xEA, 0x30, 0x42, 0xB1, 0x32,
    0x9C, 0x50, 0xAC, 0x0B, 0x29, 0x14, 0xAB, 0xC2, 0x0A, 0xC5, 0x8A, 0xF0, 0x42, 0xB1, 0x1E, 0xC4,
    0x50, 0xAC, 0x06, 0x33, 0x14, 0x2B, 0xC1, 0x0D, 0xC5, 0x3A, 0x90, 0x43, 0xB1, 0x0A, 0x78, 0x44,
    0x83, 0xAA, 0x61, 0x40, 0x0E, 0x38, 0x63, 0x18, 0xF0, 0x1D, 0xB3, 0xE6, 0x32, 0x03, 0xE4, 0x9A,
    0xBA, 0x2C, 0x50, 0xAC, 0x2B, 0x11, 0x14, 0x2B, 0xCA, 0x05, 0xC5, 0x00, 0xEC, 0x94, 0x0A, 0x8A,
    0x01, 0x5F, 0xA8, 0x32, 0x41, 0x31, 0x5A, 0x60, 0x8A, 0x62, 0x00, 0x48, 0x95, 0x08, 0x8A, 0x01,
    0x5F, 0xB8, 0xF2, 0x40, 0x31, 0xC0, 0x56, 0x38, 0xA2, 0x58, 0x21, 0x54, 0x14, 0x2B, 0xDE, 0x23,
    0x84, 0x62, 0x3D, 0x31, 0x21, 0x07, 0x08, 0x50, 0x4B, 0x03, 0x04, 0x0A, 0x00, 0x00, 0x00, 0x06,
    0x00, 0xBD, 0x95, 0x6B, 0x1B, 0x6E, 0x77, 0x0C, 0x00, 0x00, 0x00, 0x14, 0x00, 0x00, 0x00, 0x80,
    0x0A, 0x00, 0x00, 0xB2, 0x07, 0x00, 0x00, 0x98, 0x10, 0x00, 0x00, 0x01, 0x00, 0x00, 0x00, 0x0F,
    0x00, 0x12, 0x03, 0x24, 0x15, 0x36, 0x27, 0x38, 0x39, 0x6A, 0x7B, 0x4C, 0x9D, 0x6E, 0x1F, 0x09,
    0x06, 0x01, 0x13, 0x34, 0xE5, 0xF6, 0x96, 0xF7, 0x11, 0x0C, 0x3B, 0x5D, 0x05, 0xC3, 0x43, 0x38,
    0x76, 0xBD, 0x01, 0x86, 0xF7, 0x6C, 0x60, 0x78, 0xAE, 0x09, 0x86, 0x7F, 0x0C, 0x30, 0x2A, 0x40,
    0xDF, 0x00, 0x1B, 0x03, 0x84, 0x09, 0xB0, 0x27, 0x40, 0x01, 0xDD, 0x3B, 0x94, 0x50, 0x6C, 0xC4,
    0x43, 0x28, 0x06, 0xE0, 0x21, 0x3E, 0x8C, 0x50, 0xEC, 0x12, 0x19, 0x4A, 0x28, 0x06, 0x7C, 0x64,
    0xC3, 0x08, 0xC5, 0x00, 0x1B, 0xA2, 0x45, 0x05, 0xC5, 0xDE, 0xD0, 0x63, 0x81, 0x62, 0x4F, 0x48,
    0x72, 0x40, 0xB1, 0x1B, 0x4C, 0x19, 0xA0, 0xD8, 0x09, 0xAE, 0x28, 0xEE, 0xD8, 0x5D, 0x14, 0xFB,
    0x0B, 0x21, 0x39, 0x8C, 0x61, 0x90, 0xAE, 0x2B, 0x3F, 0xC0, 0xB7, 0x15, 0x2F, 0xB0, 0x45, 0xB1,
    0x0E, 0x64, 0x51, 0x0C, 0xD0, 0x57, 0x0A, 0x28, 0x46, 0xA6, 0x24, 0x70, 0xB6, 0x9E, 0xC8, 0x5B,
    0x0D, 0x8A, 0x44, 0x50, 0xEC, 0x0A, 0x35, 0x32, 0x58, 0x4A, 0x25, 0x5C, 0x15, 0xD8, 0xFF, 0x05,
    0x28, 0x32, 0xE0, 0x71, 0x80, 0x23, 0x03, 0x26, 0x39, 0x1F, 0xE0, 0xC5, 0x80, 0xFF, 0x01, 0x64,
    0x4B, 0xF1, 0x24, 0x9A, 0x01, 0xE5, 0xE9, 0x07, 0x0A, 0x1C, 0xF0, 0xEC, 0x1B, 0x9E, 0x2E, 0xD9,
    0x03, 0x06, 0x08, 0xDE, 0x41, 0x37, 0x0B, 0xFB, 0x80, 0x02, 0x09, 0x0A, 0x58, 0xA6, 0x0F, 0x2C,
    0xC7, 0x5C, 0xB0, 0x9D, 0xBF, 0xE0, 0x99, 0xA5, 0x1F, 0x10, 0x01, 0x7D, 0xCD, 0x17, 0x68, 0xC6,
    0xD2, 0xEB, 0x76, 0x06, 0xF7, 0xB8, 0x81, 0xE5, 0x1B, 0xDC, 0x13, 0xE3, 0x71, 0x6D, 0xD0, 0xA5,
    0x13, 0xA3, 0x67, 0x61, 0xAB, 0x40, 0x05, 0x49, 0x7B, 0x80, 0x7D, 0xC2, 0xFD, 0x05, 0x58, 0x5B,
    0xDA, 0x7D, 0x13, 0xEC, 0xB6, 0x74, 0xCF, 0x7D, 0xD3, 0x0D, 0xA2, 0xED, 0xB8, 0xED, 0xAE, 0xD2,
    0x02, 0xD1, 0xA8, 0xA4, 0x2C, 0x7A, 0x02, 0xE5, 0x16, 0x4D, 0x0C, 0xED, 0x04, 0x13, 0x4C, 0xDB,
    0x75, 0xCD, 0x3F, 0x98, 0xDB, 0xC0, 0x7D, 0x80, 0x57, 0x13, 0xE8, 0x26, 0x9E, 0x4D, 0xDF, 0x9E,
    0x76, 0x02, 0xF3, 0x43, 0x0C, 0xB8, 0x6F, 0x6C, 0xC1, 0x4B, 0xA2, 0x56, 0x01, 0xC6, 0xCD, 0x55,
    0xF4, 0x05, 0xEA, 0x56, 0x85, 0x07, 0x03, 0x52, 0x1C, 0x88, 0x1F, 0x00, 0x60, 0x1B, 0xDB, 0x3D,
    0xC5, 0xDE, 0x0B, 0x3A, 0xF4, 0x8E, 0x2E, 0xFD, 0xFB, 0x00, 0x13, 0x0C, 0xCD, 0xE2, 0x3D, 0x41,
    0xD2, 0x7A, 0x00, 0xFF, 0x00, 0xD3, 0x5C, 0xC0, 0x96, 0x05, 0xED, 0x0B, 0x6C, 0x3B, 0x82, 0x6B,
    0xDF, 0xD7, 0x2F, 0xC7, 0xA5, 0xCB, 0x7E, 0xD9, 0x72, 0x67, 0x63, 0xBA, 0xB8, 0x59, 0xBA, 0x1A,
    0x2C, 0x40, 0x26, 0xC9, 0xEA, 0x80, 0xFC, 0xCE, 0x75, 0xA1, 0x01, 0x24, 0x09, 0x15, 0x05, 0x6B,
    0x26, 0x3C, 0xBF, 0x73, 0x2D, 0x60, 0xDE, 0xFF, 0x07, 0x80, 0x92, 0xBD, 0x7C, 0xC0, 0xB9, 0x64,
    0x7F, 0x00, 0x5C, 0x8E, 0xB2, 0x39, 0x91, 0x01, 0xE2, 0x60, 0x7C, 0xA7, 0x74, 0xC9, 0x5B, 0x78,
    0x22, 0xB5, 0xEF, 0x0C, 0xC2, 0x85, 0xEE, 0x86, 0xB6, 0xAA, 0xCC, 0x78, 0x82, 0x0B, 0xD6, 0xD9,
    0xDE, 0x29, 0xA5, 0xFB, 0xA6, 0x65, 0x68, 0xA6, 0x04, 0xBB, 0x72, 0xD4, 0x7D, 0xD1, 0xF7, 0xCD,
    0x49, 0x1B, 0x90, 0xD9, 0x88, 0x0A, 0xEB, 0x05, 0xEA, 0x4B, 0xDB, 0x01, 0x72, 0x0C, 0x18, 0xB1,
    0xDE, 0xB1, 0x96, 0x78, 0x96, 0xB0, 0x3D, 0x04, 0x1D, 0x9D, 0xE0, 0xBD, 0x64, 0x06, 0x79, 0x91,
    0x3D, 0xBC, 0x6D, 0x95, 0x91, 0xF5, 0xEC, 0x6A, 0xCF, 0x01, 0x06, 0x15, 0x57, 0xAC, 0x4A, 0xB3,
    0x15, 0x6B, 0x54, 0x69, 0xC5, 0x9A, 0x55, 0x59, 0xBA, 0x6A, 0xF1, 0xEB, 0xC1, 0x01, 0x7B, 0x24,
    0x6B, 0x56, 0x81, 0x14, 0xEF, 0x06, 0xE4, 0x51, 0xB6, 0xE2, 0xAD, 0x18, 0x90, 0x89, 0xDE, 0x4E,
    0x31, 0x60, 0x8C, 0x26, 0x2B, 0xE0, 0x06, 0x9D, 0xEB, 0x3C, 0xB6, 0x12, 0x3C, 0x5B, 0x72, 0xC5,
    0xB7, 0x08, 0xF5, 0xAA, 0x5F, 0x94, 0x26, 0x45, 0x01, 0xD4, 0x03, 0x0D, 0xD8, 0xA5, 0x02, 0x13,
    0xC8, 0xD9, 0x11, 0xD8, 0x99, 0x7B, 0x78, 0x7C, 0x07, 0x68, 0xA8, 0xAE, 0x96, 0x57, 0xF0, 0xEE,
    0x16, 0x2C, 0xCF, 0x21, 0x2C, 0x9B, 0x11, 0x24, 0xF8, 0x05, 0x7F, 0x70, 0x8E, 0x00, 0x29, 0x7C,
    0x5B, 0x11, 0xA4, 0xFA, 0x03, 0xA7, 0x27, 0xF3, 0xFE, 0xE0, 0x71, 0xCD, 0x4B, 0x13, 0x10, 0xA2,
    0x0C, 0x9E, 0x3F, 0x18, 0x6C, 0xDB, 0x93, 0x6E, 0x48, 0xD7, 0x45, 0x97, 0xAF, 0x03, 0xE6, 0x28,
    0x87, 0x6F, 0x49, 0x35, 0xFC, 0x82, 0xC2, 0xD5, 0x01, 0x95, 0xAF, 0x06, 0xCA, 0x2D, 0xE8, 0x0B,
    0x4C, 0x6D, 0xE9, 0x5B, 0x48, 0x67, 0x52, 0x64, 0xE9, 0x2F, 0x38, 0x7C, 0x1D, 0xE0, 0x96, 0x0A,
    0x78, 0x3C, 0x31, 0xFB, 0x01, 0x41, 0x8B, 0x7B, 0x87, 0xDF, 0xB4, 0xA5, 0xE1, 0x15, 0x91, 0x56,
    0xFB, 0x9C, 0xAA, 0x7B, 0x6E, 0xBF, 0xDE, 0x62, 0xD5, 0x99, 0x37, 0x3F, 0x04, 0x37, 0xB2, 0x3F,
    0x6E, 0x40, 0xF4, 0x65, 0xF8, 0x15, 0x47, 0x56, 0x52, 0xDE, 0x8A, 0x20, 0xBA, 0x34, 0xAE, 0x70,
    0x80, 0xE1, 0x49, 0xE4, 0xB2, 0x6E, 0x41, 0xFE, 0x43, 0x2D, 0x29, 0xA0, 0x7D, 0xFF, 0x28, 0xA0,
    0x2E, 0x1E, 0xB0, 0xC3, 0xB2, 0x17, 0x1C, 0xC0, 0xBB, 0x02, 0x57, 0x8F, 0x6F, 0xE1, 0x97, 0x08,
    0x5A, 0x6F, 0x07, 0x9C, 0x50, 0xCF, 0xCC, 0xF2, 0x01, 0xB4, 0xAF, 0x02, 0xE4, 0x66, 0xC3, 0xD6,
    0xBC, 0x87, 0x23, 0xEA, 0xAC, 0x75, 0xAF, 0x50, 0xB9, 0x4C, 0x6B, 0x71, 0xF2, 0x17, 0x3A, 0x97,
    0x7D, 0xED, 0x1C, 0xF6, 0xA8, 0xB4, 0x07, 0x6E, 0xE0, 0x1D, 0x81, 0xF6, 0x89, 0x03, 0x1E, 0x8F,
    0x83, 0x98, 0xD7, 0x67, 0xEF, 0x34, 0x01, 0xD1, 0xD0, 0x05, 0x98, 0x29, 0xB0, 0xC1, 0xF0, 0x9D,
    0x43, 0xDC, 0xDA, 0x3C, 0x80, 0x69, 0x51, 0x45, 0x7D, 0x51, 0x00, 0x68, 0x4A, 0x93, 0x19, 0xF8,
    0x06, 0x22, 0x5D, 0xF2, 0xAC, 0xCC, 0x02, 0xF7, 0x01, 0x85, 0xC5, 0xDE, 0xC4, 0x23, 0x0A, 0x08,
    0x12, 0x95, 0x04, 0x42, 0xB0, 0x64, 0xD2, 0xBB, 0x14, 0x87, 0x76, 0x16, 0x05, 0x59, 0x2A, 0x10,
    0xA2, 0x00, 0xB0, 0x95, 0xC0, 0xA3, 0x52, 0xA0, 0x25, 0x45, 0x94, 0xC3, 0x76, 0x6A, 0x41, 0xF3,
    0x1A, 0xA5, 0x61, 0xD4, 0x92, 0xD9, 0x5A, 0x6D, 0x2D, 0x63, 0x3E, 0xC6, 0x1C, 0x2C, 0x57, 0xD9,
    0xE2, 0x9A, 0x6C, 0x5B, 0x96, 0x59, 0x11, 0xCB, 0x5C, 0x55, 0x1F, 0x50, 0x44, 0xB8, 0x19, 0xED,
    0x08, 0x62, 0x57, 0xB6, 0xCF, 0xA0, 0x5C, 0x32, 0x68, 0x0D, 0xEB, 0x5A, 0x20, 0x59, 0xB6, 0x1A,
    0x81, 0x94, 0x1C, 0x20, 0xAC, 0x52, 0x72, 0x8F, 0x01, 0xE3, 0x02, 0x7C, 0x0B, 0x50, 0x4E, 0x62,
    0x9A, 0x71, 0xC3, 0x30, 0xA1, 0xED, 0x6B, 0xBA, 0x96, 0x63, 0x57, 0x93, 0x64, 0xBB, 0x6C, 0x75,
    0x53, 0x0C, 0xA8, 0x6B, 0x09, 0x14, 0x23, 0xD9, 0x0E, 0xB8, 0x46, 0xB6, 0x15, 0x50, 0x8C, 0xB8,
    0xA6, 0x8A, 0xA9, 0x77, 0x54, 0xDA, 0xB4, 0x80, 0x63, 0x49, 0xBB, 0x63, 0xB8, 0xA9, 0xC1, 0xAB,
    0x2D, 0x10, 0x0D, 0xA6, 0x1B, 0xDC, 0xBD, 0xBC, 0x25, 0xC7, 0x58, 0x3B, 0x60, 0x14, 0x83, 0x9C,
    0xD6, 0x40, 0x31, 0x22, 0x6D, 0x2A, 0x1A, 0xE6, 0x1A, 0x90, 0x8A, 0x01, 0x19, 0xED, 0x81, 0x62,
    0x80, 0x91, 0x0E, 0xA0, 0x14, 0x03, 0xD9, 0x69, 0x88, 0x62, 0xD5, 0x59, 0xA3, 0x18, 0xF0, 0x9A,
    0x39, 0x6D, 0x14, 0x03, 0x8E, 0xF2, 0xA4, 0x84, 0x62, 0x1C, 0x38, 0x40, 0x38, 0xBD, 0x63, 0x83,
    0xFD, 0x17, 0x41, 0x58, 0xEF, 0xE8, 0x97, 0x61, 0xC0, 0x7F, 0x8D, 0xBA, 0x75, 0x9C, 0x90, 0xFD,
    0x67, 0x40, 0xC6, 0x00, 0x6F, 0x8C, 0x38, 0x8B, 0x93, 0xCD, 0xF2, 0x1F, 0x07, 0x14, 0xCB, 0x28,
    0x2E, 0xA1, 0xDB, 0x2D, 0x50, 0x02, 0x17, 0x90, 0xCC, 0x3D, 0x0A, 0xA8, 0x05, 0xAA, 0x60, 0xD1,
    0x5C, 0x82, 0xA0, 0xD2, 0x04, 0x29, 0x0C, 0xAA, 0x47, 0x58, 0x14, 0x47, 0x70, 0x31, 0xF9, 0x82,
    0x71, 0xD7, 0x70, 0x89, 0x36, 0x6E, 0xD7, 0x8E, 0x21, 0x97, 0xA8, 0xEE, 0x0F, 0x2E, 0x68, 0x96,
    0xCD, 0xF0, 0x03, 0x2F, 0x8D, 0x35, 0xF3, 0x02, 0xA0, 0x2C, 0x88, 0xA8, 0x08, 0x9A, 0xBD, 0x82,
    0x46, 0xA3, 0x88, 0x4F, 0xD0, 0xAC, 0x12, 0x20, 0x9E, 0x0A, 0xF8, 0x59, 0xF6, 0xB5, 0x35, 0x4B,
    0xCF, 0x74, 0x85, 0x0A, 0x92, 0x7D, 0x82, 0x4C, 0x89, 0xE9, 0x92, 0x59, 0x56, 0x0D, 0xD2, 0x04,
    0x15, 0x26, 0x38, 0xCA, 0x29, 0xE0, 0xB2, 0x17, 0xF0, 0xCA, 0xF0, 0x5B, 0xB6, 0x53, 0x14, 0x94,
    0x2C, 0x80, 0xC8, 0x11, 0xCC, 0x54, 0x9F, 0x80, 0x0B, 0xE5, 0x96, 0xBD, 0x00, 0xC0, 0x91, 0xA0,
    0xD9, 0x59, 0x4E, 0xB0, 0xC1, 0x5F, 0xC2, 0x76, 0x07, 0xC3, 0x13, 0x0E, 0x18, 0x5A, 0x25, 0x48,
    0x0C, 0xC1, 0xFA, 0x01, 0x57, 0xA6, 0xBE, 0xB3, 0x29, 0x3E, 0x70, 0xC1, 0x95, 0x79, 0x81, 0x2A,
    0xCB, 0xC3, 0x77, 0x06, 0xCD, 0x44, 0x45, 0x91, 0x40, 0x6A, 0x9E, 0x2A, 0xB3, 0xA4, 0xDD, 0x32,
    0x63, 0x45, 0x57, 0xB0, 0xEC, 0x0A, 0xCA, 0x59, 0xB8, 0x3C, 0xC9, 0xCA, 0x7C, 0x82, 0x6C, 0xE9,
    0x17, 0x54, 0x68, 0x04, 0x8D, 0x07, 0xC8, 0xA7, 0x9E, 0x1C, 0x58, 0x56, 0xD7, 0x0A, 0x0F, 0x14,
    0xAD, 0x07, 0x0B, 0xE8, 0x7C, 0x32, 0xC0, 0x33, 0xFB, 0xF9, 0xB6, 0xF3, 0x19, 0x9D, 0xAC, 0x2C,
    0x69, 0x3A, 0xF6, 0x04, 0x9A, 0x42, 0xE8, 0xB2, 0x47, 0x08, 0x38, 0x96, 0xF3, 0x99, 0x40, 0x95,
    0xA8, 0xA8, 0x5A, 0x20, 0x38, 0x57, 0x05, 0x3E, 0xD8, 0xB2, 0x57, 0x34, 0x78, 0x20, 0x19, 0x3F,
    0x90, 0x33, 0x15, 0x42, 0x1E, 0x04, 0xE3, 0x25, 0x64, 0xBB, 0xB2, 0x4E, 0x10, 0xCA, 0x09, 0x34,
    0xDB, 0x32, 0xF5, 0xE5, 0x8C, 0xE4, 0x04, 0xC6, 0xAC, 0x13, 0x32, 0x3E, 0x63, 0xB8, 0x16, 0xE7,
    0xAA, 0xCC, 0x32, 0x66, 0x38, 0xD9, 0x96, 0x39, 0x04, 0xE9, 0x58, 0x52, 0x58, 0x5A, 0xC0, 0x32,
    0x23, 0xF7, 0x00, 0xCF, 0xD6, 0xB5, 0xD4, 0x1D, 0xCD, 0x2C, 0xC8, 0x3F, 0xD8, 0xB7, 0xEA, 0x9E,
    0xC4, 0xE4, 0x68, 0xE3, 0xAC, 0x88, 0x16, 0x31, 0x6C, 0xAD, 0xB2, 0xE5, 0x08, 0xB6, 0x6F, 0x55,
    0xB6, 0x22, 0x2B, 0xC7, 0x01, 0x37, 0x57, 0xB2, 0x2B, 0xA7, 0x6C, 0xAC, 0x95, 0x6D, 0xA9, 0x27,
    0xFF, 0x2D, 0x17, 0xA5, 0x17, 0xBC, 0x33, 0x0F, 0x43, 0x1B, 0x34, 0xB8, 0x10, 0x41, 0x33, 0xC6,
    0x71, 0x58, 0x4F, 0x72, 0x06, 0x69, 0xB3, 0xA0, 0xCD, 0xCF, 0x36, 0xD7, 0x0C, 0x0F, 0x0C, 0x2D,
    0x17, 0xCE, 0x20, 0x0C, 0x83, 0xAE, 0x5B, 0x29, 0x0E, 0x80, 0x58, 0x8C, 0x60, 0x79, 0x83, 0x6E,
    0xB9, 0xB0, 0xBC, 0x80, 0xCC, 0x12, 0x8E, 0x5C, 0xDC, 0xC6, 0x53, 0x6D, 0xCA, 0xF9, 0xED, 0x11,
    0x96, 0x85, 0xF6, 0x0D, 0x8A, 0x5E, 0x10, 0xC2, 0x32, 0x25, 0xD0, 0xAD, 0xE8, 0x23, 0x24, 0xE5,
    0x0F, 0x60, 0xB6, 0xA1, 0x69, 0x0B, 0xC9, 0xF2, 0x67, 0x53, 0xDE, 0xC2, 0xB7, 0xDC, 0xAE, 0x05,
    0x58, 0x95, 0xF0, 0x67, 0x2A, 0x9F, 0x43, 0xA8, 0x23, 0xA3, 0xFF, 0x00, 0xC3, 0xE2, 0x0D, 0xDE,
    0x1D, 0x03, 0x18, 0x24, 0x72, 0xD9, 0x60, 0x5B, 0xB9, 0x1B, 0x88, 0x33, 0xA7, 0x90, 0x62, 0x65,
    0xA4, 0xB3, 0xD9, 0x95, 0x35, 0x3F, 0x61, 0x71, 0x48, 0x02, 0x70, 0x92, 0xBB, 0x2C, 0x5F, 0x29,
    0x1C, 0x38, 0x4E, 0xA1, 0x5D, 0x0C, 0xCB, 0x1B, 0xDC, 0x74, 0x07, 0xB0, 0x05, 0x86, 0x30, 0x2C,
    0xA7, 0xD8, 0xC6, 0x54, 0x0B, 0xED, 0x96, 0x66, 0x1F, 0xC0, 0x10, 0xFB, 0x51, 0x5A, 0x91, 0x20,
    0x82, 0xC1, 0x65, 0x19, 0x59, 0x5A, 0x78, 0xB9, 0x3A, 0xB8, 0x67, 0xB0, 0x44, 0x57, 0xD0, 0xCC,
    0x86, 0x8E, 0xB7, 0xAC, 0x74, 0x5D, 0xA1, 0x80, 0x66, 0xB5, 0x48, 0x60, 0xA4, 0xB2, 0xD2, 0x5B,
    0x40, 0x0D, 0xA7, 0x16, 0x9A, 0x60, 0x0B, 0xBC, 0x30, 0x5D, 0x78, 0x19, 0x9C, 0x56, 0x50, 0x53,
    0x95, 0xE5, 0x0E, 0xD2, 0x79, 0x86, 0xA7, 0x0D, 0x4F, 0xB6, 0x6F, 0xCD, 0x8A, 0x01, 0x72, 0xED,
    0x32, 0x34, 0xC1, 0x3D, 0xBB, 0x6C, 0xBB, 0x2C, 0x13, 0x69, 0xBA, 0x70, 0xC0, 0xBD, 0x66, 0xA8,
    0xB7, 0x29, 0xDA, 0xB2, 0x74, 0x74, 0x37, 0x58, 0xE0, 0x9A, 0xF5, 0x06, 0x6F, 0x80, 0x50, 0xB9,
    0x82, 0x6C, 0x3E, 0x21, 0x4A, 0xAE, 0x20, 0x9B, 0x94, 0x60, 0x07, 0xB1, 0x5D, 0x6B, 0x7D, 0xCB,
    0x16, 0xC1, 0xB7, 0xAF, 0x5B, 0x26, 0x12, 0x84, 0x1B, 0x08, 0xA2, 0x2C, 0xFB, 0xC5, 0x00, 0x5B,
    0x54, 0x87, 0x04, 0xE6, 0x4C, 0x3C, 0x54, 0xCE, 0x20, 0x9B, 0x1D, 0x44, 0x59, 0xAB, 0x5C, 0xB5,
    0xCA, 0x96, 0x2B, 0x3D, 0x30, 0x42, 0x35, 0xA6, 0x92, 0x6C, 0x99, 0x38, 0xCA, 0x46, 0x87, 0x4D,
    0x25, 0x47, 0xBB, 0x81, 0xC5, 0x91, 0x5D, 0xE5, 0x05, 0x03, 0x44, 0x0A, 0x2F, 0xB0, 0x2F, 0x73,
    0xE8, 0xF2, 0x77, 0x90, 0xCC, 0xD6, 0xEE, 0x75, 0x6E, 0x10, 0xCE, 0x29, 0x06, 0xA8, 0xF0, 0x1A,
    0xE0, 0x9A, 0xD8, 0xCF, 0xE8, 0x21, 0x14, 0xCD, 0x39, 0xF4, 0x38, 0xCE, 0xA0, 0x9A, 0x6F, 0x48,
    0xB1, 0xF6, 0x39, 0x96, 0xEC, 0x22, 0x05, 0xDC, 0x0A, 0x1B, 0x0D, 0x66, 0x41, 0x53, 0xCF, 0xEC,
    0x95, 0xB9, 0x81, 0xC2, 0x91, 0x5A, 0xF2, 0x18, 0xC5, 0x10, 0xBB, 0xEF, 0x1F, 0x62, 0x4F, 0x8E,
    0x2D, 0xFC, 0x13, 0xC7, 0xA4, 0xC9, 0x03, 0xC7, 0xA2, 0x6B, 0x93, 0xE8, 0x59, 0xDA, 0x70, 0x44,
    0xB1, 0x3A, 0x14, 0x31, 0xAD, 0x0F, 0xC6, 0xB2, 0x66, 0x8D, 0xF8, 0xA1, 0x58, 0x25, 0x7A, 0x98,
    0x16, 0x1B, 0xF0, 0x80, 0x0D, 0x9A, 0x79, 0x87, 0x11, 0x54, 0x27, 0x72, 0x28, 0x56, 0x8A, 0x1B,
    0x8A, 0xB5, 0xA2, 0x86, 0x62, 0xBD, 0x88, 0xA1, 0x18, 0x89, 0xF1, 0x42, 0x31, 0x32, 0x63, 0xC5,
    0x04, 0xC5, 0x68, 0x8D, 0x14, 0x8A, 0x75, 0xE3, 0x84, 0x62, 0xE5, 0x28, 0xA1, 0x58, 0x3B, 0x46,
    0x28, 0x56, 0x8F, 0x10, 0x8A, 0xF5, 0xE3, 0x83, 0x62, 0x05, 0xD9, 0x20, 0x01, 0xD4, 0x90, 0x0C,
    0x8A, 0x55, 0xE4, 0x82, 0x62, 0x1D, 0xA9, 0xA0, 0x58, 0x49, 0x26, 0x28, 0xD6, 0x92, 0x08, 0x4E,
    0xC0, 0x50, 0x4B, 0x03, 0x04, 0x0A, 0x00, 0x00, 0x00, 0x06, 0x00, 0xBD, 0x95, 0x6B, 0x1B, 0x76,
    0x98, 0x0C, 0x00, 0x00, 0x00, 0x14, 0x00, 0x00, 0x00, 0xE8, 0x06, 0x00, 0x00, 0x2A, 0x04, 0x00,
    0x00, 0xD2, 0x0C, 0x00, 0x00, 0x01, 0x00, 0x00, 0x00, 0x0F, 0x00, 0x12, 0x03, 0x24, 0x15, 0x36,
    0x27, 0x38, 0x39, 0x6A, 0x7B, 0x4C, 0x9D, 0x6E, 0x1F, 0x09, 0x06, 0x01, 0x13, 0x34, 0xE5, 0xF6,
    0x96, 0xF7, 0x11, 0x0C, 0x3B, 0x77, 0x03, 0xC3, 0x33, 0x38, 0x76, 0xD2, 0x03, 0x86, 0xF7, 0x69,
    0xE0, 0x9A, 0xDE, 0x0A, 0xF0, 0x32, 0x40, 0xAE, 0x00, 0x31, 0x03, 0x14, 0xA0, 0xBC, 0x54, 0x05,
    0xC5, 0xC8, 0xA9, 0x09, 0x8A, 0x81, 0x4E, 0x15, 0x41, 0x31, 0xD0, 0xAB, 0x1E, 0x28, 0x06, 0xBA,
    0x55, 0x03, 0xC5, 0x40, 0xBF, 0x5A, 0xA0, 0x18, 0xE8, 0x58, 0x09, 0x14, 0x03, 0x3D, 0xEB, 0x80,
    0x62, 0xA0, 0x6B, 0x15, 0x50, 0x0C, 0xF4, 0xAD, 0x01, 0x8A, 0x41, 0x08, 0x4E, 0xCD, 0x0D, 0x4B,
    0xB3, 0x33, 0x85, 0x30, 0xAD, 0x47, 0x2B, 0x14, 0xEB, 0xD0, 0x0C, 0xC5, 0xEA, 0xD3, 0x43, 0xB1,
    0xE6, 0x1C, 0x51, 0xAC, 0x35, 0x4F, 0x14, 0x2B, 0x4C, 0x16, 0xC5, 0xBA, 0x32, 0x46, 0xB1, 0x9E,
    0xAC, 0x51, 0xAC, 0x22, 0x75, 0x14, 0x6B, 0xC7, 0x1F, 0xC5, 0x9A, 0x71, 0x48, 0xB1, 0x52, 0x44,
    0x52, 0xAC, 0x0F, 0x9B, 0x14, 0xEB, 0xC2, 0x28, 0xC5, 0x9A, 0x70, 0x4A, 0x31, 0x52, 0xA1, 0x94,
    0x62, 0xA0, 0xA5, 0x53, 0xC5, 0x34, 0x43, 0x28, 0xC5, 0x60, 0x1B, 0x3E, 0x29, 0x06, 0xBA, 0x43,
    0x27, 0xC5, 0x60, 0xEE, 0xA6, 0x8A, 0x61, 0x21, 0x32, 0x29, 0x06, 0x1B, 0x71, 0x49, 0x31, 0x58,
    0x89, 0x4A, 0x8A, 0xC1, 0x4E, 0x4C, 0x52, 0x0C, 0xE6, 0xCA, 0x54, 0x31, 0x6C, 0xC5, 0x23, 0xC5,
    0x40, 0xB7, 0x68, 0xA4, 0x18, 0xEC, 0xC5, 0x22, 0xC5, 0x40, 0xC7, 0x48, 0xA4, 0x18, 0xD1, 0x27,
    0xAA, 0x18, 0x56, 0xA3, 0x90, 0x62, 0xB0, 0x1B, 0x83, 0x14, 0x03, 0x9D, 0x23, 0x90, 0x62, 0x30,
    0x51, 0xA0, 0x8A, 0x61, 0x3D, 0xFA, 0x28, 0x06, 0xFB, 0xB1, 0x47, 0x31, 0x58, 0x90, 0x3C, 0x8A,
    0x81, 0x1E, 0x72, 0x47, 0x31, 0x22, 0x9A, 0x0A, 0x9A, 0xCA, 0x9A, 0xDA, 0x8A, 0x9A, 0x8B, 0xBA,
    0x32, 0x75, 0x24, 0xAA, 0x4C, 0xD4, 0x13, 0xA9, 0x33, 0x52, 0x51, 0xA0, 0xD2, 0x40, 0x65, 0x3E,
    0xD5, 0xFB, 0xD4, 0xE6, 0xD1, 0x07, 0xAB, 0x14, 0xAB, 0x41, 0x2B, 0xC5, 0x4A, 0x10, 0x4B, 0xB1,
    0x0A, 0xD4, 0x52, 0xAC, 0x01, 0x22, 0xE3, 0x7E, 0xBC, 0x35, 0xC0, 0x9F, 0x01, 0x49, 0x61, 0xCE,
    0x00, 0xEA, 0x2B, 0xED, 0x35, 0x06, 0xBC, 0x28, 0xF0, 0xC1, 0xB1, 0x67, 0x0C, 0x98, 0x51, 0xA0,
    0x03, 0xF5, 0x8E, 0xBD, 0x61, 0x40, 0x05, 0xD1, 0x96, 0x3C, 0x46, 0x01, 0xC9, 0x23, 0x24, 0x90,
    0x8C, 0x1F, 0x2C, 0x90, 0x4C, 0x3B, 0x0C, 0x58, 0xB0, 0x20, 0x84, 0x64, 0x1D, 0xD8, 0x20, 0x99,
    0xE5, 0xBB, 0x40, 0x8A, 0x03, 0x23, 0x02, 0xF8, 0xCC, 0x33, 0x44, 0xBB, 0x40, 0x81, 0x03, 0x03,
    0x2C, 0xAB, 0x46, 0x81, 0x08, 0x05, 0x12, 0x14, 0xE0, 0x3C, 0x85, 0x65, 0xBF, 0x68, 0x30, 0x60,
    0x82, 0xEA, 0x07, 0x1A, 0xF8, 0x6F, 0x79, 0x8A, 0x01, 0xBC, 0x1F, 0x88, 0xE0, 0xBA, 0xB4, 0x3B,
    0x8D, 0x29, 0x5C, 0xDF, 0x70, 0x60, 0x01, 0xE8, 0xB4, 0x6F, 0xE0, 0x56, 0x54, 0x9E, 0xE0, 0x40,
    0x07, 0xF0, 0x3E, 0x60, 0x58, 0x9E, 0x4F, 0xF0, 0xEC, 0x02, 0x21, 0x6C, 0xBB, 0x00, 0x61, 0x21,
    0xF6, 0x00, 0xE3, 0x0A, 0x71, 0x20, 0x01, 0xA0, 0x9D, 0x40, 0xB3, 0x3D, 0x4B, 0xD0, 0x3F, 0x14,
    0x58, 0x40, 0xEF, 0x03, 0x04, 0x4B, 0x73, 0x5B, 0xDF, 0xD0, 0x43, 0xDF, 0xB2, 0xDE, 0x72, 0x53,
    0xB5, 0x5C, 0xF9, 0x13, 0x8E, 0x9D, 0x21, 0xC8, 0x01, 0xC7, 0x74, 0x88, 0xED, 0x25, 0xFC, 0xD9,
    0x17, 0x9A, 0x28, 0xAE, 0xF9, 0x85, 0x23, 0xE4, 0x8F, 0x70, 0xAC, 0x24, 0xDC, 0x8F, 0x50, 0xAD,
    0x29, 0xB6, 0xAA, 0x78, 0x85, 0x2C, 0x1B, 0x14, 0x6B, 0x4B, 0x06, 0xC5, 0xE8, 0x84, 0x2E, 0x8A,
    0xF9, 0xCB, 0x05, 0xC5, 0x8E, 0x10, 0x46, 0x31, 0x8F, 0xA9, 0xA0, 0x18, 0x7D, 0x70, 0x66, 0x82,
    0x62, 0xB4, 0xC1, 0x9A, 0x08, 0x8A, 0x91, 0x36, 0x36, 0x45, 0x0B, 0xDE, 0x28, 0x2E, 0xEC, 0x0B,
    0x1E, 0x0C, 0x08, 0xD3, 0xC0, 0x31, 0x3C, 0xC1, 0x83, 0x02, 0x63, 0x16, 0x38, 0x86, 0x1F, 0x78,
    0x70, 0xA0, 0x4C, 0x02, 0xC7, 0x90, 0x33, 0x8A, 0xED, 0xFF, 0x83, 0x04, 0x8E, 0x71, 0x9A, 0x02,
    0x8E, 0xE1, 0x8C, 0xE0, 0x35, 0x03, 0x1C, 0x73, 0x82, 0x36, 0x6E, 0x95, 0x3D, 0x7F, 0xA3, 0x58,
    0x09, 0xE2, 0xA0, 0x45, 0x37, 0x58, 0xE0, 0x8C, 0xB3, 0x38, 0xE6, 0x08, 0x13, 0x9E, 0x98, 0x37,
    0x2E, 0x9E, 0xD0, 0xA1, 0x88, 0xA2, 0xAD, 0x4C, 0x23, 0xA4, 0xD8, 0xE1, 0xC8, 0x9E, 0x30, 0x23,
    0x86, 0x62, 0x47, 0xF8, 0x71, 0x42, 0x90, 0x3D, 0x21, 0x49, 0x07, 0xC5, 0x8E, 0x50, 0x65, 0x82,
    0x20, 0x7B, 0xC2, 0x95, 0x08, 0x8A, 0x1D, 0x21, 0x4B, 0x04, 0xEB, 0x15, 0xB7, 0xDC, 0xD7, 0x6A,
    0xA0, 0xD9, 0x8E, 0xA9, 0x6D, 0xF9, 0xCB, 0x9E, 0xED, 0x98, 0x7A, 0xEE, 0x2A, 0x25, 0xF0, 0xFC,
    0x41, 0x02, 0xC7, 0xEC, 0xB9, 0x63, 0x7E, 0xE0, 0xB9, 0x27, 0xB3, 0x67, 0xBB, 0x32, 0xF5, 0xDC,
    0x9B, 0x55, 0x20, 0x82, 0x63, 0xF2, 0x60, 0x4B, 0x03, 0x4F, 0x12, 0xC8, 0xED, 0x58, 0x92, 0xEE,
    0xAF, 0x77, 0x14, 0x23, 0x0D, 0x14, 0x96, 0x68, 0x7E, 0xC5, 0xFB, 0x07, 0xA8, 0x2A, 0x73, 0xFC,
    0x38, 0x80, 0xC1, 0xAA, 0x95, 0xF4, 0xA2, 0xC4, 0x0C, 0x89, 0x2F, 0x62, 0x08, 0xAE, 0x9A, 0xBD,
    0xA1, 0x89, 0x31, 0x28, 0xC3, 0x15, 0x45, 0xD0, 0x85, 0x2F, 0xCE, 0xA8, 0x0B, 0x63, 0xAC, 0x02,
    0x55, 0x48, 0x23, 0x10, 0xA8, 0xC2, 0x1B, 0xBF, 0xA8, 0x09, 0x73, 0x0C, 0x8F, 0x50, 0xC7, 0x30,
    0xA5, 0x75, 0xC3, 0x14, 0xD7, 0x0D, 0x5F, 0xB0, 0xC7, 0x30, 0x4D, 0xD0, 0xC7, 0x30, 0x3D, 0xF0,
    0xC7, 0x30, 0x2D, 0x10, 0xC8, 0x30, 0x1D, 0x30, 0xC8, 0x30, 0x85, 0x77, 0xC3, 0xC0, 0x6D, 0x1C,
    0x05, 0x3D, 0xE0, 0xE1, 0x00, 0xFE, 0xEF, 0xE1, 0x00, 0xFE, 0xEF, 0xE1, 0x00, 0x9E, 0x1D, 0xC8,
    0x65, 0x78, 0x61, 0x80, 0x63, 0x01, 0x34, 0x71, 0x32, 0xD1, 0x1A, 0x24, 0xB3, 0x34, 0x20, 0x90,
    0x62, 0xB0, 0x02, 0x7F, 0x14, 0x83, 0x09, 0xB4, 0x09, 0x14, 0x83, 0xDB, 0xB4, 0x8A, 0xC1, 0xD4,
    0x5A, 0xC5, 0x60, 0x1E, 0xB5, 0x62, 0x30, 0xA5, 0x5A, 0x31, 0x22, 0x57, 0x2B, 0xE6, 0x3B, 0x07,
    0x14, 0xA3, 0x13, 0xEA, 0x28, 0x06, 0xAB, 0x30, 0x47, 0x31, 0xD8, 0x85, 0x38, 0x8A, 0xC1, 0x32,
    0xBC, 0x51, 0x0C, 0xB6, 0xE1, 0x4D, 0x01, 0xC5, 0xE0, 0x1D, 0xDA, 0x28, 0xD6, 0x87, 0x35, 0x8A,
    0x91, 0x10, 0x69, 0x14, 0x03, 0xB0, 0x23, 0xD2, 0x0C, 0x50, 0x0C, 0xB0, 0x25, 0xCE, 0x28, 0x06,
    0xF4, 0x89, 0x32, 0x8A, 0x81, 0x0B, 0x7E, 0xE2, 0x8C, 0x61, 0x48, 0x8A, 0x32, 0x86, 0xB1, 0xF0,
    0x29, 0xC6, 0x38, 0x57, 0x8A, 0x30, 0x82, 0x52, 0x8A, 0x2E, 0xDE, 0xA4, 0x14, 0x5B, 0x3C, 0x41,
    0x29, 0xB2, 0x58, 0x65, 0xAD, 0x98, 0x22, 0x94, 0xB4, 0x22, 0x8A, 0x5F, 0xD2, 0x8A, 0x26, 0x5A,
    0x81, 0x56, 0x2C, 0x51, 0x30, 0xB5, 0xE2, 0x48, 0x07, 0xC5, 0x2A, 0xA2, 0xE0, 0x6B, 0x45, 0x10,
    0x35, 0x53, 0x2B, 0x7E, 0x88, 0x18, 0x5A, 0xD1, 0x43, 0xC7, 0x57, 0x8B, 0x1B, 0x36, 0x45, 0x2D,
    0x6A, 0xB4, 0x50, 0xAC, 0x18, 0x31, 0x14, 0xEB, 0x85, 0x53, 0x51, 0x8B, 0x15, 0x37, 0x14, 0x2B,
    0x45, 0x0E, 0xC5, 0x2A, 0xA1, 0xE2, 0x71, 0x88, 0x1F, 0x8A, 0xF5, 0x21, 0x88, 0x62, 0x6D, 0x28,
    0xA2, 0x58, 0x19, 0x14, 0xB2, 0x5E, 0x4C, 0x68, 0xA2, 0xD8, 0x31, 0x1A, 0x44, 0x51, 0xAC, 0x04,
    0x55, 0x02, 0x04, 0x50, 0x4B, 0x03, 0x04, 0x0A, 0x00, 0x00, 0x00, 0x06, 0x00, 0xBD, 0x95, 0x6B,
    0x1B, 0x52, 0x71, 0x08, 0x00, 0x00, 0x00, 0x0C, 0x00, 0x00, 0x00, 0xD3, 0x01, 0x00, 0x00, 0x28,
    0x03, 0x00, 0x00, 0x01, 0x00, 0x00, 0x00, 0x0F, 0x00, 0x12, 0x03, 0x24, 0x15, 0x36, 0x27, 0x38,
    0x39, 0x6A, 0x7B, 0x4C, 0x9D, 0x6E, 0x1F, 0x09, 0x06, 0x01, 0x13, 0x34, 0xE5, 0xF6, 0x96, 0xF7,
    0x09, 0x0C, 0x93, 0xAC, 0x86, 0xBD, 0x66, 0x40, 0x8F, 0x00, 0x15, 0x03, 0xFC, 0x08, 0x50, 0x81,
    0xF2, 0x01, 0x03, 0x0A, 0x10, 0x9E, 0x60, 0xC0, 0x14, 0xC4, 0x0F, 0x2C, 0x18, 0xD0, 0x60, 0x40,
    0x20, 0xCE, 0xBE, 0xA0, 0xDA, 0xA8, 0xAD, 0xDA, 0x55, 0x10, 0x27, 0xDD, 0xF1, 0x02, 0x7D, 0x3C,
    0xFB, 0x80, 0x76, 0x31, 0xB6, 0xE6, 0xD6, 0x5D, 0x00, 0xBB, 0x0B, 0xFC, 0x21, 0xBC, 0x40, 0x01,
    0xD5, 0x36, 0x1D, 0x74, 0xCE, 0x0D, 0x8F, 0x42, 0xBB, 0xE4, 0x0D, 0xF6, 0x48, 0xDA, 0xAA, 0x6F,
    0x50, 0xAD, 0x02, 0x09, 0x0E, 0x44, 0xB1, 0x6E, 0x60, 0xB3, 0xA4, 0x0D, 0x7A, 0x19, 0xE8, 0xB6,
    0xCD, 0x03, 0x04, 0x53, 0xF0, 0xAB, 0x14, 0xA0, 0xAF, 0x02, 0xBE, 0x56, 0x84, 0x2E, 0x0F, 0xDC,
    0x13, 0xCD, 0x96, 0x6D, 0xDE, 0xC2, 0x6D, 0xF0, 0x07, 0x4C, 0x68, 0x22, 0x6B, 0xDB, 0xFE, 0xC1,
    0x36, 0x43, 0x0E, 0xEA, 0x55, 0x10, 0x1F, 0x10, 0x41, 0xD7, 0x69, 0x7B, 0x40, 0x87, 0x13, 0x90,
    0xB3, 0x96, 0xF9, 0x01, 0x3A, 0xF0, 0x6A, 0x81, 0x06, 0x98, 0x1D, 0xE5, 0x80, 0xE7, 0xA8, 0x2D,
    0xB8, 0xBD, 0x36, 0x48, 0xB0, 0x03, 0x79, 0xDD, 0xF4, 0x85, 0x6E, 0x83, 0xDA, 0x0D, 0x92, 0x2C,
    0xC0, 0xD4, 0x09, 0x03, 0x74, 0xB3, 0x75, 0x1F, 0xA0, 0x14, 0x56, 0xE7, 0x8A, 0xF6, 0x01, 0xD2,
    0xC2, 0x16, 0x7B, 0x1F, 0x23, 0x80, 0x64, 0x33, 0x92, 0x16, 0x04, 0x49, 0x60, 0xC8, 0x2A, 0xA0,
    0x9E, 0x48, 0x56, 0x02, 0x55, 0xA6, 0x05, 0x2A, 0x30, 0x76, 0x03, 0xF1, 0x68, 0x0B, 0xF1, 0xE2,
    0x1E, 0xD1, 0xCE, 0xE1, 0xAB, 0x07, 0x0E, 0x88, 0x67, 0xED, 0x5E, 0x90, 0x01, 0x50, 0x5C, 0x41,
    0xD9, 0xAC, 0x1D, 0x4C, 0xD8, 0xF6, 0x64, 0xB7, 0x40, 0x9F, 0xD3, 0x2A, 0x20, 0x1E, 0x5F, 0x48,
    0x20, 0x2A, 0x6A, 0x78, 0x04, 0x61, 0xB3, 0xF6, 0x27, 0xB4, 0xDB, 0xB6, 0xF8, 0xD9, 0xE4, 0x1D,
    0x21, 0xC2, 0x02, 0xF7, 0x1A, 0x60, 0x5A, 0x0B, 0x16, 0x6C, 0x10, 0x76, 0xE9, 0x64, 0x82, 0x21,
    0x79, 0x03, 0x6C, 0xAD, 0x88, 0x90, 0x80, 0x5C, 0xF2, 0x6D, 0xEE, 0x13, 0x74, 0x48, 0x60, 0x7A,
    0x05, 0xDD, 0x7C, 0x42, 0x37, 0x85, 0x05, 0x0D, 0xB0, 0x45, 0x49, 0xB2, 0xB9, 0xA5, 0x02, 0x1B,
    0x0A, 0x80, 0x5B, 0x1F, 0x9C, 0x53, 0xC3, 0x03, 0x94, 0x70, 0x4E, 0x16, 0xE8, 0x7D, 0x73, 0x02,
    0x37, 0x78, 0x80, 0xD8, 0x1F, 0xE4, 0xC5, 0x1F, 0x0E, 0x74, 0x50, 0x4E, 0x36, 0x28, 0xB7, 0xA1,
    0x4F, 0xF8, 0x60, 0x6F, 0x95, 0xB0, 0x0D, 0x82, 0x50, 0x27, 0x98, 0xB2, 0x12, 0xF8, 0x22, 0x35,
    0xAE, 0x16, 0x05, 0xB0, 0x77, 0xC5, 0x17, 0x6C, 0x43, 0xAD, 0xC1, 0x7A, 0xB7, 0x6B, 0x56, 0x6F,
    0x45, 0xBB, 0x42, 0x01, 0x96, 0x2F, 0xD7, 0x2A, 0x32, 0x20, 0x84, 0xC9, 0x1D, 0x60, 0x82, 0x6A,
    0xD2, 0x80, 0x12, 0x64, 0x9A, 0x44, 0x30, 0x0D, 0x3D, 0x23, 0xDA, 0x0F, 0xCC, 0xD5, 0x33, 0x52,
    0xE0, 0x49, 0x80, 0x05, 0x01, 0x7A, 0x58, 0xA3, 0xD5, 0x35, 0xCD, 0x00, 0xCB, 0x90, 0x04, 0x96,
    0xDD, 0x41, 0x32, 0x17, 0x90, 0xEC, 0x6B, 0x8A, 0x41, 0x04, 0x50, 0x4B, 0x03, 0x04, 0x0A, 0x00,
    0x00, 0x00, 0x06, 0x00, 0xBD, 0x95, 0x6B, 0x1B, 0x09, 0x87, 0x08, 0x00, 0x00, 0x00, 0x0C, 0x00,
    0x00, 0x00, 0x3F, 0x01, 0x00, 0x00, 0x20, 0x08, 0x00, 0x00, 0x01, 0x00, 0x00, 0x00, 0x0F, 0x00,
    0x12, 0x03, 0x24, 0x15, 0x36, 0x27, 0x38, 0x39, 0x6A, 0x7B, 0x4C, 0x9D, 0x6E, 0x1F, 0x09, 0x06,
    0x01, 0x13, 0x34, 0xE5, 0xF6, 0x96, 0xF7, 0x09, 0x0C, 0x3B, 0x83, 0x61, 0xA7, 0x2A, 0x60, 0x78,
    0xD8, 0x05, 0x86, 0x7F, 0x18, 0x60, 0xF8, 0x9F, 0x01, 0x1D, 0x03, 0x8C, 0x09, 0xF0, 0x31, 0x00,
    0x65, 0x8F, 0x31, 0x0C, 0x00, 0x1D, 0x10, 0xC6, 0x30, 0x80, 0x2A, 0xF0, 0xC5, 0x30, 0xE0, 0x51,
    0x07, 0xBA, 0x18, 0x06, 0x80, 0x26, 0xD8, 0x62, 0x18, 0xF0, 0x88, 0x05, 0x59, 0x0C, 0x03, 0x1E,
    0xD5, 0xE0, 0x8A, 0xE1, 0x1B, 0x92, 0x18, 0x7E, 0xA2, 0x87, 0xE1, 0x33, 0x62, 0x18, 0x1E, 0x64,
    0x84, 0xE1, 0x4D, 0x2E, 0x18, 0xBE, 0x85, 0xE5, 0x2A, 0x40, 0x8E, 0x00, 0x23, 0x03, 0xEC, 0x08,
    0x50, 0xD2, 0xE1, 0x6A, 0x87, 0x61, 0x00, 0x9C, 0xE4, 0x38, 0x87, 0x25, 0x58, 0x31, 0xE0, 0x69,
    0x37, 0x0A, 0x28, 0x06, 0x3C, 0xA8, 0xC6, 0x01, 0xC5, 0x80, 0xD7, 0xCC, 0x48, 0xA0, 0x18, 0xF0,
    0x9D, 0x18, 0x0B, 0x14, 0x83, 0xBD, 0x68, 0xA0, 0x18, 0xD1, 0x0D, 0x52, 0x31, 0x40, 0x09, 0x1A,
    0xA6, 0x18, 0x40, 0xC9, 0x1A, 0x00, 0xBC, 0x22, 0x82, 0x62, 0x9D, 0xA8, 0xA0, 0x58, 0x23, 0x32,
    0x28, 0xD6, 0x87, 0x0E, 0x8A, 0xB5, 0x21, 0x84, 0x62, 0x5D, 0x28, 0xA1, 0x58, 0x13, 0x52, 0x04,
    0x88, 0x18, 0xE0, 0x48, 0x80, 0xBA, 0x01, 0xFA, 0x05, 0x38, 0x13, 0x20, 0x97, 0x68, 0x37, 0xA8,
    0x71, 0x42, 0xB1, 0x17, 0xDC, 0x50, 0xAC, 0x04, 0x39, 0x14, 0xEB, 0xC0, 0x0E, 0xC5, 0x60, 0x05,
    0x7A, 0x28, 0xD6, 0x80, 0x1F, 0x8A, 0x01, 0x6F, 0xE2, 0x6A, 0x15, 0x03, 0x2E, 0x54, 0x64, 0x84,
    0x62, 0x1D, 0x09, 0xA1, 0x18, 0x84, 0xCB, 0x1E, 0x60, 0xC8, 0x80, 0x01, 0x8E, 0x21, 0x05, 0x06,
    0x7C, 0x70, 0x0C, 0xC0, 0x0F, 0x0C, 0xE8, 0xE0, 0x18, 0x20, 0x0A, 0x6C, 0x70, 0x0C, 0x4D, 0x30,
    0xC0, 0x31, 0x52, 0xC0, 0xB5, 0x3E, 0x28, 0x06, 0xE9, 0x9D, 0x3B, 0x0C, 0x08, 0xE0, 0x18, 0x44,
    0x11, 0x46, 0x2F, 0xE0, 0x18, 0x20, 0x32, 0x1C, 0x70, 0xCC, 0x07, 0x2E, 0x38, 0xD6, 0x80, 0x21,
    0x0B, 0x1E, 0x08, 0x1D, 0x1D, 0xF8, 0xA1, 0x4A, 0x6A, 0x90, 0xC3, 0x96, 0x06, 0x50, 0x4B, 0x03,
    0x04, 0x0A, 0x00, 0x00, 0x00, 0x06, 0x00, 0xC0, 0x95, 0x6B, 0x1B, 0xC7, 0xED, 0x0C, 0x00, 0x00,
    0x00, 0x14, 0x00, 0x00, 0x00, 0x7A, 0x0D, 0x00, 0x00, 0xA8, 0x05, 0x00, 0x00, 0xA4, 0x0F, 0x00,
    0x00, 0x01, 0x00, 0x00, 0x00, 0x0F, 0x00, 0x12, 0x03, 0x24, 0x15, 0x36, 0x27, 0x38, 0x39, 0x6A,
    0x7B, 0x4C, 0x9D, 0x6E, 0x1F, 0x09, 0x06, 0x01, 0x13, 0x34, 0xE5, 0xF6, 0x96, 0xF7, 0x11, 0x0C,
    0xBB, 0xDB, 0x06, 0xC3, 0x63, 0x38, 0x76, 0x62, 0xC3, 0x8E, 0xD6, 0xC0, 0xF0, 0x04, 0xA8, 0x5D,
    0x74, 0x82, 0xE1, 0x79, 0x32, 0x18, 0xBE, 0x2D, 0xC0, 0xD7, 0x00, 0xC7, 0x03, 0x3C, 0x0E, 0xF0,
    0x2E, 0xC0, 0x8C, 0x00, 0x05, 0x02, 0x34, 0x3A, 0xD1, 0x43, 0xB1, 0x03, 0xED, 0xA8, 0xA1, 0xD8,
    0x79, 0x92, 0xBC, 0x50, 0xEC, 0x39, 0x55, 0x52, 0x28, 0xF6, 0x9B, 0x2F, 0x23, 0x14, 0x3B, 0x4D,
    0x9A, 0x0F, 0x8A, 0x7D, 0xE6, 0x0D, 0xA7, 0x2B, 0x3E, 0xE6, 0xCE, 0x05, 0xC5, 0x0E, 0xB3, 0xA7,
    0x82, 0x62, 0x77, 0x09, 0x84, 0xE9, 0x8A, 0x6F, 0x39, 0xF4, 0x40, 0xB1, 0xB3, 0x2C, 0x02, 0x76,
    0xC5, 0xAF, 0x3C, 0x5A, 0xA0, 0xD8, 0x55, 0x26, 0x25, 0x50, 0xEC, 0x29, 0x95, 0x14, 0x3F, 0x00,
    0xED, 0x03, 0x9E, 0x64, 0x52, 0x5C, 0xF0, 0x01, 0x09, 0x8A, 0x74, 0x32, 0xDD, 0xF1, 0x05, 0x09,
    0x76, 0x7C, 0x72, 0xAC, 0x09, 0x09, 0x66, 0x84, 0x1A, 0xE0, 0xD8, 0x1B, 0x12, 0xA4, 0x18, 0xE5,
    0x58, 0x23, 0x12, 0x84, 0x70, 0x6C, 0xD9, 0x57, 0x24, 0xB8, 0x70, 0x4A, 0xF1, 0x19, 0x09, 0x1E,
    0x28, 0xF6, 0x8E, 0x04, 0x05, 0x52, 0x99, 0x3E, 0xA4, 0x95, 0xA9, 0x77, 0x08, 0x10, 0xCE, 0x5A,
    0xCE, 0x16, 0xA0, 0xAE, 0xA8, 0x39, 0xC2, 0x80, 0x62, 0x8E, 0x41, 0x0C, 0x18, 0xF0, 0xA0, 0xC0,
    0x30, 0xCF, 0x3A, 0xB0, 0xE0, 0x80, 0xE3, 0xE6, 0x83, 0xF6, 0x80, 0x05, 0x86, 0x6D, 0x19, 0x37,
    0x30, 0xEC, 0x60, 0x96, 0xA1, 0xD6, 0x65, 0xBE, 0x63, 0x15, 0x18, 0xE0, 0x18, 0xF5, 0x6E, 0xC7,
    0xB0, 0x08, 0xCE, 0xB9, 0x40, 0x81, 0x07, 0x8E, 0x79, 0xC0, 0x81, 0x06, 0x07, 0x7E, 0x19, 0xDA,
    0x05, 0x6C, 0x4D, 0x2C, 0x03, 0xD6, 0xBC, 0xAD, 0xBB, 0x97, 0x63, 0x1F, 0xB0, 0xBF, 0x80, 0x63,
    0xB6, 0xB4, 0x5D, 0x2B, 0x81, 0xAD, 0xED, 0x18, 0xF8, 0x01, 0xEF, 0xDE, 0xA5, 0xB9, 0x73, 0xFB,
    0xCA, 0x92, 0xBD, 0x40, 0x32, 0x35, 0x6C, 0xCB, 0x4A, 0x20, 0x6B, 0x22, 0x5C, 0x09, 0x0E, 0x48,
    0xA6, 0x9A, 0xE8, 0x02, 0x0D, 0x0A, 0x38, 0x66, 0x5B, 0xDB, 0x31, 0x70, 0xFD, 0x1F, 0x78, 0xA6,
    0xB6, 0x5E, 0x20, 0x97, 0x7C, 0xBB, 0x97, 0xE5, 0x92, 0x2F, 0x90, 0xCC, 0xB6, 0xD6, 0x2D, 0xCB,
    0x50, 0xE1, 0x54, 0xDF, 0x25, 0x37, 0x5F, 0x5D, 0x17, 0x38, 0x26, 0xB6, 0xE7, 0x72, 0x2C, 0x4B,
    0xDB, 0x31, 0xB5, 0xF5, 0x5B, 0x8E, 0xA1, 0x0F, 0x0E, 0xD4, 0x72, 0x2C, 0x77, 0xB4, 0xE3, 0x9A,
    0xFE, 0x40, 0x5A, 0xC4, 0x32, 0x70, 0x65, 0x6B, 0x96, 0x75, 0x56, 0x75, 0xC7, 0x12, 0xF4, 0x08,
    0x8E, 0x2D, 0xF5, 0x4F, 0x10, 0xF8, 0x56, 0x0C, 0x6E, 0xF1, 0x39, 0x82, 0x3F, 0xB0, 0x63, 0x64,
    0x82, 0x3B, 0x10, 0xC7, 0x54, 0xF9, 0x0A, 0x05, 0x14, 0xC3, 0x85, 0x5B, 0x31, 0xBE, 0xA0, 0x9B,
    0x15, 0xD3, 0x0A, 0x07, 0x74, 0x51, 0x15, 0x54, 0x81, 0x38, 0x86, 0x18, 0xB7, 0x31, 0x58, 0xF1,
    0x0C, 0x05, 0x14, 0xB3, 0x68, 0x56, 0x0C, 0xE2, 0x80, 0x21, 0x2A, 0x83, 0x39, 0x12, 0xC7, 0x40,
    0x2B, 0xBF, 0xA1, 0x80, 0x62, 0x75, 0x18, 0xA0, 0x18, 0x28, 0x4B, 0xB4, 0x71, 0x27, 0x10, 0x27,
    0x75, 0xB0, 0x46, 0x76, 0x8C, 0x6D, 0x63, 0xC5, 0xF4, 0x43, 0x01, 0xC5, 0x48, 0x88, 0x01, 0x8A,
    0xB1, 0x2B, 0xFC, 0x30, 0xA0, 0x8E, 0x76, 0xFF, 0x50, 0x6F, 0xDB, 0xE3, 0x14, 0x18, 0x22, 0x9A,
    0x3D, 0x7F, 0xB3, 0xA0, 0x87, 0x2C, 0x5A, 0x32, 0x13, 0xBE, 0x21, 0x85, 0x6A, 0x25, 0x38, 0x83,
    0x70, 0x8E, 0x28, 0xE1, 0xDC, 0x21, 0x12, 0x8C, 0x69, 0x31, 0x42, 0xB4, 0x18, 0x6E, 0xEF, 0x97,
    0x48, 0x56, 0x07, 0x92, 0xF3, 0x40, 0x89, 0x33, 0x92, 0xF1, 0x87, 0x36, 0x92, 0x71, 0x86, 0x3A,
    0x21, 0x5C, 0xAD, 0x06, 0x1B, 0x1C, 0xB3, 0xFB, 0x1B, 0xF2, 0x7C, 0x70, 0xEC, 0x12, 0x05, 0x3A,
    0xDC, 0x71, 0x0C, 0x1B, 0x71, 0xA0, 0x43, 0x9E, 0x0E, 0xE2, 0x1D, 0x42, 0xEF, 0x3A, 0xC2, 0x1E,
    0xC9, 0x92, 0x75, 0x9F, 0xEB, 0x3E, 0x92, 0xA9, 0xC4, 0x71, 0xA0, 0x0D, 0x92, 0xC9, 0x81, 0x43,
    0x92, 0x71, 0x81, 0x44, 0x1B, 0x64, 0x2D, 0x87, 0xFE, 0x52, 0x06, 0xC7, 0x3C, 0x20, 0x53, 0x06,
    0x51, 0xD6, 0xA8, 0x0B, 0x9E, 0x16, 0xFE, 0x93, 0x1C, 0xAB, 0x84, 0xEE, 0x8E, 0x39, 0x05, 0x51,
    0x3B, 0xA9, 0x82, 0x63, 0x98, 0xA3, 0x57, 0x9A, 0xE0, 0x18, 0xBE, 0x82, 0x91, 0x5F, 0x72, 0xCC,
    0xBE, 0x3C, 0x53, 0x04, 0xA9, 0xA6, 0x4F, 0x8A, 0xB1, 0x6D, 0x0D, 0xE8, 0xF4, 0xC0, 0x38, 0xDD,
    0xE4, 0x98, 0x1E, 0xC8, 0xE4, 0x98, 0x2E, 0xB8, 0xD4, 0xC0, 0x3C, 0x37, 0x98, 0xE4, 0x98, 0x3E,
    0x88, 0xE4, 0x58, 0x2D, 0x04, 0x79, 0xA4, 0x05, 0x8E, 0xF9, 0xC1, 0x24, 0xC7, 0xE0, 0x6A, 0x85,
    0x1D, 0xA3, 0xEE, 0x5F, 0x3A, 0xE0, 0x98, 0x17, 0x28, 0x64, 0x7E, 0x31, 0xC0, 0x31, 0xE8, 0xA6,
    0x02, 0x8E, 0x21, 0x9D, 0x06, 0x38, 0x86, 0x15, 0x48, 0xE0, 0xD8, 0x05, 0x1C, 0x4B, 0x2D, 0x3B,
    0x86, 0xAA, 0x86, 0x52, 0x0C, 0xF0, 0x1C, 0x9F, 0xBC, 0x4B, 0x31, 0xC8, 0x1B, 0xA1, 0x14, 0xB3,
    0xA2, 0xAD, 0x18, 0xC0, 0x3B, 0x1D, 0xB0, 0xAF, 0x4D, 0x8A, 0x01, 0x3A, 0x93, 0x56, 0xA8, 0x1D,
    0x97, 0x14, 0x03, 0x74, 0x25, 0x9D, 0x40, 0x3D, 0x26, 0x29, 0x06, 0x2E, 0x8D, 0x93, 0x05, 0xF8,
    0x33, 0xC0, 0x28, 0x7C, 0x25, 0x80, 0xE3, 0xD2, 0x5A, 0xC5, 0x13, 0xFA, 0x05, 0x0B, 0x18, 0xA6,
    0x51, 0xFC, 0xEE, 0x00, 0x4F, 0x12, 0x18, 0xA6, 0x4D, 0x16, 0x18, 0xA6, 0x4B, 0x1A, 0x18, 0xA6,
    0x49, 0x50, 0xDA, 0x00, 0x47, 0x22, 0x18, 0xA6, 0x45, 0x26, 0x18, 0xA6, 0x43, 0x2A, 0x18, 0xA6,
    0x41, 0x2E, 0x18, 0xA6, 0x3F, 0x80, 0x66, 0x61, 0xDF, 0x60, 0x98, 0xEE, 0xE8, 0x60, 0x98, 0xE6,
    0xF8, 0x60, 0x98, 0xDE, 0x08, 0x61, 0x98, 0xD6, 0x18, 0x61, 0xF8, 0x8C, 0x12, 0x86, 0x69, 0x8C,
    0x13, 0x86, 0xE9, 0x8B, 0x14, 0x86, 0x69, 0x8B, 0x15, 0x86, 0xE9, 0x8A, 0x16, 0x86, 0x69, 0x0A,
    0x5C, 0x18, 0xE0, 0x44, 0x0C, 0xC3, 0xB4, 0xC4, 0x0C, 0xC3, 0x74, 0x44, 0x0D, 0xC3, 0x34, 0xC4,
    0x0D, 0xC3, 0xF4, 0x43, 0x0E, 0xC3, 0x3B, 0xEC, 0x30, 0x4C, 0x37, 0xF4, 0x30, 0x4C, 0x33, 0xFC,
    0x30, 0x4C, 0x2F, 0x04, 0x31, 0x4C, 0x2B, 0x0C, 0x31, 0x7C, 0x42, 0x11, 0xC3, 0x34, 0xC2, 0x11,
    0xC3, 0xF4, 0x41, 0x12, 0xC3, 0xB4, 0xC1, 0x12, 0xC3, 0x74, 0x41, 0x13, 0xC3, 0x34, 0xC1, 0x13,
    0x8D, 0xE7, 0x28, 0x86, 0x69, 0x81, 0x29, 0x86, 0xE9, 0x80, 0x2A, 0x86, 0x29, 0x39, 0x35, 0x8C,
    0x78, 0x96, 0x71, 0x79, 0x97, 0x7B, 0x59, 0x5A, 0xAE, 0x96, 0xB1, 0xE5, 0x6D, 0xF9, 0x5B, 0x96,
    0x92, 0xAB, 0x64, 0x2C, 0x99, 0x4B, 0x96, 0x8C, 0x6D, 0x59, 0xCE, 0x2C, 0x73, 0x96, 0x3F, 0xCB,
    0x94, 0x64, 0x4B, 0x72, 0xA6, 0x41, 0xFC, 0x0C, 0xD7, 0x0B, 0xB0, 0x28, 0x80, 0x43, 0xDD, 0xC8,
    0x16, 0xCC, 0xB8, 0x61, 0x80, 0x8B, 0xFC, 0x01, 0x6A, 0x69, 0x5D, 0x29, 0x06, 0x00, 0xCD, 0x2A,
    0xA0, 0x18, 0xF0, 0x88, 0x58, 0x07, 0x14, 0x03, 0x1E, 0xF1, 0x2A, 0x81, 0x62, 0xC0, 0x7D, 0x72,
    0xEA, 0x82, 0xCF, 0x07, 0x98, 0xC6, 0xA9, 0x01, 0xAA, 0xE9, 0x82, 0x8B, 0xB4, 0x31, 0x8C, 0x75,
    0x1F, 0xE2, 0xD8, 0x8A, 0xD1, 0x35, 0x05, 0x14, 0x83, 0x07, 0x69, 0xA3, 0x98, 0xD7, 0x1C, 0x50,
    0x0C, 0xFE, 0x63, 0x4D, 0x02, 0xC5, 0x60, 0x69, 0x16, 0x28, 0x46, 0x7B, 0xAC, 0x51, 0xCC, 0x69,
    0x1A, 0x28, 0x06, 0x3B, 0xA3, 0x20, 0x68, 0x47, 0x1A, 0xB5, 0xA4, 0x19, 0x6E, 0x61, 0xC7, 0xF8,
    0x8C, 0x4E, 0x54, 0x8C, 0x03, 0x8E, 0x89, 0x44, 0xD8, 0x31, 0xF1, 0xDD, 0x31, 0x39, 0x23, 0xC0,
    0xEB, 0x45, 0x1C, 0xC5, 0xD8, 0x34, 0x97, 0xA9, 0x20, 0x97, 0xD9, 0x76, 0x23, 0x5E, 0x37, 0x14,
    0xD3, 0x32, 0x17, 0x14, 0x83, 0x8D, 0xC9, 0xA0, 0x18, 0xAD, 0x51, 0x46, 0x31, 0x8F, 0xD9, 0xA0,
    0x18, 0xD8, 0x8C, 0x31, 0x1D, 0x14, 0x83, 0x85, 0xF9, 0xA0, 0x18, 0x8D, 0x31, 0x46, 0x31, 0x87,
    0x09, 0xA1, 0x18, 0xFC, 0x45, 0x98, 0x11, 0x8A, 0xC1, 0xBE, 0x94, 0x50, 0x8C, 0xB6, 0x08, 0xA3,
    0x18, 0xFE, 0xE5, 0x84, 0x62, 0xB0, 0x2E, 0x76, 0x8C, 0x56, 0x7C, 0x51, 0x0C, 0xEF, 0xB2, 0x42,
    0x31, 0x78, 0x8A, 0x2E, 0x2D, 0x14, 0x03, 0xBD, 0x45, 0x8F, 0xD6, 0x89, 0x2E, 0x8A, 0xE1, 0x5B,
    0x62, 0x28, 0x06, 0x2F, 0xB1, 0x65, 0x86, 0x89, 0x28, 0x97, 0xDC, 0xB1, 0x0D, 0xBE, 0xF7, 0x28,
    0x46, 0x06, 0xEC, 0x11, 0x20, 0x15, 0xA0, 0x8F, 0x62, 0xF8, 0x9E, 0x1B, 0x8A, 0xC1, 0xF2, 0xE4,
    0x50, 0x0C, 0x76, 0x67, 0x87, 0x62, 0x94, 0x49, 0xAF, 0x18, 0x3E, 0xA7, 0x87, 0x62, 0xB0, 0x38,
    0x3F, 0x14, 0x13, 0x0B, 0xC6, 0x18, 0xF6, 0x21, 0x8E, 0x75, 0xE0, 0xC4, 0x81, 0x20, 0x8E, 0xB5,
    0x20, 0x04, 0x86, 0x36, 0x88, 0xC1, 0xD3, 0x8A, 0x26, 0x8A, 0xF5, 0x20, 0x4D, 0x80, 0x65, 0x32,
    0xC7, 0x35, 0xAD, 0x88, 0x01, 0xDA, 0xA8, 0x11, 0x7D, 0xAD, 0x06, 0x61, 0x14, 0x6B, 0xC3, 0x14,
    0xC5, 0x5A, 0x31, 0x44, 0xB1, 0x72, 0x08, 0x8B, 0x8F, 0x98, 0x93, 0xF4, 0x4A, 0x95, 0xAF, 0x00,
    0x65, 0x12, 0x08, 0x55, 0xB5, 0x31, 0x0C, 0x53, 0xED, 0x35, 0x22, 0x8D, 0x15, 0x03, 0xA8, 0x34,
    0x05, 0x14, 0x03, 0xB0, 0x4D, 0x42, 0x28, 0x06, 0xF4, 0x92, 0x11, 0x8A, 0x01, 0x00, 0x7C, 0x0D,
    0xA8, 0x1E, 0x11, 0x42, 0x68, 0xA1, 0x38, 0x0D, 0x36, 0x5B, 0x9C, 0x00, 0x47, 0x3B, 0x73, 0x40,
    0x31, 0x31, 0x40, 0x1B, 0xC4, 0x1C, 0xE1, 0x80, 0x39, 0x01, 0x2E, 0x53, 0x52, 0xC7, 0x19, 0xE0,
    0xAA, 0x35, 0x59, 0x94, 0x56, 0xF1, 0xDB, 0x3A, 0xB1, 0xC0, 0x91, 0x5C, 0x20, 0x86, 0x61, 0x2C,
    0xDA, 0x2F, 0x64, 0x59, 0x8A, 0x01, 0xD1, 0xA2, 0x80, 0x62, 0x80, 0x59, 0x71, 0x40, 0x31, 0xC0,
    0xA4, 0x48, 0xA0, 0x18, 0x98, 0xD1, 0xAA, 0x98, 0x53, 0x2C, 0x50, 0x0C, 0x30, 0x27, 0x14, 0xA2,
    0xF8, 0x7A, 0xC5, 0x80, 0x3A, 0xF1, 0x40, 0x31, 0x9A, 0xE1, 0x81, 0x1A, 0x78, 0x50, 0x4B, 0x03,
    0x04, 0x0A, 0x00, 0x00, 0x00, 0x06, 0x00, 0xC0, 0x95, 0x6B, 0x1B, 0xDA, 0x62, 0x0C, 0x00, 0x00,
    0x00, 0x14, 0x00, 0x00, 0x00, 0xA6, 0x06, 0x00, 0x00, 0x91, 0x02, 0x00, 0x00, 0x36, 0x0A, 0x00,
    0x00, 0x01, 0x00, 0x00, 0x00, 0x0F, 0x00, 0x12, 0x03, 0x24, 0x15, 0x36, 0x27, 0x38, 0x39, 0x6A,
    0x7B, 0x4C, 0x9D, 0x6E, 0x1F, 0x09, 0x06, 0x01, 0x13, 0x34, 0xE5, 0xF6, 0x96, 0xF7, 0x11, 0x0C,
    0xBB, 0x66, 0x03, 0xC3, 0x33, 0x38, 0x76, 0xE4, 0x02, 0x86, 0xD7, 0x4A, 0x60, 0xF8, 0x74, 0xCB,
    0xFE, 0x33, 0xE0, 0x6A, 0x80, 0x57, 0x01, 0xB2, 0x06, 0x18, 0x10, 0xA0, 0xD5, 0x00, 0xC3, 0x40,
    0xAF, 0x2A, 0x60, 0x78, 0xA9, 0x05, 0x86, 0x7F, 0x8A, 0x60, 0x78, 0xA6, 0x0B, 0x86, 0x4F, 0xEA,
    0x60, 0x78, 0xA3, 0x11, 0x86, 0x1F, 0x4A, 0x61, 0x78, 0xA0, 0x17, 0x86, 0xEF, 0xA9, 0x61, 0x78,
    0x9D, 0x1D, 0x86, 0xBF, 0x09, 0x62, 0x78, 0x9A, 0x23, 0x86, 0x8F, 0x69, 0x62, 0x78, 0x97, 0x29,
    0x86, 0x5F, 0xC9, 0x62, 0x78, 0x94, 0x2F, 0x86, 0x2F, 0x29, 0x63, 0x78, 0x91, 0x35, 0x86, 0xFF,
    0x88, 0x63, 0x78, 0x8E, 0x3B, 0x86, 0xCF, 0xE8, 0x63, 0x78, 0x8B, 0x41, 0x86, 0x9F, 0x48, 0x64,
    0x78, 0x88, 0x47, 0x86, 0x6F, 0xA8, 0x64, 0x78, 0x85, 0x4D, 0x86, 0x3F, 0x08, 0x65, 0x78, 0x82,
    0x53, 0x86, 0x73, 0xAA, 0x61, 0x64, 0x00, 0xA0, 0x06, 0x38, 0x90, 0xCA, 0x30, 0xC4, 0xB8, 0x0C,
    0x03, 0xD8, 0x82, 0x52, 0x86, 0x01, 0x54, 0x83, 0x51, 0x86, 0x01, 0xC2, 0x59, 0x32, 0x0C, 0x60,
    0x11, 0x3E, 0x19, 0x06, 0x50, 0x13, 0x3A, 0x19, 0x06, 0x20, 0xDD, 0x49, 0x86, 0x01, 0xF0, 0x0B,
    0x99, 0x0C, 0x03, 0x44, 0x86, 0x4B, 0x86, 0x21, 0xD6, 0x20, 0xC3, 0x00, 0x74, 0x87, 0x49, 0x86,
    0x01, 0xC8, 0x0F, 0x91, 0x0C, 0x03, 0x5D, 0x65, 0x8B, 0xE1, 0x79, 0x6E, 0x18, 0xD6, 0x48, 0xB5,
    0xE3, 0xBD, 0x01, 0x76, 0x06, 0xD8, 0x12, 0xE0, 0x51, 0x00, 0x8E, 0xFD, 0x44, 0x87, 0x0C, 0x8A,
    0xFD, 0xE1, 0xC5, 0x03, 0xC5, 0xCE, 0xB0, 0x23, 0x81, 0x62, 0x47, 0x38, 0x62, 0xB8, 0xE0, 0x09,
    0x9E, 0x28, 0xD6, 0x80, 0x2A, 0x8A, 0x05, 0x72, 0x2A, 0x06, 0x5C, 0xC2, 0x68, 0x5B, 0x31, 0xE0,
    0x7F, 0x52, 0xD3, 0x5B, 0x0C, 0x03, 0x1E, 0xD0, 0xE2, 0x45, 0x88, 0x00, 0x85, 0x02, 0x94, 0x0B,
    0x30, 0x34, 0xC0, 0xB1, 0x00, 0xC1, 0x64, 0xAD, 0x01, 0xC5, 0x14, 0x6B, 0x41, 0x2F, 0xC5, 0xAA,
    0x30, 0x4B, 0xB1, 0x3A, 0xAC, 0x52, 0xAC, 0x13, 0xA1, 0x14, 0x7A, 0xC5, 0x5F, 0x80, 0xD4, 0x8D,
    0x34, 0x6B, 0x48, 0x21, 0xC5, 0x6A, 0xB2, 0x47, 0x14, 0x39, 0x8E, 0x62, 0x7D, 0x49, 0xA3, 0x58,
    0x69, 0xBE, 0x28, 0xD6, 0x9C, 0x2A, 0x8A, 0xB5, 0xA7, 0x89, 0x62, 0x15, 0x1A, 0xA2, 0x58, 0x8F,
    0x72, 0x28, 0x56, 0xA6, 0x17, 0x8A, 0x15, 0xEA, 0x84, 0x62, 0xAD, 0xEA, 0xA0, 0x58, 0xB5, 0x26,
    0x28, 0x56, 0xAF, 0x05, 0x9A, 0xAC, 0x63, 0x86, 0x01, 0x4C, 0xBC, 0x8B, 0x29, 0x12, 0x2B, 0x06,
    0x40, 0x87, 0x15, 0x50, 0x0C, 0x80, 0x8F, 0x29, 0xA3, 0x18, 0xD0, 0x61, 0xCE, 0x28, 0x06, 0x60,
    0xB5, 0x89, 0x2A, 0x06, 0x50, 0x5D, 0xD6, 0x28, 0x06, 0x80, 0x6E, 0x69, 0xA3, 0x18, 0xF0, 0x85,
    0x22, 0x83, 0x94, 0x1E, 0x91, 0x71, 0x15, 0x83, 0xB2, 0x05, 0xEF, 0xE3, 0xE1, 0x0D, 0x50, 0x34,
    0x80, 0xEB, 0xCB, 0x64, 0xAB, 0xC0, 0x1F, 0xC5, 0x7A, 0x50, 0x47, 0xB1, 0x32, 0xF8, 0x9B, 0x43,
    0x8C, 0x51, 0xAC, 0x15, 0x59, 0x14, 0xAB, 0xC6, 0x13, 0xC5, 0xFA, 0x51, 0x44, 0xB1, 0x8E, 0xF4,
    0x50, 0xAC, 0x28, 0x33, 0x6C, 0xCD, 0x29, 0x2C, 0x91, 0x43, 0x28, 0x56, 0x9B, 0x0B, 0x8A, 0x75,
    0xA7, 0x81, 0x62, 0xFD, 0x29, 0x20, 0xF3, 0x34, 0xC8, 0x30, 0xE0, 0x6F, 0xF2, 0x72, 0x20, 0xAB,
    0xCB, 0x8A, 0x01, 0xD4, 0x9F, 0x02, 0x8A, 0x01, 0xD8, 0x3E, 0x07, 0x14, 0x03, 0x40, 0xF7, 0x24,
    0x50, 0x0C, 0xF8, 0x42, 0x99, 0x0F, 0x8A, 0xD5, 0xE3, 0x88, 0x58, 0xE3, 0x37, 0x0E, 0xCF, 0x99,
    0x34, 0xAA, 0x7B, 0xB2, 0xAD, 0x01, 0x4E, 0x89, 0xD6, 0x01, 0x89, 0xCA, 0x11, 0x24, 0x2A, 0x67,
    0x90, 0xA8, 0x3C, 0x22, 0x94, 0x62, 0xB5, 0xB8, 0xA4, 0x58, 0x37, 0x34, 0x2A, 0xFF, 0xD0, 0xA8,
    0x9C, 0x44, 0xA3, 0xF2, 0x14, 0x8D, 0xCA, 0x5B, 0xD4, 0x36, 0x97, 0xD1, 0xA8, 0xFC, 0x46, 0xA3,
    0xF2, 0x1D, 0x8D, 0xCA, 0x81, 0x34, 0x2A, 0x2F, 0xD2, 0xA8, 0x3C, 0x29, 0x86, 0x62, 0x75, 0xD2,
    0xA8, 0x7C, 0x4A, 0xA3, 0x72, 0x2C, 0x8D, 0xCA, 0xB9, 0x34, 0x2A, 0x0F, 0x33, 0x0C, 0x78, 0xC4,
    0x80, 0x60, 0x1A, 0x8E, 0xC5, 0x34, 0x9F, 0x10, 0x30, 0xDC, 0xE3, 0x90, 0xE1, 0x47, 0x44, 0x64,
    0x3F, 0xA9, 0x63, 0x18, 0xF0, 0x96, 0x26, 0x77, 0x0C, 0x03, 0x29, 0xCF, 0x9B, 0x74, 0xD9, 0xE0,
    0xCF, 0x7E, 0x72, 0xC1, 0x20, 0x1C, 0x50, 0x4B, 0x03, 0x04, 0x0A, 0x00, 0x00, 0x00, 0x06, 0x00,
    0xC0, 0x95, 0x6B, 0x1B, 0xF9, 0x64, 0x0C, 0x00, 0x00, 0x00, 0x14, 0x00, 0x00, 0x00, 0x06, 0x06,
    0x00, 0x00, 0xE9, 0x01, 0x00, 0x00, 0x64, 0x08, 0x00, 0x00, 0x01, 0x00, 0x00, 0x00, 0x0F, 0x00,
    0x12, 0x03, 0x24, 0x15, 0x36, 0x27, 0x38, 0x39, 0x6A, 0x7B, 0x4C, 0x9D, 0x6E, 0x1F, 0x09, 0x06,
    0x01, 0x13, 0x34, 0xE5, 0xF6, 0x96, 0xF7, 0x11, 0x0C, 0xBB, 0xFE, 0x02, 0xC3, 0x33, 0x38, 0x76,
    0x7E, 0xC3, 0x2E, 0x76, 0xC0, 0xF0, 0xDD, 0x01, 0x56, 0x79, 0x3E, 0x60, 0x60, 0x80, 0x30, 0x01,
    0xB6, 0x04, 0x28, 0x10, 0xA0, 0xC1, 0x80, 0x29, 0x01, 0x06, 0x58, 0xB6, 0xE4, 0x0B, 0x0E, 0x44,
    0x51, 0xEC, 0x04, 0x0D, 0x9A, 0x18, 0x2E, 0x78, 0x81, 0x01, 0x03, 0x04, 0x97, 0x0C, 0x93, 0x0D,
    0x58, 0xE3, 0x90, 0x09, 0x3B, 0x14, 0x6B, 0xC0, 0x12, 0x53, 0x4F, 0x90, 0xC5, 0x70, 0x58, 0x37,
    0x0C, 0xF8, 0x86, 0xB4, 0x93, 0xFB, 0x82, 0x29, 0x92, 0x6F, 0x38, 0x22, 0xF9, 0x86, 0x02, 0x0D,
    0x6E, 0x48, 0xBE, 0xE2, 0x86, 0xE4, 0x2B, 0x34, 0x35, 0x86, 0xE4, 0x35, 0x5A, 0x18, 0x3E, 0xE4,
    0x83, 0x61, 0x21, 0x0F, 0x48, 0x93, 0x05, 0xE8, 0x17, 0x60, 0x59, 0x80, 0x7A, 0xC2, 0x72, 0x80,
    0x39, 0x59, 0x14, 0xAB, 0xCE, 0x15, 0xC5, 0xBA, 0x53, 0x45, 0xB1, 0xF2, 0x4C, 0x51, 0xAC, 0x3D,
    0xFA, 0xAC, 0x00, 0x7D, 0x9E, 0x28, 0xD6, 0x1F, 0x4B, 0x56, 0x80, 0x40, 0x4B, 0x14, 0x6B, 0x50,
    0x12, 0xC5, 0x2A, 0x74, 0x44, 0xB1, 0x0E, 0x15, 0x51, 0xAC, 0x44, 0x43, 0x14, 0x6B, 0x51, 0x10,
    0xC5, 0x48, 0xA3, 0x1F, 0x8A, 0xF5, 0xA8, 0x87, 0x62, 0x45, 0xDA, 0xA1, 0x58, 0x93, 0x72, 0x28,
    0x56, 0xA5, 0x1B, 0x8A, 0x75, 0xA9, 0x86, 0x62, 0x65, 0x9A, 0xA1, 0x58, 0x9B, 0x62, 0x28, 0x56,
    0xA7, 0x17, 0x8A, 0xF5, 0xA9, 0x85, 0x62, 0x85, 0x5A, 0xA1, 0x58, 0xA3, 0x52, 0x28, 0x56, 0xA9,
    0x13, 0x8A, 0x91, 0x53, 0x25, 0x14, 0x2B, 0xD5, 0x08, 0xC5, 0x5A, 0x15, 0x42, 0xB1, 0x5A, 0x7D,
    0x50, 0xAC, 0x57, 0x1D, 0x14, 0x2B, 0xD6, 0x06, 0xC5, 0x9A, 0x95, 0x41, 0xB1, 0x6A, 0x5D, 0x50,
    0xAC, 0x5B, 0x15, 0x14, 0x2B, 0xD7, 0x04, 0xC5, 0xDA, 0x15, 0x41, 0xB1, 0x7A, 0x3D, 0x50, 0xAC,
    0x5F, 0x0D, 0x14, 0x23, 0xC1, 0x16, 0x28, 0xD6, 0xB0, 0x04, 0x8A, 0x45, 0xF1, 0xAC, 0xD8, 0xC7,
    0x0A, 0x28, 0x56, 0xB2, 0x01, 0x06, 0xCF, 0xC0, 0xD4, 0x30, 0x00, 0xB4, 0xC3, 0x2B, 0xC3, 0x80,
    0xD7, 0x7C, 0x68, 0x65, 0x18, 0xF0, 0x05, 0x49, 0xFA, 0xA1, 0x94, 0x2D, 0xE9, 0xC3, 0x26, 0x45,
    0xD4, 0x87, 0x48, 0xD2, 0xA8, 0x0F, 0x87, 0x34, 0x41, 0x1F, 0xFA, 0xB8, 0x83, 0x3E, 0xCC, 0xB1,
    0xF9, 0xFA, 0x90, 0x46, 0xE1, 0xE9, 0xC3, 0x17, 0xA9, 0xA7, 0x0F, 0x4D, 0xE4, 0x96, 0x3E, 0x9C,
    0x38, 0x64, 0x33, 0xAD, 0x8D, 0xE3, 0x04, 0x98, 0xC7, 0x73, 0x07, 0x38, 0x27, 0x8A, 0x3A, 0xD0,
    0x46, 0xB1, 0x22, 0x8C, 0x51, 0xAC, 0x0D, 0x62, 0x97, 0x4B, 0xC8, 0x5C, 0x7E, 0x21, 0x70, 0x39,
    0x87, 0xD1, 0xE3, 0x22, 0x0A, 0x8F, 0x9F, 0x38, 0x7D, 0xCE, 0xE2, 0xF1, 0x79, 0x8C, 0x3B, 0x70,
    0x9B, 0x03, 0x9A, 0xA0, 0x39, 0x86, 0x01, 0xBF, 0x10, 0xB6, 0xE3, 0x0C, 0x08, 0xA0, 0x18, 0x70,
    0xE5, 0x37, 0x05, 0x14, 0x03, 0x7E, 0xB4, 0x26, 0x81, 0xC2, 0x43, 0x44, 0x1E, 0x8D, 0xE2, 0xD7,
    0x39, 0x89, 0x51, 0xE3, 0x20, 0x33, 0xEC, 0x1E, 0xE2, 0x70, 0xE9, 0x09, 0xA7, 0xC2, 0x1F, 0x14,
    0x32, 0x5F, 0xE8, 0xA2, 0x58, 0x0D, 0xCE, 0x28, 0x56, 0x81, 0x37, 0x2A, 0xA1, 0xFD, 0x02, 0xC9,
    0x65, 0xC0, 0xFF, 0xE5, 0x32, 0xE0, 0xE3, 0x50, 0x4B, 0x03, 0x04, 0x0A, 0x00, 0x00, 0x00, 0x06,
    0x00, 0xC0, 0x95, 0x6B, 0x1B, 0x34, 0xE8, 0x0C, 0x00, 0x00, 0x00, 0x14, 0x00, 0x00, 0x00, 0xD4,
    0x07, 0x00, 0x00, 0xDB, 0x03, 0x00, 0x00, 0x40, 0x10, 0x00, 0x00, 0x01, 0x00, 0x00, 0x00, 0x0F,
    0x00, 0x12, 0x03, 0x24, 0x15, 0x36, 0x27, 0x38, 0x39, 0x6A, 0x7B, 0x4C, 0x9D, 0x6E, 0x1F, 0x09,
    0x06, 0x01, 0x13, 0x34, 0xE5, 0xF6, 0x96, 0xF7, 0x11, 0x0C, 0x3B, 0xF2, 0x03, 0xC3, 0x33, 0x38,
    0x76, 0xDE, 0x02, 0x88, 0xBD, 0x40, 0xB5, 0x0E, 0x05, 0x88, 0x12, 0x20, 0x6D, 0x80, 0x29, 0x01,
    0xCA, 0x05, 0x20, 0xED, 0x03, 0x4D, 0x14, 0x6B, 0x41, 0x12, 0xC5, 0x8A, 0x30, 0x44, 0xB1, 0x2E,
    0xF4, 0x50, 0xAC, 0x0D, 0x39, 0x14, 0x2B, 0xC4, 0x0C, 0xC5, 0x3A, 0xD1, 0x42, 0xB1, 0x5A, 0x9C,
    0x50, 0xAC, 0x19, 0x21, 0x14, 0xEB, 0x46, 0x07, 0xC5, 0xEA, 0x71, 0x41, 0xB1, 0x82, 0x4C, 0x50,
    0xAC, 0x24, 0x0B, 0x14, 0xAB, 0xC9, 0x81, 0x00, 0x03, 0x14, 0x9F, 0x62, 0x18, 0xD0, 0xCA, 0x1D,
    0x65, 0x40, 0x00, 0xC5, 0x00, 0xB0, 0x27, 0x05, 0x14, 0x03, 0x5E, 0x20, 0x2D, 0x2B, 0x06, 0xE0,
    0x4B, 0x12, 0x28, 0x06, 0x7C, 0x41, 0x9B, 0xA8, 0x62, 0x00, 0xF4, 0x48, 0x03, 0xC5, 0x00, 0x6C,
    0x91, 0x07, 0x8A, 0x81, 0xD6, 0x4D, 0x4D, 0x4D, 0x55, 0x45, 0xA5, 0x19, 0xE6, 0x9A, 0x4A, 0xA7,
    0x43, 0x22, 0x28, 0x06, 0xC0, 0x5D, 0x1E, 0x55, 0x0C, 0xCC, 0xD9, 0x03, 0xBC, 0x58, 0x90, 0xC0,
    0x31, 0x77, 0xE8, 0xE0, 0x98, 0x2E, 0x78, 0xE1, 0x98, 0x16, 0xA8, 0x51, 0x40, 0xE5, 0xF2, 0x80,
    0x28, 0x8A, 0x49, 0xA5, 0x00, 0xED, 0x04, 0xFB, 0x6A, 0x80, 0x2D, 0x01, 0xDA, 0xF8, 0xF6, 0x84,
    0x01, 0x25, 0x06, 0x84, 0x70, 0xEC, 0x0D, 0x03, 0x3A, 0x14, 0xF8, 0xC0, 0xB1, 0x3D, 0xE2, 0xC0,
    0x80, 0x05, 0x05, 0x06, 0x54, 0x28, 0x60, 0xAE, 0xA6, 0x9F, 0x38, 0x70, 0xE0, 0x83, 0xE8, 0xAA,
    0x3C, 0x41, 0x01, 0xDB, 0x0D, 0x1F, 0x30, 0xE0, 0x41, 0x01, 0xCB, 0x3D, 0x4F, 0x70, 0x60, 0x43,
    0x81, 0x05, 0x07, 0x22, 0x1C, 0x48, 0x20, 0x5B, 0x0B, 0x2A, 0x0C, 0x60, 0x5F, 0xF6, 0x01, 0x07,
    0x0A, 0x38, 0xE7, 0x01, 0xA0, 0xFB, 0xCF, 0xBE, 0xE9, 0x96, 0x6B, 0xF6, 0x02, 0x52, 0x4D, 0xE1,
    0x5F, 0xD4, 0x27, 0x10, 0x5E, 0x73, 0x68, 0x57, 0xB5, 0x25, 0xF9, 0x01, 0xE2, 0xC6, 0xB4, 0x05,
    0xAB, 0x04, 0x78, 0x3B, 0xDB, 0x05, 0x8E, 0x88, 0xEE, 0xB8, 0xF4, 0x03, 0x30, 0x55, 0xD8, 0x4B,
    0x58, 0xA6, 0x6A, 0xAB, 0xED, 0x0B, 0x2C, 0xB3, 0x29, 0x2B, 0xC1, 0x09, 0xF7, 0xD6, 0x5B, 0xB6,
    0x75, 0x9B, 0x45, 0x15, 0xF3, 0x93, 0x06, 0x36, 0x4B, 0x5B, 0x0C, 0x63, 0x9B, 0xE1, 0x11, 0xA8,
    0x16, 0xB2, 0x23, 0x76, 0x82, 0x06, 0x8A, 0x2B, 0x5A, 0x2B, 0xD8, 0xBD, 0x80, 0x65, 0xB6, 0x5E,
    0xD4, 0x01, 0xB9, 0xE0, 0x07, 0x34, 0xF3, 0x03, 0x5F, 0xAB, 0x80, 0xE0, 0xB0, 0xEA, 0x19, 0xFD,
    0x60, 0x2A, 0x69, 0xF7, 0x02, 0xCF, 0x24, 0x84, 0x2A, 0x6B, 0x40, 0x03, 0x49, 0xA3, 0x29, 0x0E,
    0x58, 0x27, 0x96, 0x7D, 0xC2, 0x3D, 0xB6, 0x2C, 0x53, 0xE3, 0x06, 0x96, 0xA5, 0x6F, 0x2B, 0x07,
    0x69, 0xC8, 0x03, 0xE4, 0x28, 0xA0, 0x1A, 0xD7, 0x30, 0x2E, 0xCB, 0x00, 0x2F, 0x20, 0xC8, 0x44,
    0xBE, 0x77, 0x48, 0x06, 0x54, 0x8E, 0x01, 0x0B, 0x24, 0x03, 0xBA, 0x80, 0xBF, 0xC1, 0x25, 0x03,
    0x64, 0x81, 0x03, 0xD6, 0x28, 0xC9, 0x76, 0x7B, 0x1C, 0x63, 0x85, 0x62, 0x75, 0xF8, 0xA1, 0x18,
    0x79, 0x20, 0x94, 0x17, 0x01, 0x47, 0xFF, 0x19, 0x90, 0x15, 0xAC, 0x0C, 0xB0, 0xD5, 0x10, 0x9C,
    0x41, 0xE6, 0xE7, 0xC4, 0x27, 0x0C, 0x23, 0x15, 0x52, 0x18, 0x46, 0x26, 0xAC, 0x30, 0x4C, 0x23,
    0xB4, 0x30, 0x8C, 0x3C, 0x78, 0x61, 0x18, 0x69, 0x10, 0xC3, 0x30, 0x5D, 0x30, 0xC3, 0x30, 0x92,
    0xA0, 0x86, 0x61, 0xE4, 0xC0, 0x0D, 0xC3, 0xB4, 0x40, 0x0E, 0xC3, 0xC8, 0x80, 0x1D, 0x86, 0x11,
    0x42, 0x35, 0x0C, 0x78, 0x63, 0x88, 0x0E, 0x86, 0x01, 0xD8, 0x11, 0x1B, 0x0C, 0x03, 0xB2, 0x44,
    0x06, 0xC3, 0x00, 0x73, 0xE2, 0x82, 0x61, 0x80, 0x49, 0x51, 0xC1, 0x30, 0x00, 0xBB, 0x62, 0x82,
    0x61, 0xA0, 0x5B, 0x44, 0x30, 0x0C, 0x30, 0x2F, 0x1E, 0x18, 0x06, 0x98, 0x18, 0x0D, 0x0C, 0x03,
    0xCC, 0x8C, 0x05, 0x86, 0x41, 0xD6, 0x70, 0xDA, 0x66, 0x7B, 0xFD, 0x4C, 0x65, 0xA6, 0xD8, 0x4E,
    0x8E, 0x36, 0x7C, 0xC4, 0x62, 0x93, 0x1D, 0x16, 0x9B, 0x2F, 0x58, 0x6C, 0x57, 0x38, 0x61, 0x18,
    0x99, 0x90, 0xC2, 0x30, 0x12, 0x61, 0x85, 0x61, 0xFA, 0xA0, 0x85, 0x61, 0xA4, 0xC1, 0x0B, 0xC3,
    0xC8, 0x82, 0x18, 0x86, 0x69, 0x82, 0x19, 0x86, 0x91, 0x03, 0x35, 0x0C, 0x23, 0x05, 0x6E, 0x18,
    0xA6, 0x03, 0x72, 0x18, 0x46, 0x02, 0xEC, 0x30, 0x8C, 0x84, 0xD8, 0x60, 0x18, 0xF0, 0xEE, 0x11,
    0x19, 0x0C, 0x03, 0x4C, 0x89, 0x0B, 0x86, 0x01, 0xE6, 0x44, 0x05, 0xC3, 0x00, 0x6C, 0x8A, 0x09,
    0x86, 0x81, 0x5E, 0x11, 0xC1, 0x30, 0xC0, 0xB4, 0x78, 0x60, 0x18, 0x60, 0x5E, 0x34, 0x30, 0x0C,
    0x30, 0x31, 0x16, 0x18, 0x06, 0x39, 0xC3, 0x62, 0x9B, 0xE0, 0x46, 0x38, 0x27, 0xF8, 0x1D, 0xEF,
    0x0D, 0x50, 0x25, 0xC0, 0x5A, 0x9D, 0xD0, 0x4C, 0xE7, 0x0A, 0xC5, 0xE0, 0x27, 0x0A, 0x28, 0x06,
    0x63, 0xB1, 0x2A, 0x46, 0x46, 0x24, 0x50, 0x0C, 0x16, 0x62, 0x81, 0x62, 0xB0, 0x0F, 0x0D, 0x14,
    0x23, 0x1D, 0x1E, 0x28, 0x06, 0xDB, 0x10, 0x41, 0x31, 0x58, 0x86, 0x09, 0x8A, 0x39, 0x84, 0x09,
    0xA3, 0x0B, 0x23, 0x14, 0x83, 0x55, 0x28, 0xA1, 0x18, 0x99, 0x70, 0x42, 0x31, 0x58, 0x84, 0x14,
    0x8A, 0xC1, 0x90, 0x5D, 0x31, 0xD2, 0xA0, 0x85, 0x62, 0x30, 0x26, 0xA5, 0x62, 0xB0, 0x04, 0x31,
    0x14, 0x23, 0x07, 0x66, 0x28, 0x06, 0xE3, 0x90, 0x2B, 0x06, 0x1B, 0x70, 0x43, 0x31, 0xC2, 0x89,
    0x15, 0x03, 0xE0, 0x82, 0x86, 0x29, 0x06, 0x50, 0x92, 0x02, 0xA9, 0x18, 0xA0, 0x44, 0x19, 0xA4,
    0x62, 0x20, 0x62, 0x7C, 0x50, 0xAC, 0x16, 0x23, 0x34, 0x49, 0x29, 0x4A, 0x28, 0xD6, 0x09, 0x31,
    0x9C, 0x12, 0x94, 0x48, 0xA1, 0x58, 0x23, 0x8C, 0x41, 0x09, 0x42, 0x48, 0x60, 0x95, 0xE0, 0xC3,
    0x0B, 0xCB, 0x88, 0x6B, 0xAA, 0x98, 0x17, 0x84, 0x50, 0x0C, 0xC0, 0x8C, 0x48, 0xA1, 0x18, 0x6D,
    0x10, 0x42, 0x31, 0x80, 0x1E, 0x71, 0x42, 0x31, 0xFA, 0x20, 0x84, 0x62, 0x00, 0x3D, 0xA2, 0x84,
    0x62, 0x34, 0x42, 0x08, 0xC5, 0x00, 0x7A, 0xC4, 0x08, 0xC5, 0xE8, 0x84, 0x10, 0x8A, 0x01, 0xF4,
    0x88, 0x10, 0x8A, 0xD1, 0x0A, 0x21, 0x14, 0x03, 0xE8, 0x11, 0x1F, 0x14, 0xA3, 0x17, 0x42, 0x28,
    0xD6, 0x86, 0x0E, 0x8A, 0xD5, 0x61, 0x83, 0xE2, 0x03, 0xB4, 0x86, 0x0D, 0x03, 0x9E, 0xC0, 0x00,
    0x6F, 0x18, 0xB8, 0x4B, 0xFB, 0x2B, 0xC0, 0x9C, 0x01, 0x43, 0xB1, 0xE8, 0x3E, 0x50, 0x4B, 0x1D,
    0xEF, 0x78, 0xA0, 0x18, 0x80, 0xED, 0xD1, 0x40, 0x31, 0x00, 0xFE, 0x63, 0x81, 0x62, 0x00, 0x3C,
    0x48, 0x02, 0xC5, 0x80, 0x17, 0x0C, 0x39, 0xA0, 0x18, 0x60, 0x8A, 0x14, 0x50, 0x0C, 0x80, 0x1F,
    0x19, 0xA0, 0x18, 0x80, 0x32, 0x31, 0x9C, 0xC4, 0x30, 0x58, 0x50, 0x4B, 0x03, 0x04, 0x0A, 0x00,
    0x00, 0x00, 0x06, 0x00, 0xC0, 0x95, 0x6B, 0x1B, 0xE9, 0x94, 0x08, 0x00, 0x00, 0x00, 0x0C, 0x00,
    0x00, 0x00, 0x09, 0x01, 0x00, 0x00, 0x4E, 0x03, 0x00, 0x00, 0x01, 0x00, 0x00, 0x00, 0x0F, 0x00,
    0x12, 0x03, 0x24, 0x15, 0x36, 0x27, 0x38, 0x39, 0x6A, 0x7B, 0x4C, 0x9D, 0x6E, 0x1F, 0x09, 0x06,
    0x01, 0x13, 0x34, 0xE5, 0xF6, 0x96, 0xF7, 0x09, 0x0C, 0x3B, 0x82, 0x61, 0x37, 0x1B, 0x60, 0x78,
    0xBD, 0x00, 0xFD, 0x02, 0x74, 0x0C, 0xF0, 0x33, 0xC0, 0x8A, 0x00, 0x45, 0x02, 0x1C, 0x08, 0x30,
    0x60, 0xC0, 0x08, 0xC2, 0x03, 0x14, 0x60, 0xFD, 0xC0, 0x87, 0x03, 0x8A, 0xA9, 0xE9, 0x8A, 0x17,
    0xA8, 0x70, 0x40, 0xB3, 0x52, 0x0C, 0x90, 0xAF, 0x06, 0x07, 0x06, 0x24, 0x68, 0x20, 0x79, 0x03,
    0xC9, 0x0B, 0x48, 0x6E, 0xD9, 0x86, 0x17, 0xD0, 0x0C, 0x78, 0x5A, 0x02, 0xCD, 0xF4, 0x82, 0x31,
    0x73, 0x0A, 0xC5, 0x80, 0x55, 0x67, 0x37, 0x68, 0x10, 0xC1, 0x31, 0x2F, 0xA8, 0xB0, 0xC0, 0x31,
    0x27, 0xD8, 0x70, 0xC0, 0x31, 0x1F, 0xE8, 0xE0, 0x18, 0x40, 0xD6, 0x0E, 0x50, 0x2C, 0x40, 0x9D,
    0x01, 0x8F, 0x03, 0x0C, 0xB3, 0xC6, 0xB2, 0xF6, 0xA2, 0x05, 0x2F, 0x14, 0xFB, 0x4E, 0x88, 0x16,
    0x8A, 0xFD, 0x66, 0xC5, 0x0A, 0xC5, 0x48, 0x8B, 0x14, 0x8A, 0xF5, 0xE2, 0x84, 0x62, 0xC5, 0x28,
    0xA1, 0xD8, 0x71, 0x5E, 0x28, 0xE6, 0x18, 0x23, 0x14, 0x6B, 0x46, 0x08, 0xC5, 0x48, 0x8D, 0x0F,
    0x8A, 0x75, 0xA3, 0x83, 0x62, 0xE5, 0xD8, 0xA0, 0x18, 0x9D, 0x93, 0x23, 0x83, 0x62, 0xED, 0xB8,
    0xA0, 0x18, 0xE9, 0x51, 0x41, 0xB1, 0x7E, 0x4C, 0x50, 0xAC, 0x20, 0x11, 0x14, 0x23, 0x43, 0x1E,
    0x28, 0x76, 0x9D, 0x21, 0x0D, 0x14, 0x23, 0x45, 0x16, 0x28, 0xD6, 0x91, 0x04, 0x8A, 0x95, 0xE4,
    0x80, 0x62, 0x64, 0x49, 0x01, 0xC5, 0x6A, 0x62, 0x4A, 0xBA, 0xB3, 0x44, 0x71, 0xC1, 0xEF, 0x34,
    0x31, 0x0C, 0xB2, 0xCC, 0x17, 0xC3, 0x83, 0x0C, 0x32, 0xEE, 0x5F, 0x86, 0x91, 0x01, 0xC1, 0x0C,
    0x03, 0x92, 0x93, 0x1A, 0x06, 0x7C, 0x31, 0x50, 0x4B, 0x03, 0x04, 0x0A, 0x00, 0x00, 0x00, 0x06,
    0x00, 0xC0, 0x95, 0x6B, 0x1B, 0xDE, 0x54, 0x08, 0x00, 0x00, 0x00, 0x0C, 0x00, 0x00, 0x00, 0x89,
    0x00, 0x00, 0x00, 0xF4, 0x00, 0x00, 0x00, 0x01, 0x00, 0x00, 0x00, 0x0F, 0x00, 0x12, 0x03, 0x24,
    0x15, 0x36, 0x27, 0x38, 0x39, 0x6A, 0x7B, 0x4C, 0x9D, 0x6E, 0x1F, 0x09, 0x06, 0x01, 0x13, 0x34,
    0xE5, 0xF6, 0x96, 0xF7, 0x09, 0x0C, 0x93, 0xC8, 0x01, 0x8A, 0x05, 0x08, 0x1E, 0xE0, 0x61, 0x80,
    0x19, 0x01, 0x9A, 0x04, 0x18, 0x10, 0xE0, 0x41, 0x09, 0xC3, 0x0F, 0xB4, 0x28, 0xC0, 0x7A, 0x88,
    0x09, 0x01, 0x14, 0xBF, 0xB0, 0x40, 0x31, 0x37, 0x88, 0xA0, 0xD8, 0x15, 0x22, 0x3C, 0x50, 0x8C,
    0x8A, 0xA6, 0x19, 0x12, 0xE8, 0xD6, 0x86, 0x03, 0x13, 0x2C, 0xA3, 0xD2, 0x61, 0x13, 0x2A, 0x34,
    0x50, 0xEC, 0x08, 0x19, 0x16, 0x28, 0x06, 0x77, 0x4D, 0x2F, 0x3C, 0x30, 0x2E, 0xD0, 0x23, 0x08,
    0x1A, 0x55, 0x0C, 0x73, 0x4D, 0x33, 0x34, 0xB0, 0x36, 0x4F, 0x50, 0xAF, 0x0A, 0x17, 0x12, 0xD8,
    0x57, 0x06, 0xC5, 0x40, 0xEB, 0xA6, 0xD2, 0xA9, 0xAC, 0xA9, 0xB2, 0xA9, 0x71, 0x82, 0xEA, 0xC6,
    0xB5, 0x41, 0x95, 0x07, 0x50, 0x4B, 0x03, 0x04, 0x0A, 0x00, 0x00, 0x80, 0x06, 0x00, 0xC1, 0x95,
    0x6B, 0x1B, 0x6D, 0xA7, 0x08, 0x00, 0x00, 0x00, 0x0C, 0x00, 0x00, 0x00, 0x5B, 0x00, 0x00, 0x00,
    0x30, 0x03, 0x00, 0x00, 0x01, 0x00, 0x00, 0x00, 0x0F, 0x00, 0x12, 0x03, 0x24, 0x15, 0x36, 0x27,
    0x38, 0x39, 0x6A, 0x7B, 0x4C, 0x9D, 0x6E, 0x1F, 0x09, 0x06, 0x01, 0x13, 0x34, 0xE5, 0xF6, 0x96,
    0xF7, 0x09, 0x0C, 0x13, 0xC1, 0x47, 0x04, 0x78, 0x16, 0x20, 0x6B, 0x80, 0x68, 0x01, 0x72, 0x06,
    0x28, 0x80, 0x79, 0x81, 0x66, 0x8A, 0xF5, 0x60, 0x98, 0x62, 0x65, 0xC8, 0xA5, 0x58, 0x21, 0x62,
    0x29, 0xD6, 0x8A, 0x53, 0x8A, 0x55, 0xA3, 0x93, 0x62, 0xF5, 0xA8, 0xA4, 0x58, 0x47, 0x16, 0x29,
    0xD6, 0x92, 0x43, 0x8A, 0x01, 0xFF, 0x57, 0x0C, 0x38, 0xD3, 0x81, 0x40, 0x03, 0x14, 0x8F, 0x66,
    0x18, 0xF0, 0xE9, 0x50, 0x4B, 0x03, 0x04, 0x0A, 0x00, 0x00, 0x80, 0x06, 0x00, 0xC1, 0x95, 0x6B,
    0x1B, 0x8A, 0xB9, 0x0C, 0x00, 0x00, 0x00, 0x14, 0x00, 0x00, 0x00, 0xDC, 0x0C, 0x00, 0x00, 0xCD,
    0x0E, 0x00, 0x00, 0xC2, 0x24, 0x00, 0x00, 0x01, 0x00, 0x00, 0x00, 0x0F, 0x00, 0x12, 0x03, 0x24,
    0x15, 0x36, 0x27, 0x38, 0x39, 0x6A, 0x7B, 0x4C, 0x9D, 0x6E, 0x1F, 0x09, 0x06, 0x01, 0x13, 0x34,
    0xE5, 0xF6, 0x96, 0xF7, 0x11, 0x0C, 0x3B, 0x74, 0x06, 0xC7, 0xB4, 0xE7, 0x00, 0xC3, 0x29, 0x2F,
    0x17, 0x60, 0x53, 0x80, 0xB6, 0x01, 0x0A, 0x05, 0x58, 0x14, 0xA0, 0x40, 0x80, 0x20, 0x15, 0x62,
    0x28, 0xF6, 0x8E, 0x10, 0x2B, 0x14, 0x3B, 0xC7, 0x89, 0x13, 0x8A, 0xD1, 0x1B, 0x29, 0x14, 0xF3,
    0x8A, 0x12, 0x8A, 0xC1, 0x52, 0xE8, 0x86, 0x2B, 0x86, 0xE7, 0x28, 0x91, 0x42, 0xB1, 0x7B, 0x74,
    0x68, 0xA1, 0x18, 0x60, 0x36, 0xBC, 0x50, 0x0C, 0x00, 0xB8, 0xA3, 0x83, 0x62, 0xF8, 0x86, 0x18,
    0x8A, 0x01, 0x60, 0x3D, 0x32, 0x28, 0x46, 0x5C, 0xC3, 0x42, 0x24, 0xE9, 0xA0, 0xD8, 0x0F, 0xEA,
    0x60, 0x53, 0xC1, 0x0F, 0xFC, 0x31, 0xBC, 0x40, 0x20, 0xC3, 0x00, 0xD7, 0xBE, 0x80, 0x73, 0x79,
    0x1F, 0x48, 0x31, 0x58, 0x80, 0x41, 0x96, 0x91, 0x02, 0x7D, 0x0C, 0x5B, 0xD4, 0xE7, 0x34, 0x50,
    0xEC, 0x06, 0x63, 0x2E, 0x28, 0x76, 0x85, 0x25, 0xF6, 0xA4, 0x0F, 0x35, 0x66, 0xD8, 0x82, 0x8B,
    0x04, 0xB8, 0x16, 0xE0, 0x69, 0x80, 0x6C, 0x01, 0x1A, 0xAA, 0x57, 0x82, 0x68, 0x8A, 0xB5, 0xE1,
    0x97, 0x62, 0xB5, 0x68, 0xA5, 0x58, 0x3F, 0x36, 0x29, 0x56, 0x94, 0x44, 0x8A, 0x35, 0xE6, 0x4E,
    0x80, 0x05, 0x8A, 0x2F, 0x18, 0x30, 0x60, 0xC0, 0x81, 0x02, 0x5B, 0xCA, 0x60, 0x6F, 0xF9, 0x83,
    0x02, 0x96, 0xC7, 0x99, 0xA2, 0x5A, 0x09, 0x06, 0x24, 0x28, 0x80, 0x79, 0x9F, 0x20, 0xB6, 0x6E,
    0x39, 0xE4, 0x82, 0x1F, 0x18, 0x70, 0x61, 0x00, 0x63, 0x53, 0xD7, 0x80, 0x2F, 0xE2, 0xF4, 0x83,
    0x7B, 0x93, 0x5E, 0xE0, 0x82, 0xEB, 0xA6, 0x25, 0xDB, 0x98, 0x1F, 0x20, 0xDC, 0x70, 0xE5, 0xE1,
    0x1F, 0xF0, 0xC2, 0x9D, 0x6F, 0xF0, 0xDD, 0xF2, 0x11, 0x03, 0x22, 0x0C, 0x10, 0xB5, 0x84, 0x53,
    0xC1, 0x27, 0xD8, 0xBE, 0x61, 0x85, 0xAD, 0x77, 0xB0, 0x2D, 0xE6, 0x1E, 0x50, 0x41, 0xBD, 0x9C,
    0x6D, 0xC4, 0x46, 0x94, 0x0A, 0x64, 0x70, 0xFC, 0xC5, 0x88, 0x10, 0xBA, 0x83, 0x57, 0x03, 0xF9,
    0xAD, 0x2D, 0x5D, 0xB3, 0x60, 0x78, 0x82, 0x10, 0x59, 0x44, 0xC5, 0xDA, 0xFD, 0x21, 0x81, 0xA1,
    0x3B, 0x2E, 0xEC, 0x05, 0x16, 0x58, 0x1F, 0x41, 0xF5, 0x0B, 0xAA, 0x16, 0xEB, 0x21, 0x44, 0xCD,
    0xF0, 0x25, 0x6F, 0x5D, 0x70, 0x3D, 0x83, 0x25, 0x4B, 0xB6, 0x3A, 0x18, 0x76, 0x04, 0xC8, 0x32,
    0xAF, 0x02, 0xE2, 0x6D, 0xAC, 0x8A, 0x62, 0xC1, 0xCA, 0x60, 0x2B, 0x51, 0xA6, 0x05, 0x12, 0x1C,
    0x88, 0xB0, 0x45, 0xD3, 0x9A, 0xE0, 0xAB, 0xDE, 0xB6, 0x3A, 0xFB, 0x80, 0xA1, 0x04, 0x5F, 0x13,
    0xB6, 0xD8, 0x5B, 0xBA, 0x1E, 0x42, 0xB9, 0x2C, 0x2D, 0x65, 0x5B, 0xF3, 0x08, 0xAA, 0x59, 0x5C,
    0x3A, 0xA0, 0x6F, 0x5E, 0x50, 0xA0, 0x01, 0x29, 0xDB, 0xBA, 0x3F, 0x38, 0x4B, 0xC6, 0x52, 0x05,
    0x63, 0x96, 0x60, 0x2F, 0xA0, 0x24, 0x81, 0x32, 0x1F, 0xF0, 0x2D, 0x89, 0xD9, 0xB1, 0x5B, 0xA8,
    0x2E, 0xAD, 0xC2, 0xB6, 0xA4, 0x57, 0x10, 0xFD, 0x81, 0xE8, 0xD6, 0x67, 0xD0, 0x94, 0x0F, 0xB0,
    0xDF, 0xC0, 0xB3, 0xED, 0xC5, 0xEA, 0xBB, 0x52, 0x5B, 0x4B, 0x1E, 0x05, 0x2E, 0xF6, 0x15, 0x69,
    0xA0, 0x4F, 0x36, 0xA6, 0x1F, 0x30, 0xAD, 0x02, 0xBE, 0x66, 0x53, 0x53, 0x7D, 0xD2, 0x82, 0x09,
    0x07, 0x36, 0xE8, 0xB6, 0xA9, 0x9F, 0xB0, 0x95, 0x7C, 0xDD, 0x5A, 0x56, 0xF4, 0x08, 0x96, 0xE8,
    0x03, 0x9A, 0xC0, 0x1B, 0x54, 0x37, 0x84, 0x94, 0x83, 0x83, 0x5D, 0x5D, 0x90, 0x8D, 0x8B, 0xA8,
    0xD3, 0xE7, 0x08, 0xBA, 0xA6, 0xA4, 0xD2, 0x06, 0xF5, 0x91, 0x8B, 0x90, 0x4D, 0x0C, 0xBA, 0xB0,
    0x45, 0x9C, 0xC4, 0x6D, 0x96, 0x07, 0x7B, 0x97, 0x30, 0x4E, 0x90, 0x00, 0xB2, 0x10, 0x9F, 0x60,
    0x5B, 0xF8, 0x2E, 0xDB, 0xA2, 0xBE, 0x00, 0x5F, 0x56, 0x79, 0x92, 0x67, 0xA9, 0x8A, 0xBB, 0x38,
    0xB2, 0xFC, 0x7D, 0x81, 0xB6, 0x85, 0xDD, 0x92, 0x28, 0xCB, 0xE5, 0x5B, 0xEF, 0xED, 0xA2, 0x5E,
    0x0D, 0x70, 0xED, 0x06, 0x5A, 0x97, 0xE1, 0x2F, 0x00, 0xF1, 0xE4, 0x8D, 0xAC, 0x9E, 0xE0, 0xCA,
    0x13, 0x84, 0x2D, 0xC7, 0x2E, 0x60, 0x5C, 0xC4, 0x03, 0x6B, 0x17, 0x81, 0x2B, 0x7A, 0x94, 0x6C,
    0x59, 0xF7, 0x02, 0xC6, 0x14, 0x5B, 0x69, 0xAD, 0x07, 0xBA, 0x5F, 0xC0, 0x97, 0x32, 0x88, 0x93,
    0x1A, 0x24, 0xD0, 0x07, 0x09, 0xB3, 0x12, 0x44, 0x50, 0x14, 0x51, 0xBB, 0x0C, 0x0C, 0x7E, 0x80,
    0xCE, 0xF8, 0xC0, 0x04, 0xF1, 0x52, 0x54, 0xCA, 0xBE, 0x40, 0x6C, 0x2B, 0xBA, 0xF1, 0x2C, 0x47,
    0x05, 0x04, 0xA5, 0x0D, 0x2E, 0x5F, 0xFC, 0x2D, 0x0C, 0x26, 0xB4, 0x1F, 0x98, 0xB2, 0x88, 0x99,
    0x07, 0x44, 0x30, 0x2F, 0x87, 0x6B, 0x83, 0x27, 0x75, 0x6B, 0x81, 0xCB, 0x65, 0x6B, 0x7A, 0xC1,
    0x56, 0x02, 0x95, 0x5D, 0x8E, 0x85, 0xAD, 0x03, 0x6E, 0x8F, 0xFA, 0x8A, 0xBA, 0xAF, 0xDE, 0x42,
    0xBF, 0xDE, 0x4B, 0x33, 0x1D, 0x01, 0x9D, 0x0D, 0xBC, 0xBC, 0xA9, 0xA5, 0x6E, 0xE0, 0x17, 0xEB,
    0x12, 0x35, 0x66, 0xD9, 0x33, 0x25, 0xDE, 0x53, 0x2E, 0x40, 0xB3, 0x28, 0xA2, 0x58, 0xE6, 0x3A,
    0x82, 0x6C, 0x52, 0xC1, 0x1B, 0xB0, 0x3D, 0x4A, 0x32, 0x4F, 0xF8, 0xA2, 0x4A, 0x52, 0x64, 0xC9,
    0xFB, 0x01, 0xB2, 0x23, 0xBF, 0x2F, 0x80, 0xC9, 0x8A, 0xA0, 0x07, 0x5F, 0xDC, 0xEB, 0x81, 0x64,
    0x0D, 0x90, 0x67, 0x4E, 0xE0, 0x8D, 0xAC, 0x34, 0x25, 0x9B, 0x68, 0xFE, 0x40, 0xEC, 0xF1, 0x00,
    0x77, 0xA0, 0x5E, 0xCF, 0x1B, 0xBE, 0x68, 0x5C, 0x9D, 0x48, 0x00, 0xCC, 0xEC, 0x3E, 0x31, 0xD8,
    0xBA, 0x35, 0xEE, 0x03, 0x21, 0x1C, 0xB6, 0xBD, 0xAE, 0xCC, 0x99, 0x98, 0xAA, 0xEA, 0x13, 0xB4,
    0x96, 0x4D, 0x15, 0xD1, 0x17, 0x00, 0xA2, 0x0C, 0xBE, 0x4C, 0x5B, 0x60, 0x72, 0x06, 0x4D, 0x3B,
    0x81, 0xD9, 0xA3, 0x07, 0x84, 0x9A, 0x1E, 0x58, 0xE7, 0x12, 0xF0, 0x65, 0xDD, 0x0D, 0xAC, 0xF3,
    0x06, 0xEB, 0x84, 0x7F, 0xDF, 0x0B, 0x58, 0xA2, 0x12, 0x80, 0x7C, 0x5A, 0x41, 0x56, 0xEC, 0x29,
    0x6D, 0x28, 0x60, 0x30, 0x68, 0x01, 0x5D, 0x26, 0x13, 0x1C, 0x25, 0xAD, 0xEB, 0x0E, 0x2E, 0x85,
    0x1B, 0xF0, 0xB3, 0x38, 0x65, 0x73, 0x53, 0xC9, 0x43, 0x78, 0x66, 0xED, 0x34, 0x83, 0xCF, 0xD0,
    0x17, 0x9F, 0x4F, 0x2B, 0x78, 0x02, 0xD5, 0xC5, 0x22, 0x85, 0x64, 0x08, 0xE3, 0x33, 0x69, 0x06,
    0x66, 0x92, 0xCF, 0x97, 0xCA, 0x11, 0x2B, 0xF2, 0x84, 0x30, 0xCA, 0x92, 0x2F, 0xCF, 0xE0, 0x35,
    0x29, 0x2A, 0xDB, 0xD4, 0x1F, 0x98, 0xD6, 0x80, 0x13, 0xC8, 0x25, 0x09, 0x82, 0xE8, 0xBC, 0x21,
    0x8C, 0xD7, 0x64, 0xA7, 0x7C, 0x81, 0xDD, 0x67, 0x41, 0xF6, 0x83, 0x31, 0xA6, 0xB6, 0x31, 0xBA,
    0x01, 0x3E, 0x32, 0x2F, 0x31, 0xA1, 0xD9, 0xF3, 0x08, 0x63, 0x7C, 0x41, 0xB2, 0x4F, 0x50, 0xD8,
    0xEC, 0x5D, 0x2C, 0x0F, 0xB3, 0x4A, 0x0F, 0xC6, 0xA8, 0x24, 0x0A, 0x5A, 0x11, 0xD0, 0x0B, 0x12,
    0x05, 0xB3, 0xB1, 0xCB, 0x39, 0x46, 0x92, 0x28, 0xEC, 0x1D, 0x06, 0x70, 0x6D, 0x0A, 0x51, 0xC9,
    0x81, 0x23, 0x3D, 0xA4, 0x22, 0x2B, 0x15, 0xE3, 0x32, 0x17, 0x68, 0x50, 0x40, 0xD5, 0x58, 0xF3,
    0x34, 0x0F, 0xD4, 0x4B, 0x6B, 0xB0, 0x6C, 0x54, 0x9B, 0x14, 0x62, 0x44, 0x8C, 0x07, 0x36, 0x45,
    0xDE, 0xE5, 0x70, 0xA5, 0xA9, 0x0B, 0x94, 0x22, 0xCA, 0x54, 0xD8, 0x9F, 0x55, 0xC1, 0x26, 0xA9,
    0x02, 0xB4, 0x58, 0x77, 0x85, 0x66, 0xCD, 0xBE, 0x10, 0x46, 0xE8, 0xA2, 0xC4, 0xE6, 0x02, 0x5E,
    0x8F, 0x16, 0x90, 0x27, 0x6A, 0x9E, 0xB5, 0x2D, 0x5F, 0xB4, 0x4E, 0xB6, 0xDA, 0xA0, 0x03, 0x24,
    0x91, 0xDA, 0x24, 0xB9, 0xC3, 0x08, 0xE4, 0x2C, 0xF0, 0x3E, 0x31, 0xC6, 0x2B, 0x51, 0x74, 0xEB,
    0x81, 0x46, 0x65, 0x61, 0xA9, 0xC5, 0x18, 0x65, 0x90, 0x2B, 0xEA, 0x81, 0x6C, 0x5E, 0xE0, 0x10,
    0xC8, 0xEF, 0x39, 0xC2, 0x18, 0xB7, 0x41, 0x0F, 0xE8, 0x02, 0xBB, 0x7C, 0x66, 0x26, 0x76, 0x4A,
    0x96, 0x2D, 0xFF, 0xAC, 0x9D, 0x12, 0x2D, 0xF9, 0xD7, 0x04, 0x6F, 0x52, 0x04, 0x4B, 0xE9, 0x80,
    0x81, 0x6F, 0x88, 0x68, 0x71, 0x37, 0x7D, 0x8C, 0xC8, 0x67, 0xF8, 0x56, 0x34, 0xB3, 0x34, 0x9E,
    0x61, 0x9A, 0xBD, 0xFF, 0x50, 0xC0, 0xA0, 0x4B, 0x51, 0x8A, 0x50, 0x61, 0x81, 0xAD, 0xD0, 0x0B,
    0x09, 0x60, 0xC5, 0x09, 0xE4, 0xAA, 0xC1, 0x76, 0x5B, 0x31, 0xBC, 0xF5, 0xA0, 0x80, 0x30, 0x51,
    0x9A, 0xC9, 0x88, 0x37, 0x72, 0xB6, 0x1E, 0x98, 0x9A, 0x13, 0x2C, 0x30, 0x94, 0x06, 0x24, 0x12,
    0xAD, 0x05, 0x42, 0x1E, 0x0B, 0x36, 0x36, 0xF9, 0x41, 0x22, 0x57, 0xA2, 0x07, 0x30, 0x4B, 0xCC,
    0x67, 0xAD, 0x50, 0x07, 0x16, 0xA9, 0xD6, 0x02, 0x8D, 0x4F, 0x0F, 0xA8, 0x24, 0xFC, 0x60, 0x91,
    0xC0, 0x66, 0x99, 0xC7, 0x0F, 0x30, 0x06, 0x2D, 0xE0, 0xF4, 0xF8, 0x91, 0x5B, 0xB3, 0xC4, 0x30,
    0xC7, 0xA1, 0x86, 0xDD, 0x48, 0x5E, 0x12, 0x05, 0x63, 0x12, 0x27, 0x40, 0x04, 0xFA, 0x48, 0xD4,
    0x0A, 0x81, 0xF4, 0xA9, 0x5A, 0x25, 0xD2, 0xBD, 0x48, 0xBE, 0xEC, 0x1C, 0x23, 0x7D, 0xB9, 0xD8,
    0x12, 0x17, 0x8F, 0x10, 0x4E, 0x1D, 0x16, 0x1F, 0x78, 0x64, 0x4D, 0xB4, 0x03, 0x29, 0x49, 0x2E,
    0x74, 0x04, 0xEA, 0xCB, 0x48, 0x5A, 0x0F, 0x24, 0x02, 0x41, 0x5C, 0x56, 0x96, 0x1A, 0xA8, 0x96,
    0x5C, 0x15, 0xDF, 0x66, 0x73, 0xA0, 0x07, 0xA0, 0xCD, 0x09, 0x64, 0x4B, 0xD0, 0x36, 0x72, 0xB3,
    0x05, 0xE2, 0xF0, 0x25, 0x68, 0x9E, 0x60, 0x6A, 0xE9, 0x19, 0x36, 0x89, 0xB6, 0x94, 0x0A, 0x98,
    0xD6, 0x06, 0x71, 0x56, 0x03, 0x9D, 0x43, 0x0A, 0x48, 0xD8, 0xC4, 0x54, 0x16, 0x34, 0xB1, 0x59,
    0x46, 0x6D, 0xA1, 0x25, 0x38, 0xCF, 0xA2, 0xF9, 0x02, 0x8D, 0xCE, 0x08, 0x59, 0x19, 0x44, 0x63,
    0x89, 0x2D, 0x29, 0x8B, 0x27, 0xA0, 0xB4, 0x67, 0x44, 0x0B, 0xDD, 0x1F, 0xC0, 0xDB, 0x17, 0x94,
    0xE5, 0x02, 0xA2, 0xA5, 0xA0, 0xF3, 0x83, 0x01, 0xF8, 0x40, 0x64, 0x0E, 0x1F, 0x70, 0x2D, 0x7B,
    0x2F, 0x00, 0x32, 0x28, 0x2A, 0x6A, 0x82, 0xDA, 0x24, 0xFA, 0x68, 0xDB, 0xAA, 0xA0, 0x70, 0x75,
    0x41, 0x3D, 0x1F, 0x30, 0x4E, 0x25, 0x4D, 0xB0, 0x3A, 0x1B, 0xD9, 0x4C, 0xF6, 0x64, 0x90, 0xAC,
    0x9D, 0x4A, 0x0C, 0xC9, 0x5C, 0x4F, 0xB0, 0xCA, 0xA2, 0xB8, 0x52, 0x2D, 0x65, 0xF4, 0x06, 0x43,
    0x5B, 0xC0, 0x56, 0x02, 0xCF, 0x92, 0xB9, 0x6C, 0xD5, 0x85, 0x92, 0x6C, 0xF3, 0x6D, 0x9C, 0x33,
    0x18, 0x5C, 0xBA, 0x40, 0xDE, 0xD4, 0xCB, 0x67, 0x5D, 0xB4, 0xB5, 0x89, 0xA8, 0x34, 0x41, 0x15,
    0x49, 0x02, 0x97, 0xA5, 0x0E, 0x8A, 0xA6, 0x0C, 0x0E, 0x2B, 0x7A, 0x02, 0xB7, 0x29, 0x7F, 0x3F,
    0xE0, 0x6F, 0x6A, 0x63, 0xCA, 0x1E, 0xE5, 0xB6, 0xA9, 0xA0, 0xA7, 0x91, 0x19, 0xF2, 0x44, 0x69,
    0x49, 0xB4, 0x80, 0xDE, 0x27, 0x98, 0x95, 0x40, 0xB7, 0x94, 0x8A, 0x16, 0x98, 0x1C, 0x69, 0xF9,
    0x6A, 0x20, 0x5A, 0x1E, 0x95, 0x33, 0x14, 0xB0, 0x71, 0x51, 0x53, 0x62, 0x49, 0xB3, 0x2F, 0xB3,
    0x96, 0x40, 0x15, 0x0C, 0x2E, 0xB0, 0x40, 0xB5, 0x64, 0x22, 0x17, 0xD0, 0xF8, 0x92, 0xEB, 0x78,
    0x40, 0x02, 0xD7, 0xC4, 0xAC, 0x50, 0x31, 0x4B, 0x7E, 0x32, 0x71, 0x2D, 0x9F, 0xC3, 0x6E, 0x9A,
    0xE5, 0xB2, 0x15, 0xAD, 0x02, 0xD6, 0xC9, 0x01, 0x8B, 0xA2, 0x01, 0x0B, 0x0A, 0xA8, 0xD8, 0x44,
    0x94, 0x6D, 0x1D, 0x47, 0x90, 0xE8, 0xEC, 0x35, 0xF4, 0x20, 0x83, 0xA2, 0x98, 0xB8, 0x23, 0xC8,
    0x9A, 0x75, 0x0A, 0x4D, 0xA0, 0x5A, 0x16, 0x5B, 0x66, 0xC5, 0x29, 0x9C, 0x49, 0xF2, 0x95, 0x40,
    0xB9, 0x92, 0x48, 0xD6, 0x01, 0x5F, 0x69, 0x46, 0x28, 0x15, 0x46, 0x27, 0x66, 0x29, 0xD6, 0x87,
    0x5D, 0x8A, 0xD5, 0xA1, 0x97, 0x62, 0x60, 0xD6, 0xFA, 0xCB, 0x01, 0xC3, 0xA9, 0x2E, 0x04, 0x10,
    0xA3, 0x49, 0x5B, 0x31, 0xDA, 0x2B, 0xC5, 0x68, 0xC0, 0xFF, 0xC5, 0x68, 0xC0, 0xFF, 0xC5, 0x68,
    0xC0, 0xFF, 0xC5, 0x68, 0xC0, 0xFF, 0xC5, 0x68, 0xC0, 0xFF, 0xC5, 0x68, 0xC0, 0x45, 0x23, 0x88,
    0xD1, 0x90, 0x17, 0x63, 0xB4, 0x45, 0xBD, 0x68, 0xD8, 0x89, 0x31, 0x52, 0x0A, 0xD6, 0xA2, 0xC1,
    0x0B, 0x9C, 0x18, 0xE3, 0x45, 0x83, 0xA5, 0x18, 0xE3, 0x45, 0x83, 0xD5, 0x18, 0xE3, 0x45, 0x03,
    0x8F, 0x11, 0xC6, 0x8B, 0x06, 0x9E, 0xC3, 0xE3, 0xB0, 0x17, 0x0D, 0xA2, 0xC0, 0x8A, 0x30, 0x12,
    0x83, 0x8A, 0xD1, 0xA8, 0xB4, 0x55, 0xC1, 0x8C, 0x06, 0x2D, 0xA0, 0x9A, 0xAA, 0xD1, 0x60, 0x2B,
    0xC6, 0x28, 0x1D, 0xAA, 0x46, 0xA3, 0xFA, 0x35, 0xC1, 0x8D, 0x06, 0x3F, 0x50, 0xA2, 0x8C, 0x87,
    0x2A, 0x39, 0x1A, 0x89, 0xA1, 0xC6, 0xB0, 0x1B, 0x0D, 0x69, 0x51, 0x46, 0x62, 0x52, 0x35, 0x1A,
    0x2C, 0x85, 0x7D, 0x36, 0xA3, 0x91, 0x18, 0x65, 0xFC, 0x91, 0x8A, 0xD1, 0x48, 0x89, 0x32, 0x0A,
    0x9F, 0x7A, 0xD1, 0x20, 0x4F, 0xD8, 0x67, 0x2D, 0x1A, 0x71, 0x14, 0xB5, 0xA2, 0x91, 0x1C, 0x9E,
    0xA9, 0x14, 0x8D, 0xC6, 0xD0, 0x61, 0xD9, 0x89, 0x46, 0x46, 0x9C, 0x11, 0x46, 0xAA, 0x44, 0x43,
    0x4A, 0xF8, 0xB0, 0x32, 0xA2, 0x81, 0xA5, 0x70, 0x60, 0x25, 0x44, 0x83, 0x1B, 0x9A, 0xFA, 0xD0,
    0x60, 0x2D, 0xC4, 0x58, 0xAA, 0x43, 0x43, 0xA5, 0xBB, 0x81, 0x0D, 0x8D, 0x9C, 0x38, 0x23, 0x70,
    0xA9, 0x0C, 0x8D, 0x8C, 0x38, 0x63, 0x83, 0xC2, 0x2E, 0x34, 0x24, 0x85, 0x14, 0x85, 0x55, 0x68,
    0xA8, 0x7F, 0x6A, 0x42, 0xC3, 0x5E, 0x98, 0x9B, 0x8A, 0xD0, 0xD0, 0x11, 0x69, 0x1C, 0x5C, 0xF6,
    0xA0, 0x81, 0x9D, 0x50, 0xE0, 0xA8, 0x06, 0x8D, 0xAE, 0x30, 0x60, 0xA8, 0x05, 0x0D, 0x3A, 0x22,
    0x8D, 0x25, 0x53, 0x09, 0x1A, 0x96, 0x22, 0x8D, 0x84, 0x44, 0x1D, 0x68, 0xC8, 0x89, 0x34, 0x26,
    0x24, 0x51, 0xA0, 0xA1, 0x27, 0xD2, 0xE8, 0x60, 0x89, 0x01, 0x8D, 0x8E, 0x48, 0xE3, 0x8E, 0x54,
    0x80, 0x86, 0xB4, 0x70, 0x4E, 0xFC, 0x18, 0x64, 0x85, 0xBC, 0xA5, 0xC7, 0x80, 0x97, 0x48, 0xA3,
    0x88, 0xB2, 0x63, 0xB0, 0x66, 0x1F, 0x10, 0xAE, 0x33, 0x6E, 0x0C, 0xD9, 0x93, 0xC5, 0x86, 0xD5,
    0xA6, 0x1F, 0x8A, 0xD5, 0xA9, 0x87, 0x62, 0x20, 0xAC, 0xD7, 0x95, 0x03, 0x69, 0x56, 0x07, 0xC5,
    0x40, 0xFE, 0x31, 0xB4, 0x36, 0x04, 0x52, 0x0C, 0x96, 0x61, 0x90, 0x65, 0xA4, 0x83, 0x10, 0x63,
    0xC5, 0x3F, 0xCC, 0x49, 0xA2, 0xD8, 0x25, 0xC6, 0x4C, 0x51, 0xEC, 0x16, 0x4B, 0xC6, 0x28, 0xF6,
    0x8D, 0x1A, 0x6F, 0x02, 0x98, 0x51, 0x25, 0x75, 0x6B, 0x80, 0xA4, 0x01, 0x46, 0x05, 0x98, 0xA7,
    0x6D, 0x63, 0x2B, 0xAD, 0x1E, 0x72, 0x97, 0x39, 0x51, 0x07, 0xC4, 0xA6, 0xA0, 0xE8, 0x9A, 0x8D,
    0xD5, 0x05, 0xF4, 0xA5, 0xA5, 0xCB, 0x99, 0x83, 0x38, 0xD2, 0xD1, 0xA5, 0x15, 0x65, 0x4A, 0x3A,
    0x22, 0x0F, 0x6E, 0xC0, 0x24, 0xA9, 0x00, 0x55, 0x80, 0x0B, 0x48, 0x4C, 0x59, 0x64, 0x9E, 0x61,
    0x10, 0x7A, 0x81, 0x94, 0x4C, 0x8D, 0x4C, 0xBA, 0x00, 0xCB, 0xC3, 0xBA, 0xED, 0x92, 0xFC, 0xC1,
    0xBE, 0x54, 0x4C, 0x76, 0xD3, 0x27, 0xB0, 0xB3, 0xE5, 0x35, 0xA9, 0xD3, 0x12, 0xA1, 0xDB, 0x57,
    0x01, 0x0B, 0x86, 0xE8, 0x7C, 0x0B, 0x59, 0xC4, 0x33, 0x16, 0x0B, 0xED, 0x7B, 0x03, 0xAD, 0xA7,
    0x0C, 0x5E, 0x97, 0x2D, 0x5C, 0x2A, 0x91, 0xE4, 0x9C, 0xE1, 0x4C, 0xBB, 0x8A, 0x1D, 0x3A, 0x7B,
    0x1F, 0x62, 0x01, 0xAE, 0xE8, 0x86, 0x02, 0x3E, 0x91, 0x2A, 0x05, 0x5E, 0xF0, 0xC0, 0xEE, 0x73,
    0x06, 0xA8, 0x4C, 0x0B, 0x2C, 0x50, 0x35, 0xD3, 0x45, 0x2E, 0xE0, 0x73, 0xDD, 0xC0, 0xF3, 0x10,
    0x1A, 0x21, 0xCB, 0x18, 0xDC, 0x40, 0xDF, 0xEC, 0x9A, 0x85, 0x86, 0xEC, 0x3E, 0xF5, 0xEE, 0x07,
    0xA2, 0x96, 0xA1, 0x7A, 0x3C, 0x4B, 0xDB, 0x33, 0xAC, 0x86, 0xE5, 0x59, 0x1D, 0xDC, 0x5B, 0xBA,
    0x17, 0x28, 0x1C, 0xCB, 0xBC, 0x74, 0x1E, 0x37, 0x10, 0x96, 0x48, 0x02, 0x16, 0x1B, 0x5E, 0xE0,
    0x27, 0xB0, 0x09, 0xCD, 0x06, 0x3E, 0x27, 0x78, 0xA0, 0x49, 0x2C, 0x5E, 0x0E, 0x16, 0x75, 0xF5,
    0x16, 0x76, 0x9A, 0x84, 0xED, 0x0D, 0x84, 0x20, 0xF1, 0xD4, 0x49, 0xF6, 0x06, 0xAC, 0xC6, 0x1B,
    0x0C, 0x18, 0x7C, 0xC0, 0x97, 0x6D, 0x69, 0xCA, 0x4A, 0xAC, 0x74, 0x54, 0x41, 0x05, 0x44, 0x95,
    0x96, 0x7D, 0x59, 0x32, 0x32, 0xE3, 0xF1, 0xC4, 0x49, 0x94, 0xE6, 0xC4, 0xD8, 0x4A, 0xB7, 0x53,
    0xA8, 0x0A, 0xBA, 0xD9, 0xEF, 0x70, 0x0B, 0xBC, 0xC6, 0xCE, 0x6A, 0xCC, 0x69, 0x3D, 0x00, 0x40,
    0x73, 0x82, 0x02, 0xF8, 0xC8, 0x6A, 0xB2, 0x04, 0x9E, 0x09, 0x57, 0x69, 0x92, 0x67, 0x7F, 0xB0,
    0x6D, 0x55, 0xF4, 0x02, 0xA1, 0xCD, 0x13, 0xEC, 0x34, 0xDC, 0x60, 0x82, 0x0B, 0x9A, 0xB0, 0x60,
    0xFA, 0x66, 0x23, 0x93, 0xC5, 0xAA, 0x30, 0xB7, 0x90, 0x1A, 0xD1, 0x32, 0xFA, 0x76, 0xE5, 0x09,
    0x2A, 0x18, 0x93, 0x0B, 0x38, 0x98, 0xEC, 0x78, 0x85, 0x04, 0x0B, 0x34, 0x14, 0xA6, 0x09, 0xBB,
    0xAE, 0xA4, 0xD2, 0x04, 0x6A, 0x0C, 0x7B, 0x75, 0xAA, 0xC9, 0x5E, 0x80, 0x71, 0x55, 0x80, 0x80,
    0x65, 0x45, 0x76, 0x82, 0x06, 0xBE, 0x66, 0x2F, 0x56, 0xDE, 0xE0, 0x03, 0x28, 0x8E, 0xAC, 0x97,
    0xD3, 0x44, 0xF3, 0x6C, 0x6E, 0x3F, 0x28, 0xA0, 0xE0, 0x11, 0x37, 0x9B, 0x78, 0xA1, 0x4D, 0x69,
    0x57, 0xF0, 0xE5, 0x09, 0x46, 0x0C, 0x50, 0x73, 0xE5, 0xCE, 0x5A, 0x20, 0x73, 0x64, 0xED, 0x09,
    0xEC, 0xD1, 0x7E, 0x95, 0xB1, 0x49, 0x0F, 0x34, 0x0C, 0x1D, 0xF0, 0x89, 0x8A, 0xA0, 0xE5, 0x2B,
    0x84, 0xBE, 0xE4, 0x85, 0xE4, 0x02, 0x9E, 0xE5, 0x58, 0xD2, 0x32, 0xD6, 0xE5, 0x04, 0x70, 0x8F,
    0x8E, 0x10, 0xAE, 0x01, 0x16, 0x28, 0xE2, 0x13, 0xD0, 0x03, 0x18, 0x70, 0x2A, 0xE9, 0x1A, 0x94,
    0x0A, 0x98, 0x78, 0xDE, 0x60, 0x9C, 0x46, 0x28, 0x50, 0x81, 0x4C, 0xC1, 0xE2, 0x68, 0x17, 0x55,
    0xB6, 0xED, 0x4F, 0xB6, 0x0B, 0xB1, 0xD9, 0xB3, 0x88, 0x4E, 0x13, 0x3C, 0x30, 0x04, 0xD6, 0xC0,
    0x69, 0x80, 0x34, 0xFB, 0x81, 0x91, 0x40, 0xBD, 0x81, 0x33, 0x0C, 0xB0, 0x91, 0xA9, 0x2C, 0x49,
    0xD3, 0x0B, 0x5C, 0xD0, 0x2F, 0x4B, 0xE1, 0x12, 0xC6, 0xFD, 0xC0, 0x9E, 0xEC, 0x97, 0xAD, 0x33,
    0x39, 0x81, 0xC8, 0xE1, 0x06, 0x16, 0x36, 0x2D, 0xF0, 0x40, 0x4E, 0x64, 0x37, 0xB4, 0x1A, 0xF8,
    0x66, 0xAD, 0x45, 0x0B, 0x88, 0x1D, 0xB6, 0x13, 0xED, 0xDB, 0x09, 0xA8, 0x44, 0x21, 0x32, 0x0D,
    0x11, 0x80, 0x0B, 0x49, 0xA5, 0xF0, 0xC4, 0x64, 0xB3, 0x7C, 0x9F, 0x70, 0x16, 0x25, 0x6C, 0xAF,
    0x23, 0xA6, 0x2D, 0x8F, 0xC7, 0x56, 0x97, 0x75, 0xF9, 0x85, 0x01, 0xEE, 0x20, 0xA1, 0x2B, 0x1B,
    0x47, 0x0B, 0xBC, 0x74, 0x4A, 0x6A, 0xA2, 0x79, 0x0A, 0x13, 0x28, 0xDB, 0x1C, 0x0D, 0x50, 0x62,
    0xD9, 0x60, 0xB2, 0x38, 0xF8, 0x01, 0x00, 0x86, 0x3C, 0xB0, 0x66, 0x59, 0x70, 0xBC, 0xC0, 0xC4,
    0x60, 0x2B, 0xAC, 0x45, 0xDE, 0x04, 0x0D, 0x12, 0xE0, 0x80, 0x28, 0x68, 0x4B, 0x93, 0x6D, 0xD0,
    0xEC, 0x25, 0x12, 0x49, 0x92, 0x34, 0xAD, 0xC0, 0xA7, 0xF3, 0x01, 0x9B, 0x41, 0x7D, 0x3B, 0x85,
    0x28, 0x33, 0xEA, 0xBA, 0x3F, 0x58, 0x00, 0x6F, 0x3E, 0x60, 0xF5, 0x54, 0xC0, 0x0F, 0xC2, 0x13,
    0x04, 0x0E, 0x6B, 0xF0, 0xCA, 0x80, 0x82, 0xA3, 0xF0, 0x6D, 0xF7, 0xE5, 0x11, 0x58, 0xAF, 0x73,
    0x03, 0x36, 0x55, 0x07, 0x44, 0x7C, 0xB9, 0x3C, 0x81, 0xFD, 0xF2, 0xA8, 0x19, 0xE2, 0x9D, 0xC1,
    0xE4, 0x7A, 0x83, 0xA5, 0xA5, 0x76, 0xA9, 0x2A, 0x18, 0x47, 0x96, 0x88, 0xE0, 0x04, 0x11, 0x3C,
    0x1C, 0x7C, 0x40, 0xA0, 0xB3, 0x67, 0x4F, 0xB0, 0x0A, 0x98, 0x2C, 0x73, 0x83, 0x04, 0xCA, 0x62,
    0xC7, 0xCD, 0xD9, 0x22, 0xD0, 0xEE, 0xB2, 0x93, 0xC7, 0x82, 0xBE, 0xA0, 0x81, 0xA3, 0x58, 0x82,
    0x61, 0xBB, 0x2B, 0x17, 0xC6, 0xD6, 0xDA, 0x20, 0x01, 0x8D, 0x8E, 0x0F, 0xC8, 0x10, 0x8C, 0xBD,
    0x16, 0x4E, 0xEA, 0x57, 0x80, 0x41, 0xC8, 0x0E, 0xCC, 0xCA, 0x32, 0x41, 0x91, 0x0F, 0xC2, 0xAA,
    0xAA, 0x80, 0x15, 0x9C, 0x47, 0x3D, 0x3D, 0x84, 0xA6, 0xE5, 0xD2, 0x75, 0x40, 0x4C, 0xD3, 0x02,
    0x11, 0xB4, 0xE0, 0x91, 0x32, 0x13, 0x7F, 0x28, 0x00, 0xD2, 0x25, 0x28, 0x3D, 0x90, 0x78, 0x1C,
    0x01, 0x4F, 0xC3, 0x07, 0xAC, 0x49, 0x76, 0x20, 0x05, 0x10, 0x35, 0x3F, 0x90, 0x06, 0x76, 0x98,
    0x02, 0x4B, 0xF4, 0x06, 0x0D, 0xDC, 0xAE, 0x5F, 0x10, 0xC9, 0xC2, 0x82, 0x29, 0xC2, 0x0B, 0x8B,
    0xA3, 0x02, 0x8E, 0x96, 0x58, 0x51, 0x06, 0x32, 0x9C, 0x38, 0x78, 0xEC, 0x68, 0x0F, 0xD0, 0x25,
    0x7A, 0xA0, 0x80, 0x13, 0xCF, 0x16, 0xBA, 0x12, 0x10, 0x88, 0x58, 0x94, 0x39, 0xC6, 0x01, 0x17,
    0x28, 0x35, 0xAA, 0xDC, 0x20, 0x82, 0x0C, 0x9E, 0xF2, 0xCB, 0x33, 0x0A, 0x28, 0xB3, 0x3C, 0x8A,
    0x32, 0xA8, 0xC5, 0x6A, 0x9B, 0x4F, 0xF8, 0x74, 0x7A, 0x41, 0x35, 0x35, 0xA2, 0x59, 0xDC, 0xF6,
    0xF9, 0xB2, 0x3F, 0x87, 0xDA, 0x95, 0x6B, 0x09, 0xA8, 0x8C, 0xF7, 0x5D, 0x40, 0xD9, 0xF4, 0x85,
    0xB3, 0xE5, 0x68, 0x6A, 0xB0, 0x26, 0x90, 0x43, 0x10, 0x45, 0xFB, 0x45, 0x02, 0x6F, 0xC9, 0xEE,
    0x4B, 0x85, 0x52, 0x85, 0x01, 0x26, 0x15, 0x57, 0x70, 0x3A, 0x58, 0x00, 0xA9, 0x02, 0x19, 0x06,
    0x48, 0x69, 0x14, 0xC2, 0xA5, 0x5E, 0x9C, 0xF1, 0x89, 0xE5, 0xD3, 0x06, 0x1A, 0x0C, 0x47, 0x28,
    0xB0, 0x40, 0x06, 0x47, 0x61, 0xBC, 0x1A, 0x9B, 0xE5, 0xD3, 0x07, 0x6A, 0x85, 0x6D, 0xC0, 0x5A,
    0x60, 0x85, 0xA5, 0x46, 0xAF, 0x13, 0xC3, 0xF2, 0xA9, 0xD1, 0xB6, 0xCD, 0xE6, 0x03, 0x66, 0x97,
    0x44, 0x10, 0x1B, 0x9C, 0x60, 0x82, 0xB9, 0x59, 0xE8, 0xBA, 0xC2, 0x02, 0x6D, 0x94, 0xCF, 0xD4,
    0x07, 0xD3, 0x76, 0x07, 0x37, 0xE8, 0x00, 0x81, 0x64, 0x8C, 0x2D, 0x41, 0x5D, 0xE0, 0xCC, 0xF2,
    0xE9, 0xF2, 0x24, 0x8B, 0x54, 0x56, 0x08, 0x58, 0x81, 0x14, 0xFD, 0xB2, 0x37, 0x28, 0x60, 0x16,
    0xB2, 0x50, 0x68, 0x2D, 0xAC, 0x5D, 0x1C, 0x16, 0x64, 0xEB, 0xAC, 0x4A, 0x8B, 0x2E, 0x68, 0xE0,
    0xD2, 0x59, 0x68, 0xB3, 0x4F, 0xC0, 0x26, 0x38, 0x36, 0x17, 0x6B, 0xC1, 0x99, 0xC2, 0xD2, 0x00,
    0x81, 0xA5, 0x02, 0x5A, 0x2E, 0x5B, 0x84, 0x52, 0xEF, 0x10, 0xBA, 0x65, 0x59, 0x52, 0x9C, 0x06,
    0x38, 0x84, 0xEC, 0xD9, 0x22, 0xDD, 0x0B, 0xBC, 0x24, 0xE2, 0x6E, 0x69, 0x6D, 0x6A, 0x63, 0x4B,
    0x10, 0x7C, 0x20, 0x83, 0x47, 0xA5, 0xDA, 0xEC, 0x05, 0x44, 0x34, 0x29, 0xA0, 0x26, 0xB3, 0x60,
    0x4D, 0xF0, 0x66, 0xDB, 0x40, 0xAC, 0xC0, 0xBA, 0x41, 0x02, 0x81, 0x47, 0xC5, 0xD1, 0x9E, 0xEC,
    0x10, 0x03, 0x98, 0x68, 0x25, 0xD0, 0x45, 0x15, 0xB0, 0x4E, 0x43, 0x88, 0x9A, 0x6D, 0x42, 0x8D,
    0xB0, 0x0A, 0xB1, 0xB4, 0x16, 0x90, 0x69, 0x42, 0x99, 0xAA, 0x60, 0x6C, 0x76, 0xFA, 0x8A, 0xE0,
    0xCF, 0x7C, 0x40, 0xE6, 0x49, 0xC5, 0x93, 0xD5, 0xF3, 0x05, 0x03, 0x93, 0x27, 0x18, 0x80, 0x59,
    0x14, 0x2D, 0xC1, 0x2F, 0xB0, 0x43, 0xC1, 0x26, 0xB2, 0xA0, 0x12, 0x12, 0x50, 0xB9, 0xB7, 0x1E,
    0x6B, 0xAD, 0x90, 0x1B, 0x48, 0x09, 0x6C, 0x2E, 0xD9, 0x5B, 0x6E, 0x68, 0xD6, 0x41, 0x4B, 0x51,
    0x95, 0x2C, 0x15, 0x88, 0xA0, 0x05, 0xA6, 0xB6, 0x4F, 0xB0, 0x6D, 0xB3, 0xCC, 0x22, 0xCB, 0x60,
    0x78, 0xAF, 0x30, 0x00, 0x28, 0x42, 0x00, 0x98, 0xC7, 0x45, 0x04, 0x4C, 0x16, 0xD3, 0xF8, 0x82,
    0x68, 0x3D, 0xF0, 0x37, 0x97, 0x70, 0x46, 0xF6, 0x01, 0x59, 0xE9, 0x38, 0xC1, 0x05, 0x35, 0x8A,
    0xCA, 0x2C, 0x29, 0xF9, 0xB6, 0x68, 0xFE, 0x60, 0xF3, 0xD8, 0x35, 0xD5, 0xDB, 0x2C, 0x67, 0xB0,
    0x8F, 0xAC, 0x0E, 0xB6, 0xD2, 0x08, 0xD7, 0x52, 0x71, 0x24, 0x11, 0x62, 0xB1, 0x45, 0x0E, 0xB8,
    0xE1, 0xA4, 0x9D, 0xDA, 0xF9, 0xF6, 0x9B, 0x22, 0x64, 0x57, 0x70, 0x05, 0xAA, 0x8B, 0xA2, 0xC2,
    0xC9, 0x57, 0xAE, 0x10, 0xC2, 0xDB, 0x2C, 0xA7, 0x39, 0x41, 0x01, 0x19, 0x38, 0x3D, 0x20, 0x61,
    0x73, 0x02, 0x03, 0x28, 0xBB, 0xF8, 0x2C, 0x08, 0x52, 0x3B, 0x4E, 0x70, 0x40, 0x6A, 0x51, 0xE9,
    0x3B, 0x0C, 0xB0, 0x00, 0x53, 0x21, 0xBC, 0xC4, 0x54, 0x95, 0xE0, 0x78, 0xDE, 0x20, 0xC8, 0xBC,
    0x40, 0xEF, 0x52, 0xA9, 0x27, 0xD9, 0xDE, 0x60, 0xE1, 0x90, 0x04, 0x06, 0x3E, 0x9B, 0x5C, 0xCB,
    0x34, 0xCA, 0x02, 0xB6, 0xEE, 0x1E, 0x9A, 0x2D, 0x2E, 0x55, 0x5E, 0x9D, 0xED, 0xB0, 0x2D, 0x66,
    0x49, 0x89, 0x2E, 0xD4, 0xA4, 0xE5, 0x53, 0xFF, 0xBC, 0x40, 0xD4, 0xEC, 0x67, 0xB8, 0x40, 0x04,
    0x21, 0x9F, 0x1A, 0x92, 0x0E, 0x28, 0xB3, 0x62, 0x48, 0x4D, 0x2A, 0x28, 0x15, 0xD0, 0x06, 0x3A,
    0xA1, 0x41, 0x06, 0x55, 0xDB, 0x18, 0x84, 0x94, 0xF8, 0x82, 0x6C, 0x2E, 0x60, 0x26, 0xA2, 0x94,
    0x3D, 0x84, 0x95, 0x64, 0x6F, 0x6B, 0xBB, 0x69, 0x09, 0x81, 0x64, 0x61, 0x49, 0x2B, 0xD0, 0x01,
    0xED, 0xB2, 0x42, 0xC9, 0x80, 0x27, 0x7A, 0x57, 0x31, 0x94, 0x86, 0x5C, 0xFB, 0xC2, 0x01, 0x8D,
    0x50, 0x17, 0xE4, 0x1E, 0x4B, 0x4D, 0x7B, 0x32, 0x9B, 0x88, 0x2E, 0x70, 0x41, 0xCC, 0x63, 0x2B,
    0x49, 0x36, 0xC5, 0xDC, 0xD4, 0x11, 0x9D, 0xC1, 0xA0, 0x13, 0x17, 0x57, 0x74, 0x85, 0x1A, 0xB2,
    0x06, 0x98, 0x19, 0x54, 0xA7, 0xAA, 0xC0, 0x08, 0x8B, 0xE1, 0x0B, 0x3A, 0x89, 0x0A, 0x3D, 0x22,
    0xC8, 0x0E, 0xA0, 0xC7, 0x91, 0x01, 0x0A, 0x97, 0xAA, 0x92, 0xCC, 0x8E, 0x1A, 0x78, 0xE1, 0x5C,
    0xC2, 0x82, 0xE5, 0x0B, 0x02, 0x9B, 0x2B, 0xB8, 0xA3, 0x1A, 0x98, 0x56, 0x11, 0x95, 0xFB, 0x80,
    0x8D, 0xAC, 0x05, 0x52, 0x78, 0xEB, 0x4B, 0x3F, 0xA4, 0xCD, 0xA6, 0xAC, 0x07, 0x1B, 0x24, 0x10,
    0x54, 0xE1, 0xE9, 0x83, 0xAA, 0xC9, 0x00, 0x05, 0x14, 0x9F, 0x30, 0x66, 0x89, 0xC0, 0xD8, 0x52,
    0x87, 0x20, 0x33, 0x31, 0x49, 0xD2, 0x56, 0x2E, 0x48, 0x2F, 0x9C, 0xCC, 0x25, 0x55, 0xF7, 0x38,
    0xCA, 0x30, 0x40, 0x4C, 0xA1, 0x20, 0x53, 0x05, 0x94, 0x74, 0xD6, 0xF8, 0x0E, 0xE0, 0x0A, 0x7C,
    0x40, 0x48, 0xC5, 0x16, 0x6F, 0x09, 0x2B, 0x91, 0x65, 0x25, 0xA0, 0xDD, 0xD5, 0x32, 0x13, 0x69,
    0x01, 0x77, 0x26, 0x05, 0x18, 0x5C, 0x2A, 0x07, 0xE1, 0x07, 0x32, 0x0A, 0xD1, 0x74, 0x79, 0xF6,
    0x07, 0xEB, 0x5C, 0x40, 0x46, 0x60, 0x61, 0xC9, 0xEF, 0xB1, 0x57, 0xA7, 0xAA, 0x55, 0xA0, 0x44,
    0x00, 0x26, 0x85, 0x0B, 0x50, 0x29, 0xD4, 0x4A, 0xE4, 0x04, 0x7A, 0x85, 0x14, 0x90, 0xB8, 0x54,
    0x54, 0x8E, 0xA0, 0x5C, 0xD6, 0x96, 0x9A, 0xA2, 0x02, 0x0D, 0x0A, 0x1C, 0x80, 0x42, 0xE2, 0x01,
    0x5A, 0x00, 0x26, 0x33, 0x59, 0xDB, 0x3F, 0x58, 0x5B, 0x98, 0xE8, 0x07, 0x05, 0x38, 0x85, 0x1D,
    0x20, 0x94, 0xCD, 0x97, 0xEB, 0x2E, 0x48, 0x07, 0x50, 0x4B, 0x01, 0x02, 0x0B, 0x00, 0x0A, 0x00,
    0x00, 0x00, 0x06, 0x00, 0xBC, 0x95, 0x6B, 0x1B
};

extern const unsigned long long embdata_MASK07_PAK_size = 17608ULL;
