///////////////////////////////////////////////////////////////////////////////
// Alone In The Dark Re-Haunted
// Copyright (C) 2026 Infogrames / Spacefarer Retro Remasters LLC
// Author: Jake Jackson (jake@spacefarergames.com)
//
// Auto-generated embedded data file - DO NOT EDIT
///////////////////////////////////////////////////////////////////////////////

extern const unsigned char embdata_MASK06_PAK[] = {
    0x00, 0x00, 0x00, 0x00, 0x58, 0x00, 0x00, 0x00, 0x76, 0x02, 0x00, 0x00, 0xA9, 0x03, 0x00, 0x00,
    0xF3, 0x07, 0x00, 0x00, 0xA7, 0x0E, 0x00, 0x00, 0x11, 0x11, 0x00, 0x00, 0xC7, 0x16, 0x00, 0x00,
    0xE5, 0x1C, 0x00, 0x00, 0x37, 0x1F, 0x00, 0x00, 0x01, 0x21, 0x00, 0x00, 0x9B, 0x24, 0x00, 0x00,
    0x45, 0x26, 0x00, 0x00, 0xEA, 0x28, 0x00, 0x00, 0x77, 0x2C, 0x00, 0x00, 0x3A, 0x2E, 0x00, 0x00,
    0xDA, 0x30, 0x00, 0x00, 0x56, 0x32, 0x00, 0x00, 0x42, 0x35, 0x00, 0x00, 0x6B, 0x37, 0x00, 0x00,
    0x85, 0x3B, 0x00, 0x00, 0x43, 0x3F, 0x00, 0x00, 0x0C, 0x00, 0x00, 0x00, 0x14, 0x00, 0x00, 0x00,
    0x98, 0x04, 0x00, 0x00, 0xF6, 0x01, 0x00, 0x00, 0x5A, 0x07, 0x00, 0x00, 0x01, 0x00, 0x00, 0x00,
    0x0F, 0x00, 0x12, 0x03, 0x24, 0x15, 0x36, 0x27, 0x38, 0x39, 0x6A, 0x7B, 0x4C, 0x9D, 0x6E, 0x1F,
    0x09, 0x06, 0x01, 0x13, 0x34, 0xE5, 0xF6, 0x96, 0xF7, 0x11, 0x0C, 0x3B, 0x63, 0x02, 0xC7, 0x34,
    0xC6, 0x01, 0xC3, 0x27, 0x06, 0x78, 0x14, 0x60, 0x7D, 0x80, 0xC7, 0x01, 0xB6, 0x05, 0x18, 0x18,
    0xA0, 0x40, 0x80, 0x2B, 0x09, 0xFA, 0x28, 0x76, 0x95, 0x06, 0x7B, 0x14, 0x83, 0x4F, 0x89, 0x90,
    0x47, 0xB1, 0xA3, 0x54, 0xB8, 0xA3, 0xD8, 0x4F, 0x32, 0xD4, 0x51, 0x8C, 0x46, 0xB9, 0xA0, 0x18,
    0x6C, 0xCA, 0x04, 0xE3, 0xAA, 0x12, 0x41, 0xB1, 0xAE, 0x34, 0x50, 0xAF, 0x2A, 0x0F, 0x14, 0x6B,
    0x4A, 0x05, 0xDD, 0x7C, 0x61, 0x8E, 0x62, 0x24, 0x43, 0x1C, 0xC5, 0xC8, 0x86, 0x37, 0x8A, 0x91,
    0x0E, 0x6D, 0x14, 0xA3, 0x55, 0x3A, 0xAC, 0x51, 0x8C, 0x4E, 0x09, 0x91, 0x46, 0x31, 0x32, 0xE2,
    0x8C, 0x62, 0xB4, 0xCA, 0x88, 0x32, 0x8A, 0xD1, 0x29, 0x27, 0xC6, 0x48, 0x4A, 0x29, 0x14, 0xF3,
    0x8A, 0x30, 0x8A, 0x91, 0x16, 0x5F, 0x14, 0x23, 0x2F, 0xBA, 0x28, 0x46, 0x62, 0x6C, 0x51, 0xAF,
    0x17, 0x8A, 0x39, 0x46, 0x16, 0xC5, 0xC8, 0x8C, 0x2B, 0x8A, 0x91, 0x1A, 0x55, 0x14, 0x23, 0x37,
    0xA6, 0x28, 0x46, 0xAB, 0xDC, 0x88, 0xA2, 0x18, 0xC9, 0xF1, 0x44, 0x31, 0xB2, 0xA3, 0x89, 0x62,
    0xA4, 0xC7, 0x12, 0xC5, 0xC8, 0x8F, 0x24, 0x8A, 0x91, 0x20, 0x47, 0x14, 0x3B, 0x40, 0x25, 0xC5,
    0x7C, 0xA9, 0x88, 0x62, 0x24, 0xD3, 0x10, 0xC5, 0xC8, 0xA6, 0x20, 0x8A, 0x91, 0x4E, 0x3F, 0x14,
    0x23, 0x9F, 0x7A, 0x28, 0x46, 0x42, 0xED, 0x50, 0x8C, 0x8C, 0xCA, 0xA1, 0x18, 0x29, 0x75, 0x43,
    0x31, 0x72, 0xAA, 0x86, 0x62, 0x24, 0xD5, 0x0C, 0xC5, 0xC8, 0xAA, 0x18, 0x8A, 0x91, 0x56, 0x2F,
    0x14, 0x23, 0xAF, 0x5A, 0x28, 0x46, 0x62, 0xAD, 0x50, 0x8C, 0xCC, 0x4A, 0xA1, 0x18, 0xA9, 0x75,
    0x42, 0x31, 0x72, 0xAB, 0x84, 0x62, 0x24, 0xD7, 0x08, 0xC5, 0xC8, 0xAE, 0x10, 0x8A, 0x91, 0x5E,
    0x1F, 0x14, 0x23, 0xBF, 0x3A, 0x28, 0x46, 0x82, 0x6D, 0x50, 0x8C, 0x0C, 0xCB, 0xA0, 0x18, 0x29,
    0x76, 0x41, 0xB1, 0x8E, 0x55, 0x50, 0x8C, 0x24, 0x9B, 0xA0, 0x18, 0x59, 0x16, 0x41, 0x31, 0xD2,
    0xEC, 0x81, 0x62, 0xE4, 0x59, 0x03, 0xC5, 0x48, 0xB4, 0x05, 0x8A, 0x91, 0x69, 0x09, 0x14, 0x23,
    0xD5, 0x0E, 0x28, 0x46, 0xAE, 0x15, 0x50, 0x8C, 0x64, 0x1B, 0x10, 0x40, 0x70, 0x86, 0xF5, 0x9B,
    0xCB, 0xF2, 0xD7, 0x00, 0x56, 0xE7, 0xA0, 0x00, 0x77, 0x3C, 0x6B, 0x90, 0x6C, 0x67, 0xD1, 0x67,
    0xCE, 0xB1, 0x44, 0x31, 0xE0, 0x0B, 0x3B, 0x92, 0x28, 0x06, 0xFC, 0xAB, 0xC7, 0x11, 0xC5, 0x80,
    0x5F, 0x8C, 0x10, 0x19, 0x0A, 0xF0, 0xA0, 0x8E, 0x41, 0xE1, 0x74, 0xC8, 0xE8, 0x66, 0xE6, 0x48,
    0x2A, 0x99, 0x23, 0xAD, 0xA4, 0xDB, 0x6B, 0xCC, 0x91, 0x97, 0x2C, 0x51, 0x0C, 0xF8, 0x42, 0x93,
    0x24, 0x8A, 0x01, 0xFF, 0x7A, 0x72, 0x44, 0x31, 0xE0, 0x17, 0x3B, 0x84, 0xB2, 0x0A, 0x74, 0x30,
    0xC6, 0x53, 0xAD, 0xD1, 0x1F, 0x06, 0x98, 0xC5, 0xCF, 0x02, 0xCC, 0xB1, 0x46, 0x0F, 0x68, 0x66,
    0x18, 0x26, 0xFC, 0x80, 0x65, 0x8E, 0x2B, 0x06, 0x20, 0x92, 0x15, 0x50, 0x0C, 0x80, 0x1F, 0x3B,
    0xA0, 0x18, 0x60, 0xBD, 0x7A, 0xC5, 0xA0, 0xC7, 0x12, 0x28, 0x06, 0xC0, 0x8B, 0x2D, 0x50, 0x0C,
    0x80, 0x0F, 0x6B, 0xA0, 0x18, 0xE8, 0x4D, 0x16, 0x91, 0xC3, 0x68, 0xB9, 0x1A, 0x50, 0x45, 0xC7,
    0xD1, 0x80, 0x0E, 0xB1, 0x02, 0x04, 0x50, 0x4B, 0x03, 0x04, 0x0A, 0x00, 0x00, 0x00, 0x06, 0x00,
    0xB2, 0x95, 0x6B, 0x1B, 0xF3, 0xCB, 0x08, 0x00, 0x00, 0x00, 0x0C, 0x00, 0x00, 0x00, 0x0F, 0x01,
    0x00, 0x00, 0x3E, 0x01, 0x00, 0x00, 0x01, 0x00, 0x00, 0x00, 0x0F, 0x00, 0x12, 0x03, 0x24, 0x15,
    0x36, 0x27, 0x38, 0x39, 0x6A, 0x7B, 0x4C, 0x9D, 0x6E, 0x1F, 0x09, 0x06, 0x01, 0x13, 0x34, 0xE5,
    0xF6, 0x96, 0xF7, 0x09, 0x0C, 0x13, 0xC1, 0xBA, 0x14, 0xA0, 0x4A, 0x80, 0x4C, 0x01, 0xAE, 0x04,
    0x28, 0x10, 0x60, 0xD1, 0x81, 0x02, 0x05, 0x0E, 0x28, 0x8E, 0x78, 0x81, 0x01, 0x01, 0x1C, 0x4F,
    0x74, 0x60, 0x00, 0xE4, 0xAA, 0x9D, 0x68, 0x81, 0xE5, 0x8A, 0x1F, 0x5A, 0xE0, 0xBD, 0xE2, 0x85,
    0x16, 0x2C, 0x50, 0xEC, 0x40, 0x0B, 0x1E, 0x28, 0x76, 0x9F, 0x04, 0x15, 0x14, 0x7B, 0xCF, 0x81,
    0x0C, 0x8A, 0x5D, 0x67, 0xC1, 0x06, 0xC5, 0x8E, 0xD3, 0xA0, 0x83, 0x62, 0xBF, 0x59, 0x10, 0x42,
    0xB1, 0xD7, 0x34, 0x18, 0x61, 0x68, 0xA7, 0x31, 0xF4, 0x03, 0x8E, 0x55, 0xE6, 0x00, 0xAD, 0x97,
    0x70, 0xEC, 0x31, 0x8E, 0x7D, 0xC2, 0xB1, 0xC3, 0x38, 0xFB, 0x81, 0x14, 0x8E, 0xFD, 0xC5, 0xB1,
    0x57, 0x38, 0x76, 0x17, 0xE7, 0x7E, 0xA1, 0xDE, 0x5B, 0x1E, 0xC4, 0x50, 0xEC, 0x2B, 0x0F, 0x6A,
    0x28, 0x76, 0x95, 0x07, 0x37, 0x64, 0x3B, 0x0A, 0xF0, 0x03, 0x76, 0x38, 0x76, 0x91, 0x04, 0xC2,
    0x17, 0x51, 0xED, 0x21, 0x11, 0x8E, 0x28, 0xF6, 0x8F, 0x09, 0x49, 0x4C, 0x7B, 0x87, 0x69, 0x3F,
    0x71, 0xEC, 0x1B, 0x09, 0x54, 0x3D, 0x8A, 0x63, 0xD7, 0x38, 0x90, 0xA0, 0xC0, 0x14, 0xC7, 0x9E,
    0x61, 0xFE, 0x81, 0x2A, 0x8E, 0x1D, 0xC3, 0xF7, 0x04, 0xAE, 0xAC, 0x16, 0x13, 0xB6, 0x28, 0x76,
    0x8A, 0x09, 0x5F, 0x4C, 0x7B, 0x83, 0xB8, 0x2F, 0x58, 0xA3, 0xD9, 0x17, 0x26, 0xC4, 0x51, 0xEC,
    0x08, 0x17, 0xE6, 0x98, 0xF6, 0x82, 0x06, 0xCE, 0xE7, 0x71, 0xEC, 0x04, 0x09, 0x20, 0x7D, 0x8F,
    0x63, 0xEB, 0xBF, 0xA0, 0xC0, 0x1F, 0xC7, 0x2E, 0xC0, 0xE9, 0x0B, 0x1C, 0x57, 0x1E, 0xFB, 0x41,
    0x8A, 0x15, 0x21, 0x91, 0x62, 0x4B, 0xFB, 0xA3, 0x00, 0x50, 0x4B, 0x03, 0x04, 0x0A, 0x00, 0x00,
    0x00, 0x06, 0x00, 0xB2, 0x95, 0x6B, 0x1B, 0xE0, 0xD0, 0x10, 0x00, 0x00, 0x00, 0x1C, 0x00, 0x00,
    0x00, 0xAE, 0x07, 0x00, 0x00, 0x06, 0x0C, 0x00, 0x00, 0x1E, 0x04, 0x00, 0x00, 0x2A, 0x0D, 0x00,
    0x00, 0x01, 0x00, 0x00, 0x00, 0x0F, 0x00, 0x12, 0x03, 0x24, 0x15, 0x36, 0x27, 0x38, 0x39, 0x6A,
    0x7B, 0x4C, 0x9D, 0x6E, 0x1F, 0x09, 0x06, 0x01, 0x13, 0x34, 0xE5, 0xF6, 0x96, 0xF7, 0x19, 0x0C,
    0xBB, 0xE7, 0x03, 0xC3, 0xDB, 0x5F, 0x30, 0x3C, 0x84, 0x65, 0x87, 0x1C, 0x60, 0x78, 0xB5, 0x04,
    0x86, 0x57, 0x68, 0x60, 0x78, 0x97, 0x01, 0x69, 0x02, 0xFC, 0x19, 0xD0, 0x31, 0x40, 0x89, 0x00,
    0xB7, 0x02, 0xB0, 0x3E, 0x62, 0x80, 0xE1, 0x21, 0x0A, 0x18, 0x86, 0x7C, 0x38, 0x60, 0x18, 0x64,
    0x87, 0x04, 0x86, 0x81, 0xDE, 0xB0, 0xC0, 0x30, 0xC8, 0x0C, 0x0D, 0x0C, 0x83, 0xBC, 0xF0, 0xC0,
    0x30, 0xD0, 0x15, 0x22, 0x18, 0x06, 0x39, 0x61, 0x82, 0x61, 0x90, 0x11, 0x2A, 0x18, 0x06, 0xFA,
    0xC1, 0x05, 0xC3, 0x40, 0x37, 0xC8, 0x60, 0x18, 0xE4, 0x82, 0x0D, 0x86, 0x41, 0x26, 0xE8, 0x60,
    0x18, 0xE4, 0x81, 0x0F, 0x86, 0x41, 0x16, 0x08, 0x61, 0x18, 0xE4, 0x80, 0x11, 0x86, 0x81, 0xA6,
    0xC5, 0x86, 0x55, 0xC0, 0xF0, 0x07, 0x0B, 0x1A, 0x28, 0x76, 0x83, 0x08, 0x09, 0x14, 0x1F, 0x90,
    0xE0, 0x42, 0x01, 0xC5, 0x0F, 0x14, 0xD8, 0x10, 0x60, 0xBB, 0x27, 0xF8, 0xC8, 0x80, 0x79, 0x01,
    0xDE, 0x04, 0xA8, 0xE7, 0x8F, 0x3E, 0x91, 0xC4, 0x1C, 0xFD, 0xC4, 0x98, 0x7C, 0xC5, 0x93, 0xFD,
    0xC5, 0x54, 0x2E, 0x63, 0x68, 0xB7, 0xF1, 0xEF, 0x37, 0xF2, 0xED, 0xD8, 0x8A, 0x01, 0x87, 0x58,
    0x53, 0x40, 0x31, 0xE0, 0x11, 0x69, 0x0E, 0x28, 0xF6, 0x8B, 0x1D, 0x8A, 0x01, 0xF0, 0x16, 0x3D,
    0x14, 0x03, 0xB5, 0x23, 0x81, 0x62, 0xC0, 0xAC, 0xE8, 0xA1, 0x18, 0x00, 0x4F, 0xF1, 0x43, 0x31,
    0xF7, 0x58, 0xA0, 0x18, 0x70, 0x85, 0x13, 0x3F, 0x14, 0x73, 0x8F, 0x06, 0x8A, 0x01, 0xBC, 0xC4,
    0x0F, 0xC5, 0x00, 0xBA, 0xC7, 0x03, 0xC5, 0xE8, 0x88, 0x1F, 0x8A, 0x01, 0xF0, 0x10, 0x41, 0x14,
    0x83, 0xFE, 0x88, 0xA0, 0x18, 0x1D, 0xD1, 0x43, 0xB1, 0x4A, 0xEC, 0x50, 0xAC, 0x14, 0x37, 0x14,
    0xAB, 0xC5, 0x0C, 0xC5, 0x9A, 0xD1, 0x42, 0xB1, 0x6E, 0xA4, 0x50, 0xAC, 0x1D, 0x25, 0x14, 0xEB,
    0x47, 0x08, 0xC5, 0x1A, 0xD2, 0x41, 0xB1, 0x8E, 0x64, 0x50, 0xAC, 0x26, 0x13, 0x14, 0x2B, 0xCA,
    0x03, 0xC5, 0xAA, 0x92, 0x60, 0x82, 0x62, 0x67, 0x29, 0xA0, 0xF8, 0xA6, 0x00, 0x8B, 0x02, 0x0C,
    0x0D, 0xF0, 0x2F, 0xC0, 0xAA, 0x00, 0x77, 0x74, 0x2B, 0xC7, 0x08, 0xC5, 0xEE, 0xD0, 0x46, 0xB1,
    0x36, 0xC4, 0x09, 0xA1, 0xD8, 0x19, 0xEA, 0x7C, 0x50, 0xEC, 0x0B, 0x79, 0x3A, 0x28, 0xD6, 0x9E,
    0x0D, 0x8A, 0x5D, 0xE1, 0x4F, 0x06, 0xC5, 0x9E, 0x30, 0xE8, 0x82, 0x62, 0x47, 0x38, 0x54, 0x41,
    0xB1, 0x12, 0x69, 0x5A, 0x0F, 0x1A, 0xC9, 0x5A, 0x0D, 0x22, 0x99, 0x4B, 0x0B, 0x2A, 0x69, 0x92,
    0x16, 0x5C, 0x72, 0x46, 0x25, 0xD8, 0x24, 0xF0, 0x75, 0xE0, 0x93, 0xD0, 0x53, 0x81, 0x51, 0x76,
    0x57, 0x03, 0x4E, 0x79, 0x2D, 0x0B, 0x9E, 0x4A, 0x6C, 0x79, 0x95, 0x61, 0x69, 0x1C, 0x5B, 0xB6,
    0x6B, 0xAA, 0x18, 0xBC, 0x54, 0x01, 0xF5, 0xA8, 0x62, 0x40, 0xDB, 0x7A, 0x82, 0x40, 0x05, 0x2E,
    0x38, 0xBB, 0xE0, 0x0B, 0xC8, 0xC6, 0x32, 0x92, 0xF1, 0x83, 0x29, 0x0D, 0x24, 0xDB, 0xF6, 0x06,
    0x15, 0xE2, 0x3C, 0xF0, 0x54, 0xC7, 0x1F, 0x3C, 0xA8, 0xE3, 0x18, 0x00, 0xB9, 0xD3, 0xC0, 0xB1,
    0x22, 0x34, 0x70, 0x8C, 0x2E, 0x78, 0xE0, 0x58, 0x0B, 0xF2, 0x38, 0x06, 0xDC, 0x62, 0xCF, 0x01,
    0x4B, 0xD4, 0x84, 0x03, 0x93, 0x02, 0x0C, 0x93, 0xAB, 0x9E, 0x18, 0x60, 0x8A, 0x60, 0x57, 0x31,
    0x65, 0x03, 0xE4, 0x07, 0x04, 0x3B, 0x84, 0x64, 0x28, 0x54, 0x9E, 0x40, 0xB0, 0x3F, 0x48, 0x06,
    0x8A, 0x26, 0x5D, 0x20, 0xD8, 0x1D, 0x24, 0x43, 0x37, 0x14, 0x90, 0x6C, 0x95, 0x6C, 0xC9, 0x1E,
    0xD0, 0x40, 0xB0, 0x25, 0x43, 0x32, 0x14, 0x70, 0x1C, 0x29, 0x98, 0x41, 0xB2, 0x1C, 0xB7, 0x6C,
    0xC9, 0x34, 0xC2, 0x00, 0xC9, 0x94, 0x29, 0x3C, 0x41, 0xB7, 0x2F, 0x48, 0xE6, 0x05, 0x11, 0x6C,
    0x52, 0xC9, 0x8D, 0xBE, 0x75, 0xFB, 0xC0, 0x05, 0x4D, 0xB5, 0xDC, 0xEE, 0xDB, 0xD8, 0xE6, 0x71,
    0x17, 0xF8, 0x60, 0x5A, 0x03, 0x6C, 0xB3, 0x67, 0xAF, 0x70, 0x74, 0xA5, 0xD0, 0x96, 0xF5, 0xA2,
    0xC1, 0x01, 0xC9, 0x5C, 0x20, 0x81, 0xE4, 0x36, 0xD1, 0x92, 0x65, 0xFA, 0x02, 0xC9, 0xC4, 0x74,
    0xF9, 0x6E, 0x40, 0xE6, 0x98, 0xF6, 0x19, 0x07, 0x12, 0x38, 0x17, 0x22, 0x2F, 0x50, 0x23, 0x81,
    0x6E, 0x72, 0xE0, 0xC6, 0x01, 0xC9, 0xA4, 0x40, 0x0E, 0xC9, 0x10, 0x99, 0x6B, 0x64, 0xFF, 0x21,
    0x5A, 0x07, 0x38, 0x9F, 0x61, 0xBE, 0xC6, 0xB3, 0xE0, 0xA2, 0x3A, 0xC3, 0xB0, 0x15, 0x51, 0x2F,
    0x26, 0x28, 0x46, 0x2B, 0xAC, 0xA8, 0xA0, 0x18, 0xBD, 0x70, 0x42, 0x60, 0x2B, 0xC3, 0x08, 0x8D,
    0xAD, 0x0D, 0x1F, 0x64, 0xB6, 0x3E, 0x5C, 0xB0, 0xDA, 0x1A, 0xF1, 0x40, 0x6F, 0xAB, 0x44, 0x82,
    0x13, 0x46, 0x53, 0x03, 0x52, 0x28, 0x26, 0x11, 0x1C, 0xC1, 0x89, 0xA0, 0x8E, 0xF7, 0x3B, 0x76,
    0x9F, 0x01, 0x17, 0x03, 0x14, 0x0A, 0x90, 0xD1, 0x60, 0x1B, 0xE6, 0x35, 0x0C, 0x78, 0x5B, 0x83,
    0x3C, 0x86, 0x01, 0x02, 0xE0, 0x34, 0x0C, 0x30, 0x09, 0xFA, 0x18, 0x06, 0x40, 0x0F, 0xFC, 0x31,
    0x0C, 0xC8, 0x02, 0x81, 0x0C, 0x03, 0xCC, 0x80, 0x41, 0x86, 0x01, 0x86, 0x18, 0x1A, 0x06, 0xE9,
    0x5A, 0xFE, 0xE5, 0x28, 0x39, 0xB3, 0x26, 0xCC, 0x11, 0x51, 0xFC, 0x46, 0x40, 0xF6, 0x1A, 0x31,
    0xD9, 0x67, 0x64, 0x24, 0x8F, 0xD1, 0x31, 0x2C, 0x62, 0xB8, 0x45, 0x16, 0xC3, 0x63, 0x54, 0x31,
    0xBC, 0x46, 0x14, 0xC3, 0x73, 0x34, 0x31, 0xBC, 0x87, 0x98, 0xE1, 0x20, 0x45, 0x0C, 0x2F, 0x12,
    0xC4, 0xF0, 0x24, 0x3D, 0x0C, 0x6F, 0x92, 0xC3, 0xF0, 0x28, 0x35, 0x0C, 0xAF, 0x12, 0xC3, 0xF0,
    0x2C, 0x2D, 0x0C, 0xEF, 0x42, 0xF4, 0x06, 0x08, 0x23, 0xA0, 0xF9, 0x8C, 0x9A, 0xE6, 0x35, 0x42,
    0xAA, 0xDF, 0x68, 0x28, 0x9E, 0x23, 0x20, 0xFB, 0x8E, 0x96, 0xEC, 0x3D, 0x3A, 0x92, 0xFF, 0xA8,
    0x6D, 0xD3, 0xFB, 0x67, 0xA1, 0xA3, 0x01, 0xC7, 0x84, 0x0F, 0x10, 0x4C, 0x25, 0xD4, 0x01, 0xAD,
    0x2B, 0xB4, 0xA0, 0x62, 0xDD, 0x90, 0xBB, 0xFC, 0xE2, 0x83, 0x62, 0x9D, 0x38, 0xA1, 0x58, 0x21,
    0x5A, 0x28, 0x56, 0x86, 0x1A, 0x8A, 0x15, 0xA1, 0x87, 0xE2, 0xDE, 0xF2, 0x17, 0xC3, 0x40, 0x2F,
    0x08, 0x63, 0x18, 0x80, 0x4C, 0x30, 0xC6, 0x30, 0xC0, 0x35, 0xA6, 0x9F, 0x28, 0x2D, 0x25, 0x18,
    0x12, 0x42, 0x31, 0x7A, 0xA0, 0x88, 0x62, 0xD0, 0x21, 0x23, 0x14, 0x03, 0x10, 0x05, 0x8A, 0x28,
    0x06, 0x1D, 0x52, 0x42, 0x31, 0x00, 0x6C, 0x40, 0x11, 0xC5, 0x80, 0x17, 0xE0, 0xFC, 0x27, 0x14,
    0x03, 0xEC, 0x80, 0x21, 0x8A, 0x75, 0xE0, 0x87, 0x62, 0x2D, 0xD8, 0xA1, 0x58, 0x0F, 0x6E, 0x28,
    0xD6, 0x84, 0x19, 0x8A, 0x75, 0xE1, 0x85, 0x62, 0x6D, 0x58, 0xA1, 0x58, 0x1F, 0x4E, 0x28, 0xD6,
    0x88, 0x10, 0x7E, 0x4D, 0x27, 0x3A, 0x28, 0xD6, 0x8A, 0x0C, 0x8A, 0xF5, 0xA2, 0x82, 0x62, 0xA1,
    0x99, 0x15, 0xEB, 0x46, 0x03, 0xC5, 0xB5, 0xB2, 0x03, 0xF4, 0x96, 0x5F, 0x87, 0xF3, 0xA3, 0x00,
    0x8D, 0xAC, 0x5E, 0xA7, 0x6F, 0xC6, 0x0D, 0x03, 0xFE, 0xA4, 0xCF, 0x16, 0xD3, 0x0E, 0x51, 0x0C,
    0x30, 0x0F, 0x8A, 0x28, 0x06, 0xC0, 0x1B, 0x1C, 0x51, 0x0C, 0xB0, 0x39, 0x1E, 0x28, 0x46, 0xD4,
    0x94, 0x47, 0x02, 0x50, 0x4B, 0x03, 0x04, 0x0A, 0x00, 0x00, 0x00, 0x06, 0x00, 0xB2, 0x95, 0x6B,
    0x1B, 0xBA, 0x6E, 0x14, 0x00, 0x00, 0x00, 0x24, 0x00, 0x00, 0x00, 0xF2, 0x0E, 0x00, 0x00, 0x08,
    0x11, 0x00, 0x00, 0xE0, 0x17, 0x00, 0x00, 0x84, 0x06, 0x00, 0x00, 0xFE, 0x1C, 0x00, 0x00, 0x01,
    0x00, 0x00, 0x00, 0x0F, 0x00, 0x12, 0x03, 0x24, 0x15, 0x36, 0x27, 0x38, 0x39, 0x6A, 0x7B, 0x4C,
    0x9D, 0x6E, 0x1F, 0x09, 0x06, 0x01, 0x13, 0x34, 0xE5, 0xF6, 0x96, 0xF7, 0x21, 0x0C, 0xBB, 0x77,
    0x07, 0xC3, 0xD3, 0x43, 0x76, 0xE6, 0x17, 0x86, 0xA7, 0xF0, 0xEC, 0x40, 0x07, 0x0C, 0x0F, 0xBE,
    0xC0, 0xF0, 0x34, 0x13, 0x0C, 0x2F, 0x5F, 0xC1, 0xF0, 0xFD, 0xA6, 0xFD, 0x67, 0xC0, 0xE3, 0x00,
    0x87, 0x02, 0x44, 0x0E, 0x30, 0x80, 0xF2, 0x43, 0x86, 0x01, 0x4F, 0x29, 0x30, 0xC8, 0xF0, 0x07,
    0x79, 0x0C, 0xBF, 0x10, 0xC7, 0xF0, 0x0F, 0x69, 0x0C, 0x3F, 0x11, 0xC6, 0xF0, 0x18, 0x57, 0x0C,
    0xCF, 0xF1, 0xC4, 0xF0, 0x21, 0x45, 0x0C, 0x5F, 0xD2, 0xC3, 0xF0, 0x2A, 0x33, 0x0C, 0xEF, 0xB2,
    0xC2, 0xF0, 0x33, 0x21, 0x0C, 0x7F, 0x93, 0xC1, 0xF0, 0x38, 0x17, 0x0C, 0x23, 0x9E, 0x65, 0x18,
    0xD6, 0x66, 0x83, 0x61, 0xC8, 0x9A, 0x0E, 0x86, 0x21, 0x69, 0x3E, 0x18, 0x86, 0x98, 0x5A, 0x86,
    0x61, 0x65, 0x46, 0x18, 0x86, 0x8C, 0x29, 0x61, 0x18, 0x12, 0xE6, 0x84, 0x61, 0xC8, 0x97, 0x14,
    0x86, 0x21, 0xCE, 0x92, 0x61, 0xD8, 0x96, 0x16, 0x86, 0x21, 0x59, 0x5E, 0x18, 0x86, 0x5C, 0x89,
    0x61, 0x18, 0xA4, 0x37, 0xCB, 0x30, 0x6C, 0x4A, 0x0D, 0xC3, 0x90, 0x28, 0x37, 0x0C, 0x43, 0x9E,
    0xE4, 0x30, 0x0C, 0x69, 0xB2, 0xC3, 0x30, 0x48, 0x47, 0x94, 0x61, 0x9C, 0xE4, 0x87, 0x61, 0x90,
    0x47, 0x82, 0x18, 0x86, 0x14, 0x19, 0x62, 0x18, 0x62, 0x09, 0x32, 0x0C, 0x0B, 0x72, 0xC4, 0x30,
    0xE4, 0x47, 0x12, 0xC3, 0x20, 0x7B, 0x2C, 0x31, 0x0C, 0xD9, 0xD1, 0xC4, 0x30, 0xC4, 0xE8, 0xCB,
    0x30, 0xEC, 0x46, 0x14, 0xC3, 0x90, 0x1A, 0x53, 0x0C, 0x43, 0x66, 0x54, 0x31, 0x0C, 0x71, 0x7A,
    0x32, 0x0C, 0x7B, 0x91, 0xC5, 0x30, 0xA4, 0xC5, 0x16, 0xC3, 0xC8, 0x8A, 0x2E, 0x86, 0x21, 0x29,
    0xBE, 0x18, 0x86, 0xB8, 0x5D, 0x19, 0x86, 0x95, 0x18, 0x63, 0x18, 0x32, 0xA2, 0x8C, 0x61, 0x3C,
    0xDB, 0x6A, 0x19, 0xE6, 0xBD, 0x17, 0x60, 0x4E, 0x80, 0x7C, 0x56, 0xCB, 0x17, 0xBA, 0x18, 0x06,
    0xBA, 0xC2, 0x17, 0xC3, 0x00, 0x31, 0x21, 0x8C, 0x61, 0x00, 0x15, 0x61, 0x8C, 0x61, 0x80, 0x79,
    0x50, 0xC6, 0x30, 0xF0, 0x02, 0x86, 0xDB, 0xB6, 0x62, 0x48, 0x83, 0x32, 0x8A, 0x81, 0x1A, 0x53,
    0x40, 0x31, 0x60, 0x16, 0x94, 0x51, 0x0C, 0x1F, 0x73, 0x40, 0x31, 0xA0, 0xC3, 0x24, 0x50, 0x0C,
    0x9E, 0x60, 0x8C, 0x62, 0x78, 0x98, 0x05, 0x8A, 0x81, 0xFE, 0xD2, 0x40, 0x31, 0xB0, 0x03, 0x61,
    0x14, 0x83, 0x7E, 0x79, 0xA0, 0x18, 0x58, 0x81, 0x30, 0x8A, 0xF9, 0x4B, 0x04, 0xC5, 0x80, 0xEE,
    0x32, 0x41, 0x31, 0x3A, 0xE0, 0x8B, 0x62, 0xA0, 0xBA, 0x54, 0x50, 0x6C, 0x94, 0x5E, 0x31, 0x50,
    0x5D, 0x2E, 0x28, 0x06, 0x1F, 0x90, 0x25, 0x83, 0x62, 0xB4, 0xC0, 0x15, 0xC5, 0x40, 0x1F, 0xA8,
    0xA2, 0x98, 0xA7, 0x6C, 0x70, 0x65, 0x45, 0x51, 0x8C, 0x2C, 0x78, 0xA2, 0x18, 0xB4, 0x49, 0x07,
    0x73, 0xD4, 0x12, 0xC5, 0xC8, 0x83, 0x24, 0x8A, 0x91, 0x08, 0x45, 0x3E, 0x28, 0x06, 0x9F, 0x30,
    0x44, 0x31, 0xDE, 0xE6, 0x73, 0x1C, 0x33, 0x40, 0x49, 0x9D, 0x3A, 0xC0, 0x49, 0x8B, 0x40, 0x59,
    0x0C, 0x03, 0xFE, 0xE0, 0xCD, 0x9E, 0xE2, 0xF3, 0xC5, 0x52, 0x2B, 0x82, 0xF0, 0x5A, 0x4F, 0x14,
    0x51, 0x5B, 0x41, 0x31, 0xE0, 0x35, 0x47, 0x26, 0x28, 0x06, 0xBC, 0x4F, 0x9F, 0xA8, 0x62, 0xC0,
    0xAB, 0x96, 0x3C, 0x50, 0x0C, 0xF8, 0x82, 0xB8, 0x01, 0x4A, 0x99, 0x80, 0x74, 0xFB, 0x20, 0x87,
    0x5C, 0x50, 0x0C, 0x16, 0x24, 0x83, 0x62, 0xE4, 0xC7, 0x06, 0xC5, 0x60, 0x3D, 0x3A, 0x28, 0x06,
    0x7A, 0xC7, 0x07, 0xC5, 0x48, 0x8E, 0x10, 0x8A, 0xC1, 0x6A, 0x94, 0x50, 0x4C, 0x82, 0x9A, 0x4C,
    0x1F, 0x0F, 0x30, 0x29, 0x40, 0xA2, 0x00, 0x95, 0x4C, 0xA6, 0x12, 0x19, 0x06, 0x5E, 0xC0, 0x43,
    0xA1, 0x8A, 0x01, 0xE0, 0x85, 0x0A, 0x28, 0x46, 0xD2, 0x84, 0x50, 0x0C, 0x30, 0x67, 0x46, 0x28,
    0x06, 0x3C, 0xA2, 0x4C, 0x09, 0xC5, 0x80, 0x47, 0x8C, 0x39, 0xA1, 0x18, 0xF0, 0x88, 0x30, 0x29,
    0x14, 0x03, 0x82, 0x87, 0xF1, 0x8A, 0x05, 0x2D, 0x34, 0x6B, 0xC7, 0x09, 0xC5, 0x8F, 0xEB, 0x83,
    0xE9, 0xA4, 0x47, 0xE1, 0x69, 0x80, 0xA4, 0xFA, 0xE0, 0x24, 0x4A, 0x82, 0x8F, 0x8C, 0x30, 0x4C,
    0x8B, 0x94, 0x10, 0xBE, 0x88, 0x63, 0x2B, 0x3E, 0xA4, 0x84, 0x62, 0x05, 0x39, 0xA1, 0x18, 0xE8,
    0x1F, 0x29, 0x14, 0x6B, 0x47, 0x0B, 0xC5, 0xBC, 0xC2, 0x18, 0x94, 0xA3, 0x85, 0x62, 0xA4, 0x46,
    0x0C, 0xC5, 0xBA, 0xF1, 0xC2, 0x32, 0xA2, 0x98, 0xCE, 0x98, 0xA1, 0x18, 0x1E, 0xC3, 0x2C, 0x29,
    0xC6, 0x0C, 0xC5, 0xC8, 0x8B, 0x1A, 0x8A, 0xD5, 0xE2, 0x86, 0x62, 0xA0, 0x6A, 0x24, 0x50, 0x8C,
    0xAE, 0xB8, 0xA1, 0x18, 0x49, 0x91, 0x43, 0xB1, 0x4E, 0xEC, 0x50, 0x0C, 0xCF, 0xE1, 0x66, 0xAB,
    0xC4, 0x0E, 0xC5, 0xC8, 0x88, 0x1E, 0x8A, 0x91, 0x10, 0x3F, 0x14, 0x73, 0x8F, 0x06, 0x8A, 0xC1,
    0x3F, 0xFC, 0x50, 0x0C, 0x54, 0x8F, 0x07, 0x8A, 0xD1, 0x0E, 0x3F, 0x14, 0x03, 0x7A, 0xC3, 0x8F,
    0x08, 0x8A, 0x01, 0x93, 0xE1, 0x87, 0xDC, 0xD0, 0x85, 0x20, 0x8A, 0x81, 0xFA, 0x51, 0x41, 0x31,
    0x78, 0x85, 0x20, 0x8A, 0xF9, 0xC7, 0x05, 0xC5, 0xE8, 0x84, 0x20, 0x8A, 0x01, 0xF5, 0x43, 0xAA,
    0x2B, 0x82, 0x57, 0xE7, 0x07, 0x43, 0x14, 0x83, 0x06, 0xD9, 0xA0, 0x18, 0x58, 0x83, 0x21, 0x8A,
    0x39, 0x48, 0x07, 0xC5, 0xC0, 0x16, 0x0C, 0x51, 0x0C, 0x0F, 0x62, 0xD2, 0x94, 0x60, 0x88, 0x62,
    0xA0, 0x82, 0x84, 0x50, 0x0C, 0xF6, 0x63, 0x84, 0x62, 0x80, 0x3D, 0x10, 0x44, 0x31, 0xFF, 0x28,
    0xA1, 0x18, 0x60, 0x7A, 0x9C, 0x50, 0x0C, 0xAC, 0xC0, 0x0F, 0xC5, 0xDC, 0x23, 0x85, 0x62, 0x74,
    0xC0, 0x0F, 0xC5, 0xA0, 0x3D, 0x56, 0xB8, 0x65, 0x56, 0x8C, 0x88, 0xA6, 0x8A, 0x09, 0xC2, 0x6E,
    0x5F, 0x39, 0x14, 0x83, 0x1D, 0xB8, 0xA1, 0x18, 0x49, 0x30, 0xE3, 0x85, 0x62, 0xF0, 0x05, 0x31,
    0x14, 0x23, 0x0D, 0x5A, 0xC4, 0x50, 0x0C, 0xFE, 0x60, 0x85, 0x62, 0x78, 0x8A, 0x19, 0xAE, 0xA0,
    0x13, 0x8A, 0x91, 0x09, 0x25, 0x14, 0xC3, 0x47, 0xD4, 0xF0, 0xF9, 0x0A, 0xA1, 0x18, 0xEC, 0xC2,
    0x07, 0xC5, 0x48, 0x86, 0x0D, 0x37, 0x14, 0x83, 0x6F, 0xC8, 0xA0, 0x18, 0x7E, 0x21, 0x87, 0xC0,
    0x51, 0x05, 0xC5, 0x9C, 0xA0, 0x88, 0xB1, 0xDB, 0x74, 0x37, 0xE6, 0x8B, 0x16, 0x0A, 0x01, 0xFF,
    0x17, 0x0A, 0x01, 0xEF, 0x19, 0x4D, 0xC2, 0x0D, 0xB0, 0xDA, 0x07, 0x58, 0xE8, 0x0E, 0xE0, 0x33,
    0x34, 0x60, 0x80, 0x40, 0xD2, 0x80, 0x02, 0xD2, 0x28, 0xCA, 0x07, 0x78, 0x7C, 0x0F, 0x48, 0x60,
    0x18, 0x4C, 0x36, 0x55, 0x0C, 0x09, 0x90, 0xC0, 0x32, 0x56, 0x79, 0x4A, 0x43, 0x6C, 0xFF, 0x77,
    0xEC, 0x3F, 0x03, 0x1E, 0x07, 0x18, 0x14, 0x20, 0xB2, 0xA2, 0x9D, 0x60, 0x8F, 0x61, 0xE4, 0x40,
    0x1F, 0xC3, 0x80, 0x2D, 0xF0, 0xC7, 0x30, 0x60, 0x07, 0x04, 0x32, 0x0C, 0x58, 0x66, 0x37, 0x8C,
    0x58, 0x57, 0x83, 0x3B, 0x92, 0xF2, 0x1C, 0xC3, 0x37, 0xA4, 0x71, 0x83, 0xDB, 0x0F, 0xE9, 0x16,
    0x46, 0x50, 0xD7, 0x70, 0x82, 0xF8, 0x87, 0x1F, 0xD8, 0x47, 0x1C, 0x80, 0x8E, 0x62, 0x03, 0x70,
    0x96, 0x15, 0x86, 0x8F, 0x11, 0x71, 0xBD, 0x26, 0x83, 0xE1, 0x6D, 0x2E, 0x18, 0x46, 0x3C, 0xCB,
    0x30, 0x2C, 0xCD, 0x06, 0xC3, 0x90, 0x33, 0x1D, 0x0C, 0x43, 0xCA, 0x7C, 0x30, 0x0C, 0x31, 0xB5,
    0x0C, 0xC3, 0xC2, 0x8C, 0x30, 0x0C, 0xF9, 0x52, 0xC2, 0x30, 0xA4, 0xCB, 0x09, 0xC3, 0x90, 0x2D,
    0x29, 0x0C, 0x43, 0x9C, 0x25, 0xC3, 0xB0, 0x2B, 0x2D, 0x0C, 0x43, 0xAA, 0xBC, 0x30, 0x0C, 0x99,
    0x12, 0xC3, 0x30, 0x48, 0x6F, 0x96, 0x61, 0xD8, 0x93, 0x1A, 0x86, 0x21, 0x4D, 0x6E, 0x18, 0x86,
    0x2C, 0xC9, 0x61, 0x18, 0x92, 0x64, 0x87, 0x61, 0x90, 0x8E, 0x28, 0xC3, 0xB8, 0xC8, 0x0F, 0xC3,
    0x20, 0x87, 0x04, 0x31, 0x0C, 0x09, 0x32, 0xC4, 0x30, 0xC4, 0x12, 0x64, 0x18, 0xD6, 0xE3, 0x88,
    0x61, 0xC8, 0x8E, 0x24, 0x86, 0x41, 0xE6, 0x58, 0x62, 0x18, 0x72, 0xA3, 0x89, 0x61, 0x88, 0xD1,
    0x97, 0x61, 0xD8, 0x8C, 0x28, 0x86, 0x21, 0x31, 0xA6, 0x18, 0x86, 0xBC, 0xA8, 0x62, 0x18, 0xE2,
    0xF4, 0x64, 0x18, 0xB6, 0x22, 0x8B, 0x61, 0x48, 0x8A, 0x2D, 0x86, 0x91, 0x13, 0x5D, 0x0C, 0x43,
    0x4A, 0x7C, 0x31, 0x0C, 0x71, 0xBB, 0x32, 0x0C, 0x0B, 0x31, 0xC6, 0x30, 0xE4, 0x43, 0x19, 0xC3,
    0x78, 0xB6, 0xD5, 0x72, 0x1F, 0x25, 0xD9, 0xCD, 0x94, 0x64, 0xBE, 0x70, 0xCB, 0x30, 0xD0, 0x15,
    0x72, 0x19, 0x06, 0x88, 0x09, 0xBB, 0x0C, 0x03, 0xA8, 0x08, 0xBD, 0x0C, 0x83, 0xD9, 0xF9, 0x2E,
    0x53, 0xA0, 0x8A, 0x62, 0x3D, 0x58, 0xA2, 0x58, 0x17, 0x86, 0x28, 0xD6, 0x87, 0x1D, 0x3E, 0x9E,
    0xCB, 0xAC, 0x88, 0xA1, 0x58, 0x33, 0x52, 0x28, 0x56, 0x8F, 0x0F, 0x8A, 0x55, 0xE4, 0x82, 0x62,
    0x35, 0x79, 0xA0, 0x58, 0x57, 0xD4, 0x9A, 0x1F, 0x8C, 0xE9, 0x12, 0x40, 0x31, 0xA4, 0x41, 0x19,
    0xC5, 0x40, 0x8D, 0xF9, 0xA2, 0x18, 0x30, 0x0B, 0xCA, 0x28, 0x86, 0x8F, 0x09, 0xA3, 0x18, 0xD0,
    0x61, 0xC6, 0x28, 0x06, 0x4F, 0x30, 0x46, 0x31, 0x3C, 0x4C, 0x19, 0xC5, 0x40, 0x7F, 0x39, 0xA3,
    0x18, 0xD8, 0x81, 0x30, 0x8A, 0x41, 0xBF, 0xA4, 0x51, 0x0C, 0xAC, 0x40, 0x18, 0xC5, 0xFC, 0x65,
    0x8D, 0x62, 0x40, 0x77, 0x69, 0xA3, 0x18, 0x1D, 0xF0, 0x45, 0x31, 0x50, 0x5D, 0xDE, 0xF8, 0x25,
    0x7D, 0x51, 0x0C, 0x54, 0x97, 0x38, 0x8A, 0xC1, 0x07, 0x64, 0x99, 0xA3, 0x18, 0x2D, 0x70, 0x45,
    0x31, 0xD0, 0x07, 0xAA, 0x28, 0xE6, 0x29, 0x75, 0x5C, 0x59, 0x51, 0x14, 0x23, 0x0B, 0x9E, 0x28,
    0x06, 0x6D, 0x72, 0xC7, 0x1C, 0xB5, 0x44, 0x31, 0xF2, 0x20, 0x89, 0x62, 0x24, 0x42, 0x91, 0x3C,
    0x8A, 0xC1, 0x27, 0x0C, 0x51, 0x0C, 0x0F, 0xB2, 0x47, 0x8C, 0x67, 0xC5, 0xC8, 0x85, 0x1E, 0x8A,
    0xE1, 0x3B, 0xFA, 0x28, 0x68, 0xCA, 0xA1, 0x18, 0x8C, 0x45, 0xAB, 0x18, 0xE9, 0x30, 0xE3, 0x8F,
    0x62, 0xF0, 0x0F, 0x31, 0x14, 0x23, 0x21, 0x5A, 0x04, 0x52, 0x0C, 0x3E, 0x62, 0x85, 0x62, 0x78,
    0x8A, 0x41, 0x6A, 0x94, 0x4E, 0x28, 0x46, 0x4E, 0x94, 0x50, 0x0C, 0x1F, 0x51, 0x48, 0x8C, 0x54,
    0x08, 0xC5, 0x60, 0x2B, 0x3E, 0x28, 0x46, 0x5A, 0x6C, 0x38, 0xA4, 0x18, 0xFC, 0x45, 0x06, 0xC5,
    0xF0, 0x0B, 0x89, 0xBC, 0xF0, 0xAA, 0xA0, 0x98, 0x13, 0x54, 0x72, 0x71, 0xB8, 0x96, 0x8B, 0xE3,
    0x4E, 0x8E, 0x3D, 0x33, 0x40, 0xC9, 0x00, 0x99, 0x02, 0x9C, 0xD4, 0x52, 0x94, 0xC9, 0x30, 0xE0,
    0x13, 0x56, 0xDF, 0x8F, 0x16, 0xE8, 0x29, 0x6C, 0x00, 0xE4, 0x41, 0x17, 0x14, 0x03, 0x5E, 0x53,
    0xA8, 0x82, 0x62, 0xC0, 0xFB, 0xF4, 0x89, 0x2A, 0x06, 0xBC, 0x2A, 0x51, 0x04, 0xC5, 0x80, 0x2F,
    0x88, 0x1B, 0xA0, 0x94, 0x09, 0x48, 0xB7, 0x0F, 0x32, 0x50, 0x06, 0xC5, 0x60, 0x7F, 0x36, 0x28,
    0x46, 0xFA, 0x74, 0x50, 0x0C, 0xB6, 0xE7, 0x83, 0x62, 0xA0, 0xF3, 0x84, 0x50, 0x8C, 0xDC, 0x19,
    0xA1, 0x18, 0x6C, 0xCE, 0x09, 0xC5, 0x24, 0xA4, 0xC8, 0x74, 0xD1, 0x00, 0xC9, 0xCC, 0xC6, 0x00,
    0xCB, 0x44, 0xA6, 0x4E, 0x18, 0x06, 0xBC, 0x6B, 0x40, 0x09, 0xC3, 0x10, 0xE7, 0x00, 0x66, 0x18,
    0xF0, 0x04, 0xBD, 0xC0, 0x23, 0xB4, 0x28, 0x56, 0x4C, 0x43, 0x14, 0x50, 0x8C, 0x7C, 0x38, 0xA0,
    0x18, 0x0C, 0x0A, 0x59, 0x31, 0xD8, 0x06, 0x99, 0xAA, 0x02, 0x19, 0x14, 0xC3, 0x2F, 0x34, 0x50,
    0x0C, 0x56, 0xE1, 0x81, 0x62, 0xB0, 0x09, 0x11, 0x14, 0x23, 0x11, 0x26, 0x28, 0x06, 0x7B, 0x50,
    0x41, 0x31, 0xD2, 0xE0, 0x82, 0x62, 0x12, 0x50, 0x4B, 0x03, 0x04, 0x0A, 0x00, 0x00, 0x00, 0x06,
    0x00, 0xB2, 0x95, 0x6B, 0x1B, 0xEA, 0x69, 0x10, 0x00, 0x00, 0x00, 0x1C, 0x00, 0x00, 0x00, 0xCA,
    0x03, 0x00, 0x00, 0x0C, 0x0B, 0x00, 0x00, 0x3E, 0x02, 0x00, 0x00, 0x50, 0x0D, 0x00, 0x00, 0x01,
    0x00, 0x00, 0x00, 0x0F, 0x00, 0x12, 0x03, 0x24, 0x15, 0x36, 0x27, 0x38, 0x39, 0x6A, 0x7B, 0x4C,
    0x9D, 0x6E, 0x1F, 0x09, 0x06, 0x01, 0x13, 0x34, 0xE5, 0xF6, 0x96, 0xF7, 0x19, 0x0C, 0xBB, 0xEE,
    0x01, 0xC3, 0xF3, 0x57, 0x30, 0x3C, 0x81, 0x69, 0xF2, 0x2D, 0x40, 0xD2, 0x00, 0xE1, 0x02, 0x2C,
    0x0D, 0x50, 0x80, 0xF2, 0x0B, 0xCB, 0x14, 0xEB, 0xC3, 0x30, 0xC5, 0x2A, 0xD1, 0x4B, 0xB1, 0x5A,
    0xD4, 0x52, 0xAC, 0x1A, 0xAD, 0x14, 0xAB, 0x47, 0x29, 0xC5, 0x1A, 0xF2, 0x49, 0xB1, 0x96, 0x5C,
    0x52, 0xAC, 0x27, 0x93, 0x14, 0x83, 0x55, 0x69, 0xA4, 0x58, 0x5D, 0x0A, 0x29, 0x56, 0x99, 0x3E,
    0x8A, 0xD5, 0xA6, 0x8E, 0x62, 0xD5, 0x69, 0xA3, 0x58, 0x7D, 0xCA, 0x28, 0xD6, 0xA0, 0x2F, 0x8A,
    0xB5, 0xE8, 0x8A, 0x62, 0x4D, 0x7A, 0xA2, 0x58, 0x9B, 0x8E, 0x28, 0xD6, 0xA8, 0x1F, 0x8A, 0xB5,
    0xEA, 0x86, 0x62, 0xCD, 0x7A, 0xA1, 0x58, 0xBB, 0x4E, 0x28, 0x56, 0xB0, 0x10, 0x8A, 0x95, 0x2C,
    0x83, 0x62, 0x45, 0x8B, 0xA0, 0x58, 0xD9, 0xEC, 0x75, 0x80, 0xE2, 0xE1, 0x0C, 0x03, 0xFE, 0x23,
    0xCA, 0xA8, 0x62, 0xC0, 0x93, 0xF6, 0x9C, 0x51, 0x0C, 0xF8, 0xBF, 0xE2, 0x79, 0xD2, 0x28, 0x06,
    0xBC, 0xE3, 0xCD, 0x1C, 0x9D, 0x85, 0x5C, 0x59, 0xA4, 0x31, 0x11, 0x9F, 0x49, 0x5F, 0xCC, 0x0A,
    0x00, 0x34, 0xDC, 0x61, 0x40, 0x81, 0x5F, 0x9A, 0x15, 0x21, 0x9A, 0x62, 0x1D, 0xD8, 0x26, 0x37,
    0x38, 0x3E, 0x6C, 0x07, 0x58, 0xA0, 0x36, 0x68, 0x30, 0xB5, 0xE1, 0x61, 0x6A, 0x83, 0xE8, 0x0C,
    0xFE, 0xA0, 0x9F, 0x4B, 0xE8, 0x0C, 0x6E, 0xE1, 0x69, 0xAE, 0xF1, 0x48, 0xD5, 0x7C, 0x48, 0x6D,
    0x70, 0x20, 0x67, 0x73, 0x1E, 0xA9, 0xC1, 0x75, 0x14, 0x83, 0x55, 0x79, 0xA3, 0x36, 0x58, 0x9F,
    0xB9, 0x8C, 0xCE, 0xE0, 0x36, 0x3A, 0x83, 0xEB, 0xE8, 0x0C, 0xEE, 0x73, 0x44, 0x31, 0xE0, 0xF0,
    0x35, 0x26, 0x88, 0x1B, 0x70, 0x97, 0x3D, 0x49, 0x14, 0x03, 0xFE, 0xAF, 0x33, 0xBC, 0x44, 0x31,
    0xE0, 0x1D, 0x6F, 0xAA, 0xF8, 0x4C, 0xE4, 0x4A, 0x1B, 0x8F, 0x81, 0x08, 0x0D, 0xFA, 0xA2, 0x92,
    0x5B, 0x27, 0xA1, 0xDC, 0x3A, 0xCF, 0x72, 0xEB, 0x6C, 0x60, 0xCE, 0x15, 0x20, 0x51, 0x80, 0x6B,
    0x01, 0x06, 0x06, 0x30, 0xB0, 0x7B, 0x35, 0x5E, 0x70, 0x41, 0xB1, 0x32, 0xF8, 0x39, 0x1C, 0xC2,
    0x30, 0x00, 0x8A, 0xBF, 0x61, 0x00, 0x75, 0x61, 0x81, 0x61, 0xC0, 0x8F, 0xF4, 0xF9, 0x88, 0x00,
    0x9F, 0x03, 0x9C, 0x0C, 0x50, 0x32, 0xC0, 0x41, 0x59, 0xE2, 0x8F, 0x8A, 0xF5, 0xE0, 0xA2, 0x5F,
    0xE6, 0x87, 0x7E, 0x99, 0x5D, 0xF3, 0x89, 0x7F, 0x96, 0xC8, 0xF7, 0x14, 0xEB, 0xC6, 0x3B, 0xC5,
    0xFA, 0x71, 0x4E, 0xB1, 0x8A, 0x84, 0x53, 0xAC, 0x26, 0xD9, 0xB4, 0x32, 0x9B, 0x44, 0xEE, 0x92,
    0x4C, 0x13, 0x38, 0x98, 0x56, 0xE6, 0x5C, 0x5A, 0x99, 0x63, 0x09, 0x82, 0xFA, 0x14, 0xE8, 0x90,
    0x48, 0xB3, 0xAE, 0xD9, 0x65, 0x8E, 0x58, 0x41, 0x1A, 0x55, 0xD2, 0x30, 0xE0, 0x31, 0xC0, 0x5C,
    0x9D, 0xFD, 0xD0, 0x70, 0x50, 0x6E, 0x78, 0x8D, 0x78, 0x86, 0x1F, 0xF9, 0x66, 0x38, 0xBC, 0x1A,
    0xCE, 0xAE, 0x86, 0x01, 0x0F, 0xDE, 0xB2, 0xCC, 0x30, 0x80, 0x09, 0xFC, 0x5B, 0x3E, 0xE8, 0xD8,
    0xDA, 0x12, 0x61, 0x17, 0xC9, 0xAC, 0x66, 0xBB, 0x04, 0x2E, 0x7A, 0x96, 0xC8, 0x24, 0x27, 0x44,
    0x26, 0x8D, 0x20, 0x32, 0xF9, 0x83, 0xC8, 0xE4, 0x13, 0x86, 0x01, 0x00, 0x34, 0x8E, 0x12, 0xB8,
    0x2D, 0x7F, 0x30, 0x0C, 0x98, 0x0E, 0x0B, 0x0C, 0x03, 0x7E, 0xB4, 0x27, 0x80, 0x5C, 0x2D, 0x54,
    0x07, 0xC4, 0x59, 0x25, 0x89, 0x4F, 0x44, 0x78, 0x60, 0x48, 0x0E, 0x41, 0x4C, 0xEE, 0x90, 0xC2,
    0xEE, 0xFA, 0x85, 0xE1, 0x11, 0x6A, 0x18, 0xDE, 0x20, 0x87, 0xC5, 0xF1, 0x0F, 0xC3, 0x07, 0x0C,
    0x31, 0x4C, 0xB1, 0x37, 0x0C, 0xF8, 0x85, 0x92, 0xAA, 0x01, 0x01, 0x14, 0x03, 0xBE, 0xB4, 0x20,
    0x87, 0x62, 0x5D, 0x68, 0xA1, 0x58, 0x1D, 0x4E, 0x28, 0x56, 0x8B, 0x0B, 0x8A, 0x91, 0x1D, 0x0E,
    0xD1, 0x50, 0x4B, 0x03, 0x04, 0x0A, 0x00, 0x00, 0x00, 0x06, 0x00, 0xB3, 0x95, 0x6B, 0x1B, 0xA5,
    0x13, 0x0C, 0x00, 0x00, 0x00, 0x14, 0x00, 0x00, 0x00, 0x18, 0x06, 0x00, 0x00, 0x8E, 0x05, 0x00,
    0x00, 0x5A, 0x0E, 0x00, 0x00, 0x01, 0x00, 0x00, 0x00, 0x0F, 0x00, 0x12, 0x03, 0x24, 0x15, 0x36,
    0x27, 0x38, 0x39, 0x6A, 0x7B, 0x4C, 0x9D, 0x6E, 0x1F, 0x09, 0x06, 0x01, 0x13, 0x34, 0xE5, 0xF6,
    0x96, 0xF7, 0x11, 0x0C, 0x3B, 0x43, 0x03, 0xC3, 0x76, 0xEC, 0xF6, 0x86, 0x1D, 0x32, 0x81, 0xE1,
    0x27, 0x02, 0x2C, 0x0D, 0x70, 0x3F, 0xC0, 0xE3, 0x00, 0xD3, 0x03, 0x1C, 0x09, 0x50, 0x20, 0xC0,
    0xBE, 0x4C, 0x41, 0x14, 0xFB, 0xCE, 0xC8, 0x1D, 0x8A, 0x3D, 0x63, 0xED, 0x0D, 0xC5, 0x6E, 0x51,
    0x77, 0x86, 0x62, 0xA7, 0xD8, 0x1B, 0x43, 0xB1, 0x4B, 0x0C, 0x6E, 0xA1, 0xD8, 0x23, 0x0E, 0xAF,
    0x50, 0xEC, 0x10, 0x8B, 0x53, 0x28, 0xF6, 0x87, 0xC7, 0xFE, 0x2B, 0xDE, 0x61, 0x72, 0x09, 0xC5,
    0xDE, 0x70, 0x79, 0x44, 0x80, 0x03, 0x8A, 0x7D, 0xA0, 0x80, 0xAF, 0x3B, 0x9E, 0x21, 0x73, 0x81,
    0x04, 0x17, 0x1C, 0x6B, 0xF3, 0x80, 0x05, 0x15, 0x1C, 0xFB, 0x42, 0xE7, 0x01, 0x0D, 0x26, 0x28,
    0xF7, 0x85, 0xD6, 0x8A, 0xAA, 0x78, 0x85, 0xD8, 0x0F, 0x14, 0x6B, 0x36, 0xA6, 0x2A, 0x3E, 0xA1,
    0xB6, 0x62, 0x45, 0xC8, 0xBD, 0x40, 0xB9, 0x23, 0x94, 0x2E, 0x30, 0x01, 0x55, 0x1D, 0x7F, 0x90,
    0x7A, 0x80, 0x63, 0xAB, 0xFE, 0xE0, 0xB7, 0xE5, 0x8A, 0x37, 0x08, 0xAE, 0x18, 0x59, 0x50, 0xDC,
    0x70, 0xC1, 0x13, 0x1C, 0x57, 0x8C, 0x1C, 0x58, 0x3E, 0x40, 0x31, 0x5A, 0xA0, 0xB9, 0x62, 0x64,
    0xC0, 0x73, 0xC5, 0xDC, 0x3B, 0x41, 0x03, 0xC5, 0x03, 0xD8, 0xDF, 0x40, 0x90, 0xB4, 0x2E, 0x40,
    0xD1, 0x00, 0xED, 0x02, 0x1C, 0x75, 0x6D, 0x64, 0x7E, 0x47, 0x31, 0x92, 0xA7, 0x8E, 0x62, 0xB0,
    0x3D, 0x73, 0x14, 0x03, 0xDD, 0x27, 0x8E, 0x62, 0xB0, 0x3F, 0x6F, 0x14, 0x23, 0x81, 0xDA, 0x88,
    0x5B, 0x7F, 0x14, 0x23, 0x05, 0xF6, 0xB8, 0x56, 0x81, 0x3B, 0xF6, 0x75, 0x20, 0x8E, 0xB5, 0x75,
    0xE0, 0x4D, 0x1E, 0x79, 0x29, 0x4D, 0x1F, 0xC5, 0x2A, 0x13, 0x48, 0x94, 0x15, 0x66, 0x90, 0x62,
    0x75, 0x39, 0x64, 0xCC, 0xCA, 0x92, 0x48, 0x9D, 0x35, 0xA5, 0x91, 0x62, 0x3D, 0x89, 0xA4, 0x58,
    0x4D, 0x26, 0xA9, 0x93, 0x82, 0x5C, 0x32, 0x44, 0x95, 0x28, 0x50, 0x61, 0x93, 0x66, 0x2D, 0x68,
    0xA6, 0xD8, 0x19, 0x16, 0x2C, 0x53, 0x8C, 0x6E, 0x48, 0xA0, 0x98, 0x17, 0x24, 0xD3, 0x04, 0x25,
    0x50, 0xCC, 0x0B, 0x8E, 0xF9, 0x82, 0x12, 0x28, 0x46, 0x42, 0x24, 0x28, 0xA6, 0x18, 0x7C, 0x44,
    0x82, 0x61, 0x8A, 0x51, 0x5A, 0x17, 0xAD, 0x12, 0x03, 0xA4, 0x1F, 0x20, 0x4C, 0x36, 0x0C, 0xF8,
    0x8E, 0xA2, 0xAE, 0x19, 0xE0, 0x4A, 0x0A, 0x13, 0xC1, 0x98, 0xD4, 0x25, 0x83, 0x37, 0x69, 0xCB,
    0x07, 0x55, 0x50, 0x96, 0x11, 0x73, 0x14, 0xA3, 0x57, 0x4E, 0xE8, 0xA3, 0xAA, 0xA4, 0x50, 0x0C,
    0x5F, 0x61, 0x8D, 0x9A, 0xF2, 0xA2, 0x8D, 0x62, 0xB0, 0x18, 0x6B, 0x14, 0x83, 0xCD, 0x48, 0xA3,
    0x18, 0xD0, 0x35, 0xCE, 0x28, 0xD6, 0x8D, 0x32, 0x8A, 0xC1, 0xAB, 0xDC, 0x18, 0xA3, 0x18, 0xFC,
    0xCA, 0x8D, 0x30, 0xAA, 0x60, 0xC5, 0x3B, 0xD4, 0x88, 0xE0, 0x98, 0x27, 0x0C, 0x69, 0xE0, 0xD8,
    0x59, 0x6E, 0x24, 0x68, 0xB2, 0xC0, 0x31, 0x17, 0x98, 0x62, 0xB0, 0xB5, 0xA5, 0x91, 0xDB, 0xD1,
    0x96, 0x47, 0x56, 0x47, 0x5D, 0x1A, 0x29, 0xE6, 0x47, 0x03, 0x14, 0xA3, 0x5F, 0x1A, 0x29, 0x46,
    0xC2, 0x2C, 0x52, 0x5C, 0xF0, 0x30, 0x96, 0x3D, 0x66, 0x91, 0x61, 0xA4, 0x4C, 0x22, 0xC3, 0xF4,
    0xCC, 0x21, 0xE1, 0xCF, 0x14, 0x72, 0xAE, 0x34, 0x83, 0x14, 0x83, 0xAD, 0xF9, 0x53, 0x40, 0x31,
    0x78, 0x9B, 0x3D, 0xEA, 0xD6, 0x9B, 0x3B, 0x82, 0xD2, 0x9B, 0x3A, 0x9E, 0xAA, 0x78, 0x9C, 0x39,
    0x8A, 0x35, 0xE7, 0x8D, 0xD6, 0x54, 0x9D, 0x35, 0x7E, 0x53, 0x75, 0xD2, 0x58, 0x0C, 0xDD, 0x29,
    0xE3, 0x32, 0x94, 0x27, 0x4C, 0x05, 0xC5, 0xDE, 0xD3, 0xE5, 0x82, 0x62, 0xF7, 0xB9, 0xB2, 0x41,
    0xB1, 0xFF, 0x44, 0xF9, 0xA0, 0xD8, 0x81, 0x92, 0xD8, 0x74, 0x0D, 0x3A, 0xA2, 0x58, 0x85, 0x8A,
    0x28, 0x56, 0xA2, 0x20, 0x8A, 0xB5, 0xE8, 0x87, 0x62, 0x35, 0xEA, 0xA1, 0x98, 0x77, 0x9C, 0x50,
    0x8C, 0x3E, 0xCA, 0xA1, 0x98, 0x6F, 0xA4, 0x50, 0x8C, 0xD4, 0x58, 0xA1, 0x18, 0x6C, 0x86, 0x43,
    0xD5, 0xA3, 0x18, 0x2F, 0x14, 0xAB, 0xC1, 0x94, 0x00, 0x63, 0x03, 0x8C, 0x0A, 0x30, 0x3F, 0xC0,
    0xC5, 0x00, 0x52, 0xBB, 0xD0, 0x52, 0x99, 0x05, 0xA6, 0xD6, 0x98, 0x08, 0x21, 0x44, 0x49, 0x17,
    0x3A, 0x28, 0x56, 0x86, 0x0D, 0x8A, 0xD1, 0x2F, 0x1B, 0x14, 0x6B, 0x49, 0x0B, 0xD7, 0x0F, 0x28,
    0xF6, 0x81, 0x03, 0xF2, 0xA8, 0x25, 0x2B, 0x0E, 0x2C, 0x78, 0xE0, 0x58, 0x29, 0x12, 0x38, 0xB6,
    0xEE, 0x4D, 0x72, 0x28, 0xD6, 0x93, 0x1A, 0x11, 0x14, 0xA3, 0x51, 0x66, 0x28, 0xD6, 0x84, 0x38,
    0x8A, 0xD5, 0x20, 0x8F, 0x6E, 0x2D, 0xD8, 0xA3, 0x58, 0x09, 0xFA, 0x28, 0xD6, 0x81, 0x3F, 0x8A,
    0x55, 0xE0, 0x8F, 0x6E, 0xB9, 0x8D, 0x13, 0x3C, 0x3A, 0x57, 0x10, 0xEA, 0x7C, 0xC1, 0x32, 0x32,
    0x48, 0xB7, 0x08, 0xA9, 0x74, 0x05, 0x38, 0xD4, 0x40, 0x31, 0xF8, 0x80, 0x41, 0x0F, 0x14, 0x23,
    0x85, 0x44, 0xF3, 0xA1, 0x05, 0x8A, 0x91, 0x44, 0x8A, 0xA0, 0x01, 0x8B, 0x44, 0x41, 0x03, 0x04,
    0x1E, 0x2B, 0x26, 0x8F, 0xBC, 0xBE, 0x0A, 0xC8, 0x3C, 0x99, 0x7D, 0xEB, 0x7E, 0xA0, 0x4E, 0x82,
    0x04, 0xD2, 0x75, 0xE0, 0x8E, 0xBB, 0x95, 0xA0, 0x8E, 0x62, 0x9E, 0x93, 0x41, 0x5B, 0x8A, 0xA3,
    0x58, 0x0D, 0xDA, 0xD8, 0xB3, 0x1E, 0xA4, 0x31, 0x25, 0x45, 0x28, 0xA3, 0x0B, 0x9A, 0x30, 0x46,
    0xB1, 0x2E, 0x74, 0xB1, 0x26, 0x75, 0xA8, 0x32, 0x42, 0xB1, 0xA6, 0x94, 0x50, 0x8C, 0x7E, 0x78,
    0x62, 0x09, 0xDA, 0x31, 0x43, 0xB1, 0x86, 0x3C, 0x18, 0xA2, 0x58, 0x0D, 0x8A, 0x28, 0x76, 0x91,
    0x03, 0x49, 0x02, 0xC4, 0xD0, 0x48, 0x2E, 0xC8, 0x2F, 0x57, 0x67, 0xF7, 0x00, 0xFD, 0x1C, 0x7C,
    0x87, 0x85, 0xD6, 0x00, 0xB5, 0x0D, 0xBB, 0x8E, 0x6B, 0xE7, 0x0D, 0xA0, 0x51, 0x1F, 0x0C, 0xD0,
    0xCC, 0x56, 0x66, 0xDC, 0x30, 0x32, 0xA0, 0xA0, 0x61, 0x71, 0x3F, 0x20, 0x4A, 0x86, 0x4D, 0xDA,
    0x92, 0xE3, 0x63, 0xA2, 0x08, 0x45, 0x8E, 0x52, 0x4B, 0x31, 0x5A, 0x20, 0xCA, 0x2C, 0xC5, 0x00,
    0x7B, 0xE0, 0x89, 0x62, 0x78, 0x94, 0x58, 0x8A, 0x01, 0x36, 0xC1, 0x13, 0xC5, 0xF0, 0x28, 0xAF,
    0x34, 0x49, 0x4F, 0x14, 0x03, 0xDD, 0xA0, 0x89, 0x62, 0x30, 0xBD, 0xB4, 0x95, 0x62, 0x60, 0x11,
    0x96, 0x28, 0x06, 0x9B, 0x90, 0x44, 0x31, 0x2F, 0x59, 0xA5, 0x18, 0xBC, 0x42, 0x12, 0xC5, 0x60,
    0x17, 0x8E, 0x28, 0x86, 0x27, 0x49, 0xA5, 0x18, 0xCD, 0x70, 0x44, 0x31, 0xD8, 0x86, 0x22, 0x8A,
    0xE1, 0x47, 0x4E, 0xB9, 0x82, 0x8A, 0x28, 0x06, 0xFA, 0xC3, 0x10, 0xC5, 0x60, 0x21, 0x86, 0x94,
    0x52, 0x0C, 0x6C, 0x44, 0x10, 0xC5, 0x60, 0x25, 0x7E, 0x28, 0xE6, 0x20, 0xA3, 0x14, 0x83, 0x9F,
    0xF8, 0xA1, 0x18, 0x2C, 0x45, 0x0F, 0xC5, 0xF0, 0x1F, 0xA1, 0x14, 0xA3, 0x2B, 0x7A, 0x28, 0x06,
    0x6B, 0xB1, 0x43, 0x31, 0x68, 0x8F, 0x4F, 0x8A, 0xFD, 0x62, 0x87, 0x62, 0xB0, 0x18, 0x39, 0x14,
    0x03, 0x3D, 0x23, 0x47, 0x27, 0xC5, 0xE0, 0x35, 0x6E, 0x28, 0xE6, 0x1A, 0xBA, 0x15, 0xE4, 0x84,
    0xA9, 0x0F, 0xB5, 0x84, 0x01, 0x9E, 0x82, 0xCC, 0x8A, 0x9D, 0x47, 0x61, 0x69, 0x81, 0x61, 0xE0,
    0x66, 0xCF, 0x09, 0x44, 0x0C, 0x56, 0x0C, 0xD4, 0x80, 0x05, 0x8A, 0x81, 0x4A, 0x50, 0x40, 0x31,
    0x80, 0x07, 0x58, 0xA0, 0x18, 0xA8, 0x04, 0x07, 0x14, 0x03, 0x40, 0x0F, 0x24, 0x50, 0x0C, 0x80,
    0x17, 0x58, 0xA0, 0x18, 0x00, 0x3A, 0xA0, 0x81, 0x62, 0x20, 0x6E, 0x8A, 0x74, 0xA7, 0x95, 0xEB,
    0xE5, 0xB1, 0x5B, 0x2F, 0xD2, 0x55, 0xC3, 0x30, 0xE0, 0x19, 0x03, 0x66, 0x18, 0x06, 0x59, 0x20,
    0x86, 0x61, 0xE0, 0xC7, 0x2C, 0x44, 0x1E, 0xA3, 0xC7, 0x59, 0xC6, 0x12, 0xC4, 0x5E, 0x40, 0x31,
    0x80, 0x95, 0x18, 0xA0, 0x18, 0x1D, 0x30, 0x42, 0x31, 0x00, 0x5B, 0x20, 0x84, 0x62, 0xC0, 0x3A,
    0xF6, 0x08, 0xC3, 0xD8, 0xAD, 0xBA, 0x83, 0x0B, 0xC7, 0x8A, 0xE9, 0x86, 0x03, 0x8A, 0x91, 0x0C,
    0x09, 0x14, 0x23, 0x15, 0x1A, 0x28, 0x46, 0x13, 0x54, 0x30, 0x04, 0x25, 0x98, 0xD0, 0x40, 0x31,
    0x12, 0xE1, 0x81, 0x62, 0xE4, 0x41, 0x04, 0xC5, 0xE0, 0x0B, 0x16, 0x4C, 0x50, 0x8C, 0x24, 0xA8,
    0xA0, 0x18, 0x39, 0x70, 0x41, 0x31, 0x58, 0x01, 0xB7, 0x80, 0x07, 0x28, 0x1E, 0xD1, 0xF2, 0x00,
    0x31, 0xA5, 0x6A, 0x46, 0xEA, 0xB5, 0xAC, 0x8D, 0x1E, 0x61, 0x18, 0xB8, 0x2C, 0xD9, 0x92, 0xFD,
    0xD3, 0x16, 0x5D, 0x5F, 0x2F, 0x74, 0xAE, 0x00, 0xCF, 0xA4, 0x7B, 0xC2, 0x29, 0x89, 0xEC, 0x52,
    0xCE, 0x2C, 0xC5, 0xD0, 0x51, 0x05, 0x14, 0x83, 0x85, 0x3A, 0xA0, 0x18, 0xEC, 0x53, 0x02, 0xC5,
    0x48, 0x27, 0x61, 0x56, 0x84, 0x4F, 0x8A, 0xE1, 0x9D, 0x1A, 0x28, 0x06, 0xDB, 0xF4, 0x40, 0x31,
    0x58, 0x26, 0x6D, 0xD6, 0x83, 0x4D, 0x8A, 0xE1, 0x99, 0x26, 0x28, 0x46, 0x2E, 0x55, 0x50, 0x0C,
    0x56, 0xE9, 0x82, 0x62, 0xB0, 0x49, 0xFE, 0xCC, 0x95, 0x14, 0xC3, 0x27, 0x6D, 0x50, 0x8C, 0x44,
    0xEA, 0xA0, 0x18, 0xEC, 0xD1, 0x07, 0xC5, 0xE0, 0x0B, 0x1E, 0x85, 0x50, 0x0C, 0xD6, 0x68, 0x84,
    0x62, 0x64, 0x51, 0x09, 0xC5, 0x60, 0x89, 0xB4, 0x6C, 0x25, 0x58, 0xA4, 0x18, 0x9E, 0x28, 0x85,
    0x62, 0xB0, 0x43, 0x2B, 0x14, 0x83, 0x15, 0x6A, 0xA1, 0x18, 0x3D, 0x50, 0xE8, 0x85, 0x62, 0xB0,
    0x41, 0x31, 0x14, 0x83, 0x05, 0x9A, 0xA1, 0x18, 0xEC, 0x4F, 0x0D, 0xC5, 0xA8, 0x84, 0xFA, 0x86,
    0x62, 0xB0, 0x3E, 0x39, 0x14, 0x83, 0xED, 0xD9, 0xA1, 0x18, 0x2C, 0x4F, 0x0F, 0xAB, 0xAD, 0x3D,
    0x8A, 0x39, 0xCF, 0x0F, 0xC5, 0x60, 0x77, 0x82, 0x28, 0x06, 0xAB, 0x33, 0x44, 0x31, 0x38, 0x9E,
    0xB1, 0x88, 0x62, 0x64, 0xCE, 0x11, 0xC5, 0x60, 0x71, 0x92, 0x28, 0x46, 0x07, 0xBC, 0x51, 0xCC,
    0x6D, 0x96, 0xB8, 0x5B, 0x6B, 0x14, 0x0F, 0x50, 0x4B, 0x03, 0x04, 0x0A, 0x00, 0x00, 0x00, 0x06,
    0x00, 0xB3, 0x95, 0x6B, 0x1B, 0xFD, 0x5E, 0x08, 0x00, 0x00, 0x00, 0x0C, 0x00, 0x00, 0x00, 0xFA,
    0x05, 0x00, 0x00, 0x26, 0x11, 0x00, 0x00, 0x01, 0x00, 0x00, 0x00, 0x0F, 0x00, 0x12, 0x03, 0x24,
    0x15, 0x36, 0x27, 0x38, 0x39, 0x6A, 0x7B, 0x4C, 0x9D, 0x6E, 0x1F, 0x09, 0x06, 0x01, 0x13, 0x34,
    0xE5, 0xF6, 0x96, 0xF7, 0x09, 0x0C, 0x3B, 0x87, 0x61, 0x07, 0x82, 0xEC, 0x18, 0x0D, 0x0C, 0xEF,
    0x18, 0xC1, 0xB0, 0x27, 0x18, 0xDE, 0x23, 0x83, 0xE1, 0x65, 0x3B, 0x08, 0x57, 0x89, 0x00, 0xAB,
    0x02, 0x3C, 0x0D, 0xD0, 0x2A, 0x40, 0xCB, 0x00, 0x05, 0x02, 0xFC, 0x19, 0xD0, 0x42, 0xB1, 0xFB,
    0x14, 0x50, 0xCC, 0x07, 0x56, 0x28, 0x76, 0x9E, 0x05, 0x8A, 0x75, 0xE7, 0x41, 0x8A, 0x00, 0x07,
    0x02, 0xEC, 0x18, 0x90, 0x23, 0x82, 0x63, 0xE5, 0x28, 0x70, 0x63, 0x82, 0x63, 0xDD, 0x28, 0x50,
    0xE3, 0x82, 0xE3, 0xB0, 0x7E, 0x61, 0xC0, 0x87, 0x02, 0x31, 0x36, 0x48, 0xBE, 0x20, 0x40, 0x86,
    0x01, 0x1D, 0x0A, 0x14, 0x28, 0x10, 0x62, 0x84, 0x65, 0x2E, 0xF0, 0x20, 0xC1, 0x80, 0x06, 0x1F,
    0x52, 0x9C, 0x10, 0x6E, 0xCB, 0x13, 0x7C, 0xA8, 0x10, 0x43, 0x72, 0xF3, 0x1F, 0x0C, 0x48, 0xF0,
    0xC6, 0xB1, 0x22, 0x30, 0xEF, 0xD8, 0xB2, 0x1E, 0x20, 0x51, 0x09, 0xC5, 0x00, 0xB3, 0x68, 0x84,
    0x62, 0xA8, 0xFE, 0x01, 0xD6, 0x24, 0xC8, 0xE0, 0x98, 0xC3, 0x4C, 0x70, 0x4C, 0xAB, 0x7C, 0x70,
    0x4C, 0x9F, 0x94, 0x70, 0x4C, 0x8B, 0xBC, 0xD8, 0x10, 0xC2, 0xB1, 0x82, 0xD4, 0xC8, 0xE0, 0x98,
    0x7F, 0xDC, 0x70, 0x4C, 0x7B, 0xE4, 0x70, 0x6C, 0x4A, 0x72, 0x88, 0x05, 0x0D, 0x7E, 0x88, 0xA6,
    0x15, 0xC2, 0x6C, 0xF8, 0xE0, 0x58, 0xAC, 0x9A, 0xE1, 0x83, 0x34, 0x4B, 0x31, 0x68, 0x9E, 0x0C,
    0x1D, 0x14, 0x03, 0x66, 0x4F, 0x86, 0x0D, 0x8A, 0x01, 0xD3, 0xE7, 0x82, 0x62, 0xCE, 0x90, 0x41,
    0x31, 0xF8, 0x9F, 0x0B, 0x8A, 0x41, 0x33, 0x5C, 0x50, 0x8C, 0x06, 0xBA, 0xA0, 0x18, 0x34, 0x43,
    0x05, 0xC5, 0xE8, 0xA0, 0x0B, 0x15, 0xBC, 0xA5, 0x01, 0x81, 0x1C, 0x43, 0x0A, 0xD8, 0x3F, 0xC1,
    0x31, 0xD4, 0x75, 0xC7, 0x7C, 0xE0, 0x8F, 0x63, 0xA0, 0x13, 0x48, 0x6A, 0x04, 0xC7, 0xEC, 0xB9,
    0x63, 0xE8, 0x82, 0x3E, 0x8E, 0x99, 0x19, 0x3A, 0x26, 0x11, 0xEA, 0x38, 0xE6, 0x02, 0x1F, 0xCE,
    0x5C, 0x78, 0xE0, 0x58, 0x2F, 0xAE, 0x38, 0xA6, 0x3D, 0x92, 0x38, 0xE6, 0x03, 0x4B, 0x76, 0x54,
    0x70, 0xCC, 0x5D, 0x52, 0x38, 0xA6, 0x67, 0x3E, 0x38, 0x66, 0x4E, 0x5C, 0xE1, 0x42, 0x03, 0xC7,
    0xBA, 0xB3, 0x20, 0x83, 0xE3, 0xEA, 0x9A, 0x20, 0x93, 0x62, 0x2D, 0xB8, 0xA4, 0x18, 0x69, 0x70,
    0x69, 0x81, 0x62, 0xF0, 0x07, 0x95, 0x14, 0x83, 0x45, 0xA8, 0x94, 0x40, 0x31, 0xF8, 0x84, 0x49,
    0x8A, 0xE1, 0x95, 0x0E, 0x28, 0x46, 0x2B, 0x4C, 0x52, 0x0C, 0x76, 0x21, 0x92, 0x62, 0x9E, 0x54,
    0x40, 0x31, 0x9A, 0x21, 0x92, 0x62, 0xB0, 0x0D, 0x91, 0x06, 0x28, 0x06, 0xEF, 0xF0, 0x48, 0x31,
    0x16, 0xBC, 0x83, 0x71, 0x7F, 0x20, 0x59, 0x1F, 0x28, 0xB6, 0x22, 0xC7, 0xD8, 0x15, 0x6F, 0xA3,
    0x4A, 0x07, 0x0C, 0x18, 0x30, 0x41, 0xF2, 0x10, 0x6B, 0x24, 0x6F, 0x90, 0x40, 0xD0, 0x0A, 0x31,
    0x47, 0xE8, 0x2B, 0x44, 0x9C, 0x0E, 0xD6, 0xEC, 0x11, 0x63, 0xEC, 0xB6, 0x1D, 0x2B, 0x4C, 0x81,
    0x01, 0x25, 0x1C, 0xBB, 0x44, 0x16, 0xC7, 0xF5, 0x96, 0x4A, 0x7C, 0x51, 0x0C, 0xDF, 0xF2, 0x42,
    0xB1, 0x4F, 0x44, 0xB9, 0xA1, 0x58, 0x4D, 0x76, 0x28, 0x76, 0x8A, 0x23, 0x3F, 0x14, 0xAB, 0x48,
    0x10, 0xF1, 0x4E, 0x41, 0x34, 0x27, 0x70, 0x5C, 0xF3, 0x15, 0x39, 0x96, 0x28, 0xD6, 0x8E, 0x24,
    0xA6, 0xBD, 0xE2, 0xC5, 0x80, 0x05, 0x8E, 0xD5, 0xE2, 0x84, 0xC6, 0xDC, 0xC4, 0xEE, 0xD8, 0xB1,
    0x0D, 0xF5, 0xC0, 0x13, 0xDF, 0x6E, 0xB1, 0xE2, 0x8A, 0x6B, 0xBF, 0x18, 0xA1, 0xEC, 0x8E, 0xBB,
    0xFE, 0x82, 0x61, 0x3C, 0x70, 0xA0, 0x80, 0x68, 0x96, 0xBC, 0xC1, 0x16, 0xC7, 0x8E, 0x31, 0xA1,
    0x80, 0x63, 0x5B, 0xE3, 0x18, 0x07, 0x06, 0x10, 0xEF, 0x32, 0xCC, 0xFE, 0x17, 0xE7, 0xD6, 0x6C,
    0xC1, 0x07, 0xAC, 0x91, 0xEC, 0x19, 0x9A, 0x2C, 0xC9, 0x96, 0x7E, 0x86, 0x69, 0xB7, 0x11, 0xB5,
    0x1D, 0xAF, 0xA3, 0xD8, 0x35, 0x06, 0xDC, 0x51, 0xAC, 0x03, 0x73, 0x14, 0xAB, 0x80, 0xE8, 0xBD,
    0xF8, 0xD6, 0x00, 0x27, 0x03, 0xC4, 0x0A, 0x20, 0xBC, 0x6E, 0xDD, 0x18, 0x50, 0xC3, 0xBE, 0xFD,
    0x86, 0x07, 0x6C, 0xF0, 0xEB, 0xA5, 0x41, 0x2B, 0x14, 0x0B, 0xA5, 0x55, 0xAC, 0x01, 0x37, 0x14,
    0xC3, 0x73, 0xCC, 0x50, 0x0C, 0xC0, 0x51, 0x6A, 0xC5, 0x80, 0x95, 0xF8, 0xCE, 0xF1, 0x61, 0x41,
    0x02, 0xC7, 0xDC, 0xE1, 0xC1, 0x01, 0xC7, 0xBC, 0x41, 0x97, 0x3B, 0x06, 0x71, 0x00, 0xAA, 0xAF,
    0xE0, 0x18, 0x58, 0x90, 0x07, 0x8E, 0x69, 0x92, 0x03, 0x8E, 0x2D, 0x69, 0xE7, 0x38, 0x90, 0xE0,
    0xC0, 0x05, 0xC9, 0xDC, 0x03, 0x9F, 0x27, 0x90, 0x4C, 0x7F, 0x14, 0x90, 0xCC, 0xCA, 0xDD, 0x23,
    0x82, 0x63, 0x9A, 0xA3, 0x82, 0x63, 0x7A, 0x03, 0x69, 0x1C, 0xA0, 0xB1, 0x55, 0xC3, 0x31, 0x90,
    0x09, 0x4E, 0xB8, 0x3D, 0x25, 0x18, 0xA3, 0x18, 0xB0, 0xBE, 0x9E, 0x00, 0x2C, 0xED, 0x40, 0x0C,
    0x25, 0x6B, 0x01, 0x22, 0x3E, 0x00, 0x72, 0x0B, 0xAA, 0x64, 0x15, 0x70, 0x4A, 0xA6, 0x5C, 0x6B,
    0x5F, 0x90, 0xA2, 0xC0, 0x82, 0x02, 0x07, 0x1A, 0x58, 0xA6, 0x25, 0x18, 0xDB, 0x35, 0x16, 0x76,
    0xD5, 0xDE, 0x40, 0xB9, 0xE2, 0x96, 0xA3, 0x76, 0x05, 0xCB, 0x82, 0x56, 0xA1, 0x68, 0x50, 0x2A,
    0xFE, 0x05, 0xCD, 0x6E, 0x60, 0x99, 0x35, 0xDD, 0x32, 0xF4, 0x40, 0x07, 0xCB, 0xF6, 0xB5, 0x0D,
    0xBD, 0xC0, 0x0E, 0xC9, 0x36, 0xD6, 0x06, 0x07, 0x8E, 0x98, 0xBB, 0xD5, 0xD4, 0x81, 0x2D, 0x8A,
    0x55, 0xA0, 0x4B, 0x80, 0xD0, 0x7A, 0x81, 0xCB, 0x0C, 0x68, 0x16, 0xE0, 0x58, 0x80, 0x67, 0x5A,
    0xDB, 0x15, 0x66, 0xC9, 0x2D, 0x47, 0xD2, 0x4B, 0xAA, 0xD0, 0xE3, 0xC4, 0x0B, 0xAB, 0x28, 0xC7,
    0x1D, 0x9E, 0x26, 0xF4, 0xC8, 0xA3, 0x18, 0x60, 0x76, 0xEC, 0x51, 0x0C, 0x60, 0x39, 0xFA, 0x28,
    0x06, 0x8F, 0xB0, 0x43, 0x31, 0x68, 0x8E, 0x3F, 0x8A, 0x01, 0xF3, 0x60, 0x87, 0x62, 0x78, 0x8E,
    0x40, 0x8A, 0x01, 0xB6, 0x41, 0x8E, 0x41, 0x8A, 0x01, 0xEC, 0x46, 0x21, 0xC5, 0xE8, 0x82, 0x1C,
    0x8A, 0x81, 0xBA, 0x71, 0x48, 0x31, 0xB0, 0x04, 0x39, 0x14, 0x03, 0x75, 0x23, 0x91, 0x62, 0x00,
    0x2E, 0x76, 0x2B, 0xE6, 0x1B, 0x8B, 0x14, 0x03, 0xBA, 0x46, 0x23, 0xC5, 0xE0, 0x46, 0xAB, 0x62,
    0xD0, 0x1A, 0x8F, 0x14, 0x03, 0xCC, 0x8C, 0x48, 0x8A, 0x81, 0x01, 0xF5, 0x8A, 0x81, 0x9A, 0x31,
    0x49, 0x31, 0x60, 0xA8, 0x5A, 0xC5, 0xF0, 0x19, 0x95, 0x14, 0x83, 0x47, 0x18, 0xA1, 0x58, 0x25,
    0x58, 0x82, 0x01, 0xBE, 0x0C, 0xB8, 0xE8, 0xA4, 0xF9, 0xB1, 0x52, 0x6A, 0x64, 0x57, 0xBB, 0x0E,
    0x31, 0xC0, 0x30, 0xFD, 0x50, 0xC0, 0x30, 0xED, 0x70, 0xC0, 0x30, 0xA2, 0xB1, 0x1B, 0xA6, 0x19,
    0x16, 0x18, 0x46, 0x50, 0xBC, 0x86, 0x29, 0x92, 0xD7, 0x30, 0x9D, 0x10, 0xC1, 0x30, 0x12, 0x61,
    0x82, 0x61, 0x84, 0x69, 0x35, 0x4C, 0x1B, 0x5C, 0x30, 0x4C, 0x15, 0xA6, 0x0D, 0xA3, 0x4C, 0xAB,
    0x61, 0x4A, 0xB4, 0x1A, 0x46, 0x7C, 0x9C, 0x86, 0xE9, 0x80, 0x10, 0x86, 0x11, 0x62, 0x35, 0x0C,
    0x71, 0x2E, 0xFB, 0xD8, 0xD2, 0xD8, 0xD7, 0xD8, 0xDB, 0xD8, 0xDF, 0xD8, 0x54, 0xD8, 0x59, 0xD8,
    0x5D, 0xD8, 0x90, 0x53, 0x7A, 0xAE, 0x00, 0x1E, 0x41, 0x7F, 0x2E, 0x14, 0xCC, 0xA6, 0x4B, 0x1A,
    0x90, 0x44, 0x31, 0x52, 0xE0, 0x88, 0x62, 0xB0, 0x03, 0x45, 0x14, 0x83, 0x25, 0x18, 0xA2, 0x18,
    0x6C, 0x41, 0x10, 0xC5, 0x48, 0x83, 0x1F, 0x8A, 0xC1, 0x1E, 0xF4, 0x50, 0x0C, 0x16, 0x61, 0x87,
    0x62, 0x30, 0x88, 0x51, 0x31, 0xD0, 0x15, 0x6E, 0x28, 0x06, 0xBB, 0x50, 0x43, 0x31, 0x58, 0x86,
    0x19, 0x8A, 0xC1, 0x36, 0xC4, 0x50, 0x0C, 0xD6, 0xE1, 0x85, 0x62, 0xB0, 0x0F, 0x2D, 0x14, 0x83,
    0x85, 0x58, 0xA1, 0x18, 0x4C, 0x81, 0xB3, 0x62, 0xB4, 0xC4, 0x09, 0xC5, 0x40, 0x9F, 0x28, 0xA1,
    0x18, 0x49, 0x31, 0x42, 0x31, 0xD8, 0x8A, 0x10, 0x8A, 0xC1, 0x5A, 0x7C, 0x50, 0x0C, 0xF6, 0xA2,
    0x83, 0x62, 0xB0, 0x18, 0x1B, 0x14, 0x83, 0xCD, 0xC8, 0xA0, 0x18, 0xAC, 0xC6, 0x05, 0xC5, 0x60,
    0x37, 0x2A, 0x28, 0x06, 0xCB, 0x31, 0x41, 0x31, 0xD8, 0x8E, 0x08, 0x8A, 0xC1, 0x7A, 0x3C, 0x50,
    0x8C, 0xFC, 0x68, 0xA0, 0x18, 0x2C, 0xC8, 0x02, 0xC5, 0x60, 0x43, 0x12, 0x28, 0x06, 0x2B, 0x72,
    0x40, 0x31, 0xD8, 0x91, 0x02, 0x8A, 0xC1, 0x92, 0x0C, 0x50, 0x0C, 0xC2, 0x64, 0x7B, 0x89, 0x61,
    0xA1, 0x6C, 0x7B, 0x0C, 0xAF, 0x93, 0xF0, 0x07, 0x68, 0x67, 0xDA, 0x39, 0x5A, 0x18, 0x46, 0x6E,
    0xBC, 0x30, 0x0C, 0xA9, 0x11, 0xC3, 0x30, 0x64, 0xC6, 0x0C, 0xC3, 0x63, 0x60, 0xE9, 0xD9, 0xE9,
    0x0D, 0xC3, 0x90, 0x16, 0x39, 0x0C, 0x43, 0x1C, 0x94, 0x86, 0x21, 0x29, 0x7A, 0x18, 0x86, 0x9C,
    0xF8, 0x61, 0x21, 0x7B, 0x87, 0xB4, 0xA4, 0x18, 0x56, 0xA2, 0x87, 0x62, 0xA0, 0x47, 0xFC, 0x50,
    0x0C, 0x74, 0x88, 0x20, 0x8A, 0x81, 0xFE, 0x30, 0x44, 0x31, 0xD0, 0x1D, 0x8A, 0x28, 0x06, 0x7A,
    0xC3, 0x11, 0xC5, 0x80, 0xCE, 0x90, 0x44, 0x31, 0xD0, 0x17, 0x96, 0x28, 0x06, 0xBA, 0x42, 0x13,
    0xC5, 0x40, 0x4F, 0x78, 0xA2, 0x18, 0xE8, 0x08, 0x51, 0x14, 0x03, 0xFD, 0x60, 0x8A, 0x62, 0xA0,
    0x1B, 0x54, 0x51, 0x0C, 0xF4, 0x82, 0x2B, 0x8A, 0x81, 0x4E, 0x90, 0x45, 0x31, 0x18, 0x87, 0x5E,
    0x31, 0xA0, 0x99, 0xF4, 0x8A, 0x05, 0xC7, 0x57, 0x0C, 0x60, 0x22, 0xC8, 0x8A, 0x11, 0x41, 0x53,
    0x7F, 0x51, 0x7D, 0xA2, 0xD2, 0x40, 0x5B, 0xD4, 0x50, 0xAC, 0x1B, 0x2B, 0x14, 0x2B, 0x48, 0x08,
    0xC5, 0x4A, 0x92, 0x41, 0xB1, 0xA6, 0x3C, 0x50, 0x2C, 0x70, 0x37, 0xFC, 0xB3, 0x1C, 0x54, 0x32,
    0xAA, 0xDB, 0xC8, 0xA8, 0x9C, 0xA1, 0x8A, 0x61, 0xAC, 0x8D, 0x9E, 0xE2, 0x77, 0x74, 0xA1, 0x8A,
    0x62, 0x40, 0xC9, 0x12, 0x2B, 0x06, 0x59, 0xA1, 0x8A, 0x62, 0xD0, 0x29, 0x07, 0x14, 0x03, 0xEC,
    0x84, 0x29, 0x09, 0x14, 0x03, 0x4C, 0x94, 0x05, 0x8A, 0xC1, 0x23, 0x4C, 0x51, 0x0C, 0x1A, 0xA5,
    0x81, 0x62, 0x80, 0x7D, 0x10, 0xE5, 0x81, 0x62, 0x00, 0x7B, 0x12, 0x41, 0x31, 0xDA, 0x20, 0x8A,
    0x62, 0xA0, 0x9E, 0x4C, 0x50, 0x0C, 0x98, 0x05, 0x51, 0x14, 0xF3, 0x93, 0x0A, 0x8A, 0x01, 0x36,
    0xC1, 0x93, 0x0B, 0x8A, 0x01, 0xA6, 0x49, 0x06, 0xC5, 0xE0, 0x44, 0xD8, 0x8A, 0x81, 0x6A, 0xB2,
    0x41, 0x31, 0xC0, 0x2C, 0xE9, 0xA0, 0x18, 0x2D, 0xD0, 0x44, 0x31, 0x50, 0x4B, 0x3E, 0x28, 0x06,
    0xD7, 0x03, 0x54, 0x0C, 0xDA, 0x24, 0x84, 0x62, 0x60, 0x0F, 0x7E, 0x28, 0x56, 0x8A, 0x12, 0x8A,
    0x85, 0x17, 0x9B, 0x31, 0x03, 0x50, 0x4B, 0x03, 0x04, 0x0A, 0x00, 0x00, 0x00, 0x06, 0x00, 0xB3,
    0x95, 0x6B, 0x1B, 0x52, 0x5F, 0x0C, 0x00, 0x00, 0x00, 0x14, 0x00, 0x00, 0x00, 0x60, 0x02, 0x00,
    0x00, 0x2A, 0x02, 0x00, 0x00, 0xE8, 0x04, 0x00, 0x00, 0x01, 0x00, 0x00, 0x00, 0x0F, 0x00, 0x12,
    0x03, 0x24, 0x15, 0x36, 0x27, 0x38, 0x39, 0x6A, 0x7B, 0x4C, 0x9D, 0x6E, 0x1F, 0x09, 0x06, 0x01,
    0x13, 0x34, 0xE5, 0xF6, 0x96, 0xF7, 0x11, 0x0C, 0x3B, 0x55, 0x01, 0xC7, 0xB4, 0xD7, 0x00, 0xC3,
    0x9B, 0x07, 0x28, 0x15, 0x60, 0xCF, 0x80, 0x9E, 0x01, 0x62, 0x05, 0xD8, 0x14, 0x80, 0xF5, 0x26,
    0x0F, 0xAE, 0x28, 0xF6, 0x92, 0x11, 0x45, 0x14, 0xFB, 0x48, 0x8C, 0x1D, 0x8A, 0x5D, 0x64, 0x86,
    0x62, 0x05, 0xB9, 0xA1, 0x58, 0x3F, 0x72, 0x28, 0xD6, 0x8E, 0x1E, 0x8A, 0x95, 0xE3, 0x87, 0x62,
    0xD5, 0x18, 0xA2, 0x58, 0x33, 0x8A, 0x28, 0xD6, 0x8B, 0x24, 0x8A, 0x83, 0xFA, 0x8A, 0x43, 0x86,
    0xA7, 0x48, 0x64, 0xF8, 0x89, 0x45, 0x86, 0x97, 0x68, 0x64, 0x78, 0x88, 0x48, 0x86, 0x77, 0xA8,
    0x64, 0x78, 0x86, 0x4C, 0x86, 0x5F, 0xD8, 0x64, 0xF8, 0x84, 0x4F, 0x86, 0x47, 0x08, 0x65, 0x78,
    0x83, 0x52, 0x86, 0x27, 0x48, 0x65, 0xF8, 0x81, 0x55, 0x86, 0x11, 0xCF, 0x32, 0x0C, 0x5B, 0x70,
    0xCA, 0x30, 0xE0, 0x2D, 0xFE, 0x06, 0xF3, 0x15, 0x98, 0x61, 0x15, 0x68, 0x65, 0xF8, 0x80, 0x57,
    0xF0, 0xE4, 0x58, 0x86, 0x21, 0x0F, 0x46, 0x19, 0x3E, 0xE2, 0x91, 0x3B, 0xD3, 0x16, 0x85, 0x8A,
    0xE9, 0xA2, 0x43, 0x07, 0x78, 0x13, 0xE0, 0x5B, 0x80, 0x38, 0xA6, 0x64, 0xC6, 0xBD, 0xD9, 0xD3,
    0xFC, 0xD9, 0xC9, 0x0C, 0xBF, 0x61, 0x6A, 0x3F, 0x31, 0x25, 0x97, 0x41, 0xC7, 0x01, 0xFE, 0x84,
    0x31, 0xFC, 0x51, 0x14, 0xC3, 0x80, 0x37, 0x34, 0x9A, 0x62, 0x18, 0xF0, 0x0A, 0x5B, 0x2B, 0xD2,
    0x13, 0xC3, 0x27, 0x35, 0x31, 0xBC, 0xD2, 0x12, 0xC3, 0x2F, 0x25, 0x31, 0x3C, 0xD3, 0x11, 0xB5,
    0xFF, 0x54, 0x84, 0x14, 0x16, 0x17, 0x55, 0x67, 0x3D, 0x57, 0x67, 0x37, 0x54, 0x67, 0xDA, 0x50,
    0x9D, 0x1D, 0x50, 0x9D, 0x7D, 0x4F, 0xF9, 0x1B, 0xD5, 0xE4, 0xC9, 0xEE, 0x1C, 0xB9, 0x15, 0x2F,
    0x73, 0x4A, 0xB1, 0xFE, 0x34, 0x52, 0xAC, 0x47, 0x7D, 0x14, 0xF3, 0x9E, 0x02, 0x8A, 0x01, 0x9D,
    0xE7, 0x80, 0x62, 0x40, 0xDF, 0x49, 0xA0, 0x18, 0xD0, 0x75, 0x16, 0x28, 0x06, 0xD6, 0xE8, 0x8E,
    0x62, 0xAE, 0xD3, 0x40, 0x31, 0xA0, 0xE7, 0x3C, 0x50, 0x0C, 0xE8, 0x38, 0x11, 0x14, 0x03, 0xFA,
    0xCD, 0x04, 0xC5, 0x80, 0x6E, 0x53, 0x41, 0x52, 0x5A, 0xA3, 0x58, 0x91, 0xD2, 0x28, 0xD6, 0xA4,
    0x33, 0x8A, 0x55, 0xA9, 0x8C, 0x62, 0x5D, 0x0A, 0x73, 0x41, 0xB1, 0x33, 0x7D, 0x51, 0x2C, 0x5D,
    0xEC, 0x31, 0x66, 0x51, 0x45, 0x87, 0x0B, 0x30, 0x26, 0xC0, 0x22, 0x79, 0x2A, 0xDA, 0x01, 0xC2,
    0xAC, 0x50, 0xEC, 0x01, 0x5F, 0x14, 0xAB, 0xC0, 0x97, 0x14, 0x8A, 0x7D, 0xA0, 0x8B, 0x62, 0x25,
    0xE8, 0x72, 0x42, 0x31, 0xBA, 0xA0, 0x4B, 0x09, 0xC5, 0x6E, 0xB0, 0x45, 0xB1, 0x1E, 0x6C, 0x19,
    0xA1, 0xD8, 0x11, 0xB2, 0x28, 0xE6, 0x2D, 0x21, 0x14, 0x7B, 0x42, 0x16, 0xC5, 0xAA, 0x70, 0x45,
    0xB1, 0x2E, 0x5C, 0xF9, 0xA0, 0x18, 0xCD, 0x70, 0xA5, 0x83, 0x62, 0x6F, 0xA8, 0xA2, 0x58, 0x1D,
    0xAA, 0x6C, 0x50, 0xEC, 0x0F, 0x53, 0x14, 0x73, 0x95, 0x0C, 0x8A, 0x1D, 0x62, 0x8A, 0x62, 0x8D,
    0x98, 0xA2, 0x2A, 0x95, 0x88, 0xA2, 0x58, 0x27, 0x9E, 0x28, 0xE6, 0x28, 0xE6, 0x52, 0x8A, 0x27,
    0x8A, 0xB5, 0xE2, 0x89, 0x2E, 0xAB, 0x45, 0x13, 0xC5, 0x7A, 0xD1, 0x24, 0x82, 0x62, 0x34, 0x46,
    0x13, 0x71, 0xD2, 0x8C, 0x25, 0x8A, 0x55, 0x63, 0x89, 0x2D, 0xEA, 0x46, 0x12, 0xC5, 0x48, 0x8E,
    0x24, 0x96, 0xA0, 0x1D, 0x47, 0x14, 0xAB, 0xC7, 0x91, 0x04, 0x8A, 0xD1, 0x1F, 0x47, 0x7C, 0xBE,
    0x82, 0x14, 0x51, 0xAC, 0x21, 0x45, 0x24, 0x9E, 0x8A, 0x0C, 0x51, 0xCC, 0x45, 0xCC, 0x9E, 0x8E,
    0x0C, 0x51, 0xAC, 0x24, 0x41, 0x34, 0x86, 0xBD, 0xCA, 0x20, 0x72, 0xC5, 0x3D, 0x3C, 0x2B, 0x4B,
    0x0C, 0xC5, 0x8A, 0x73, 0x01, 0x28, 0x0F, 0x50, 0x4B, 0x03, 0x04, 0x0A, 0x00, 0x00, 0x00, 0x06,
    0x00, 0xB3, 0x95, 0x6B, 0x1B, 0x0A, 0x35, 0x08, 0x00, 0x00, 0x00, 0x0C, 0x00, 0x00, 0x00, 0xA6,
    0x01, 0x00, 0x00, 0xF0, 0x02, 0x00, 0x00, 0x01, 0x00, 0x00, 0x00, 0x0F, 0x00, 0x12, 0x03, 0x24,
    0x15, 0x36, 0x27, 0x38, 0x39, 0x6A, 0x7B, 0x4C, 0x9D, 0x6E, 0x1F, 0x09, 0x06, 0x01, 0x13, 0x34,
    0xE5, 0xF6, 0x96, 0xF7, 0x09, 0x0C, 0x3B, 0x82, 0x61, 0xF7, 0x29, 0x60, 0x78, 0xC1, 0x00, 0x95,
    0x02, 0x74, 0x19, 0x30, 0x34, 0xC0, 0xD6, 0x00, 0xB1, 0x02, 0x70, 0x9E, 0xE1, 0x40, 0x4F, 0xC5,
    0xBE, 0xB0, 0x60, 0xA7, 0x62, 0x57, 0x68, 0xA0, 0xF8, 0x01, 0xEC, 0x6E, 0xE0, 0x98, 0x2E, 0x58,
    0xF0, 0x20, 0xA7, 0x63, 0x3D, 0x38, 0xE0, 0x98, 0x46, 0x18, 0x30, 0xE1, 0xA6, 0x72, 0x07, 0x28,
    0xA1, 0x58, 0x03, 0x46, 0x28, 0xE6, 0x10, 0x39, 0x15, 0x23, 0x1D, 0x24, 0xAD, 0x01, 0x1F, 0x76,
    0x2A, 0x06, 0xB4, 0x77, 0x98, 0x62, 0xD8, 0x08, 0x53, 0xC3, 0x15, 0x03, 0xE8, 0x02, 0x21, 0x14,
    0x83, 0x1D, 0xF8, 0xA0, 0x18, 0x2C, 0xC1, 0x06, 0x7B, 0x49, 0xF1, 0x58, 0x2F, 0xB6, 0x28, 0x92,
    0x1D, 0x9F, 0xD4, 0xE4, 0xC0, 0x80, 0x29, 0x92, 0xBD, 0x20, 0x43, 0x9E, 0x34, 0x03, 0x0E, 0x44,
    0xB1, 0x6D, 0xC9, 0xBB, 0x44, 0x6A, 0xE2, 0x98, 0x83, 0xC4, 0x4A, 0xE2, 0xD8, 0x0D, 0x2A, 0x9C,
    0x88, 0x56, 0xC4, 0x31, 0x4F, 0x38, 0x37, 0xC4, 0x31, 0x0F, 0xD8, 0xF7, 0x43, 0xD2, 0x7E, 0x30,
    0x71, 0x87, 0x62, 0x55, 0xCC, 0xA1, 0xD8, 0x11, 0x2E, 0xD6, 0x50, 0xAC, 0x8D, 0x31, 0x14, 0x7B,
    0x42, 0xC7, 0x16, 0x8A, 0xF5, 0x71, 0x85, 0x62, 0x8D, 0x3C, 0xE1, 0x88, 0x2A, 0x39, 0x42, 0xB1,
    0x52, 0x7E, 0x90, 0x45, 0xA5, 0xEC, 0xA0, 0x58, 0x2D, 0x33, 0x58, 0xA3, 0x5E, 0x56, 0x50, 0xAC,
    0x98, 0x13, 0x14, 0xAB, 0xE6, 0x03, 0xC5, 0xDE, 0x70, 0x73, 0x81, 0x62, 0xED, 0x54, 0x76, 0xC5,
    0x3B, 0xEC, 0x74, 0x65, 0x2B, 0xFE, 0x53, 0xF1, 0x0F, 0x39, 0x3D, 0xD9, 0x8A, 0xB7, 0x8C, 0xA0,
    0x58, 0x21, 0xFD, 0x2B, 0xC4, 0xC4, 0x14, 0x8A, 0x75, 0x50, 0xDD, 0x1A, 0x91, 0x2F, 0x88, 0x62,
    0xB5, 0x33, 0x57, 0xC5, 0x4B, 0x7C, 0xCB, 0xA2, 0x58, 0xD3, 0xCA, 0x28, 0xD6, 0xB1, 0x38, 0x8A,
    0x7D, 0x22, 0x57, 0x1F, 0xC5, 0x6A, 0x95, 0x48, 0xB1, 0x53, 0x84, 0x9A, 0xA4, 0x58, 0x95, 0x3E,
    0x29, 0xF6, 0x8A, 0x43, 0xAB, 0x14, 0x6B, 0xCF, 0x2D, 0xC5, 0x7A, 0x33, 0x4C, 0xB1, 0x5B, 0x84,
    0x79, 0xA6, 0x58, 0x55, 0xB6, 0x29, 0xF6, 0x8B, 0x23, 0xE7, 0x14, 0x6B, 0xC7, 0x3C, 0xC5, 0x8E,
    0xD1, 0xE2, 0x9F, 0x62, 0x85, 0x58, 0xA8, 0x58, 0x15, 0x2E, 0x2A, 0xF6, 0x8C, 0x03, 0x23, 0x03,
    0x0C, 0x0C, 0x60, 0xE9, 0xDF, 0x03, 0x5C, 0x0B, 0xF0, 0x2D, 0xC0, 0x11, 0x65, 0xB9, 0xD3, 0x10,
    0x75, 0xF9, 0x40, 0x93, 0x39, 0x8E, 0xEC, 0x05, 0x1B, 0x46, 0x79, 0x5E, 0x60, 0x9B, 0xE1, 0xB4,
    0x1B, 0xA6, 0x03, 0xBA, 0x19, 0x46, 0x5C, 0xCB, 0x30, 0x00, 0x50, 0x92, 0x3C, 0xC8, 0x98, 0x55,
    0x60, 0x8A, 0x28, 0xAB, 0xC0, 0x88, 0x5C, 0x8A, 0xC1, 0x0F, 0x84, 0x50, 0x0C, 0x96, 0xE0, 0x83,
    0xF1, 0x50, 0x4B, 0x03, 0x04, 0x0A, 0x00, 0x00, 0x00, 0x06, 0x00, 0xB4, 0x95, 0x6B, 0x1B, 0x8C,
    0x3F, 0x14, 0x00, 0x00, 0x00, 0x24, 0x00, 0x00, 0x00, 0x68, 0x08, 0x00, 0x00, 0x82, 0x0B, 0x00,
    0x00, 0x3C, 0x12, 0x00, 0x00, 0x6A, 0x03, 0x00, 0x00, 0xA4, 0x15, 0x00, 0x00, 0x01, 0x00, 0x00,
    0x00, 0x0F, 0x00, 0x12, 0x03, 0x24, 0x15, 0x36, 0x27, 0x38, 0x39, 0x6A, 0x7B, 0x4C, 0x9D, 0x6E,
    0x1F, 0x09, 0x06, 0x01, 0x13, 0x34, 0xE5, 0xF6, 0x96, 0xF7, 0x21, 0x0C, 0x3B, 0x55, 0x04, 0xC3,
    0xBB, 0x5D, 0x30, 0x3C, 0x4A, 0x09, 0xC3, 0x33, 0x78, 0x76, 0x9C, 0x03, 0x86, 0xD7, 0x6D, 0x60,
    0x78, 0x91, 0x01, 0x86, 0xFF, 0x19, 0xF0, 0x38, 0x40, 0x8F, 0x00, 0x91, 0x03, 0x50, 0xDE, 0x20,
    0x86, 0x61, 0xC0, 0xA3, 0x16, 0xCC, 0x30, 0x0C, 0x78, 0x49, 0x82, 0x1A, 0x86, 0x01, 0x0F, 0x39,
    0x70, 0xC3, 0x30, 0xE0, 0x21, 0x05, 0x72, 0x18, 0x06, 0xBC, 0x64, 0xC0, 0x0E, 0xC3, 0x80, 0x17,
    0xD0, 0xDD, 0x86, 0x01, 0x58, 0xF3, 0xF2, 0xB7, 0xAC, 0x59, 0xA6, 0x28, 0x7B, 0x90, 0xD3, 0xD3,
    0x83, 0x17, 0x86, 0x69, 0x84, 0x16, 0x86, 0x4F, 0x58, 0x61, 0x78, 0x85, 0x14, 0x86, 0x5F, 0x38,
    0x61, 0x78, 0x86, 0x12, 0x86, 0x6F, 0x18, 0x61, 0x78, 0x87, 0x10, 0x86, 0x7F, 0xF8, 0x60, 0x78,
    0x88, 0x0E, 0x86, 0x8F, 0xD8, 0x60, 0x78, 0x89, 0x0C, 0x86, 0x9F, 0xB8, 0x60, 0x78, 0x8A, 0x0A,
    0x86, 0xAF, 0x98, 0x60, 0x78, 0x8B, 0x08, 0x86, 0x91, 0x17, 0x0F, 0x0C, 0x8F, 0xD1, 0xC0, 0xF0,
    0x19, 0x0B, 0x0C, 0xAF, 0x91, 0xC0, 0xF0, 0x1B, 0x07, 0x0C, 0xCF, 0x51, 0x20, 0x8A, 0xDB, 0xF2,
    0xDE, 0x00, 0x49, 0x03, 0xB4, 0x0C, 0xB0, 0xD4, 0x6A, 0x99, 0x71, 0xC3, 0x80, 0x2F, 0x16, 0x30,
    0x3C, 0x24, 0x47, 0xAB, 0x18, 0x70, 0xCD, 0x8F, 0x0F, 0x14, 0x03, 0xDE, 0xE7, 0x48, 0x80, 0x4F,
    0x74, 0x8C, 0xA0, 0x18, 0xD9, 0x38, 0x41, 0xB1, 0x32, 0x56, 0x50, 0x8C, 0x5C, 0xBC, 0xA0, 0x18,
    0xA9, 0x98, 0x41, 0xB1, 0x26, 0x6E, 0x50, 0x8C, 0x44, 0xEC, 0xA0, 0x18, 0xEC, 0xE1, 0x07, 0xC5,
    0x48, 0xC3, 0x10, 0x8A, 0xB5, 0x70, 0x84, 0x62, 0x24, 0x61, 0x09, 0xC5, 0xC8, 0xC1, 0x13, 0x8A,
    0x91, 0x82, 0x29, 0x14, 0x6B, 0xE0, 0x0A, 0xC5, 0x48, 0xC0, 0x16, 0x8A, 0xFD, 0x66, 0x92, 0x62,
    0x4D, 0x6A, 0xF3, 0x42, 0xB1, 0x7B, 0x0D, 0x51, 0xAC, 0x71, 0x1B, 0x62, 0xE8, 0x4D, 0x1B, 0x8C,
    0xCD, 0x03, 0x7C, 0x0B, 0x50, 0x25, 0x40, 0x24, 0x81, 0xA1, 0x2A, 0x86, 0x01, 0xFF, 0xD0, 0x94,
    0x2F, 0xFC, 0x08, 0xA0, 0x18, 0x00, 0xB0, 0x42, 0x10, 0xC5, 0x80, 0x4B, 0x1A, 0x68, 0x2A, 0x4A,
    0x4C, 0xEE, 0x6D, 0xD8, 0x83, 0x03, 0x2C, 0x09, 0xB0, 0x5D, 0x15, 0xBC, 0x25, 0xC0, 0x25, 0x55,
    0xD0, 0x16, 0xC3, 0x80, 0xAF, 0x68, 0xCA, 0x0F, 0x9A, 0x04, 0x50, 0x0C, 0x00, 0xD8, 0xE0, 0x89,
    0x62, 0xC0, 0x25, 0x6F, 0x07, 0x38, 0x16, 0xE0, 0xB8, 0x99, 0xD0, 0xC2, 0x6E, 0x0D, 0x96, 0x26,
    0x4F, 0x30, 0x4C, 0x07, 0xE8, 0x38, 0x2E, 0xF0, 0xC0, 0x30, 0x3D, 0x20, 0xE4, 0xB8, 0x81, 0x8C,
    0xE3, 0x07, 0x05, 0x0C, 0x83, 0x25, 0x17, 0xF9, 0x1C, 0x0E, 0xEA, 0x0F, 0x90, 0xC9, 0xBE, 0x2A,
    0x18, 0x06, 0x7C, 0x1D, 0x8A, 0x72, 0x80, 0x44, 0x3A, 0x94, 0x3F, 0xC8, 0x50, 0x64, 0x8C, 0x0C,
    0xC5, 0x8C, 0x1B, 0x06, 0xFC, 0x47, 0xE5, 0x59, 0x49, 0x1E, 0x43, 0xB1, 0x5F, 0x14, 0x50, 0xAC,
    0x15, 0x09, 0x14, 0xEB, 0x44, 0x03, 0xC5, 0x1A, 0xF1, 0x60, 0x86, 0x62, 0x87, 0x88, 0xA0, 0x58,
    0x1D, 0x2A, 0x28, 0x56, 0x86, 0x0C, 0x2A, 0x92, 0x63, 0x18, 0x06, 0xDC, 0xE2, 0x45, 0x0D, 0xC3,
    0x80, 0x87, 0xB4, 0xB8, 0x61, 0x18, 0xF0, 0x90, 0x15, 0x39, 0x0C, 0x03, 0x5E, 0x92, 0x62, 0x87,
    0x61, 0xC0, 0x0B, 0x4E, 0xF4, 0x30, 0x0C, 0xC0, 0x9A, 0x97, 0xBF, 0x65, 0xCD, 0x32, 0x45, 0xD9,
    0x83, 0x66, 0x48, 0x51, 0xAE, 0xF1, 0xC2, 0x30, 0xBD, 0x21, 0x45, 0x39, 0x87, 0x14, 0xE5, 0x1D,
    0x52, 0x94, 0x7B, 0x48, 0x51, 0xFE, 0x21, 0x45, 0x39, 0x88, 0x14, 0xE5, 0x21, 0x52, 0x94, 0x8B,
    0xF0, 0x6D, 0x1F, 0x91, 0xA2, 0x9C, 0x44, 0x8A, 0xF2, 0x12, 0x29, 0xCA, 0x4D, 0xA4, 0x28, 0x3F,
    0xF1, 0x59, 0x8E, 0x62, 0x50, 0x3C, 0x25, 0x82, 0x61, 0xA4, 0x8A, 0x43, 0xF1, 0x15, 0x87, 0xE2,
    0x2C, 0x52, 0x94, 0xB7, 0x48, 0x51, 0xEE, 0xE2, 0x51, 0xFC, 0xA5, 0x40, 0x76, 0x83, 0x69, 0x70,
    0x4F, 0x29, 0x79, 0x80, 0x95, 0x1A, 0xD9, 0x35, 0x2A, 0x18, 0xA8, 0x9A, 0x71, 0x41, 0xB1, 0x62,
    0x64, 0x50, 0x8C, 0xBC, 0xD8, 0xA0, 0x58, 0x2D, 0x3A, 0x28, 0x46, 0x56, 0x7C, 0x50, 0xAC, 0x14,
    0x21, 0x14, 0xEB, 0xC4, 0x08, 0xC5, 0x48, 0x89, 0x12, 0x8A, 0x35, 0xE2, 0x84, 0x62, 0x24, 0x44,
    0x0A, 0xC5, 0xFA, 0xB0, 0x42, 0x31, 0xD2, 0xA1, 0x85, 0x62, 0x6D, 0x78, 0xA1, 0x18, 0xC9, 0x10,
    0x43, 0xB1, 0x2E, 0xCC, 0x50, 0x8C, 0x54, 0xA8, 0xA1, 0x58, 0x13, 0x6E, 0x28, 0x46, 0x22, 0xE4,
    0x50, 0xAC, 0x07, 0x3B, 0x14, 0xAB, 0x41, 0x0F, 0xC5, 0xC8, 0x82, 0x1F, 0x8A, 0x95, 0x20, 0x88,
    0x62, 0xE4, 0xC0, 0x10, 0xC5, 0x2A, 0x50, 0xC4, 0x43, 0xE2, 0x24, 0x8A, 0x01, 0x2E, 0x36, 0xFC,
    0xC5, 0x30, 0x40, 0x69, 0x77, 0x97, 0x01, 0x01, 0x14, 0x03, 0x0E, 0xE4, 0x60, 0x5A, 0x31, 0xE0,
    0x46, 0x59, 0x0E, 0x28, 0x06, 0xDC, 0x65, 0xC0, 0x15, 0xC5, 0x2A, 0x50, 0x45, 0xB1, 0x0E, 0x44,
    0x49, 0xE0, 0xF5, 0xF5, 0x44, 0xB1, 0x16, 0x34, 0x51, 0xAC, 0x06, 0x4B, 0x14, 0xEB, 0x41, 0x12,
    0xC5, 0x8A, 0x70, 0x44, 0xB1, 0x26, 0x14, 0x51, 0xAC, 0x0A, 0x43, 0x14, 0xEB, 0x42, 0x10, 0xC5,
    0xCA, 0xF0, 0x43, 0xB1, 0x36, 0xF4, 0x50, 0xAC, 0x0E, 0x3B, 0x14, 0xEB, 0x43, 0x0E, 0xC5, 0x0A,
    0x71, 0x43, 0xB1, 0x46, 0xD4, 0x50, 0xAC, 0x12, 0x33, 0x14, 0xEB, 0x44, 0x0C, 0xC5, 0x4A, 0xF1,
    0x42, 0xB1, 0x56, 0xB4, 0x50, 0xAC, 0x16, 0x2B, 0x14, 0xEB, 0x45, 0x0A, 0xC5, 0x8A, 0x51, 0x62,
    0x81, 0xD3, 0xD2, 0x08, 0xC5, 0xAA, 0x11, 0x42, 0xB1, 0x6E, 0x7C, 0x50, 0xAC, 0x1C, 0x1D, 0x14,
    0x6B, 0xC7, 0x06, 0xC5, 0xEA, 0x91, 0x41, 0xB1, 0x70, 0x4E, 0xC5, 0x0A, 0x52, 0x41, 0xB1, 0x86,
    0x4C, 0x50, 0xAC, 0x22, 0x11, 0x14, 0x37, 0xF4, 0x00, 0x01, 0x8C, 0x20, 0x80, 0x6F, 0xBA, 0x41,
    0x00, 0xB7, 0x94, 0x81, 0x00, 0xFE, 0x2F, 0x03, 0x01, 0x9C, 0x28, 0x50, 0x4B, 0x03, 0x04, 0x0A,
    0x00, 0x00, 0x00, 0x06, 0x00, 0xB4, 0x95, 0x6B, 0x1B, 0x4E, 0x25, 0x0C, 0x00, 0x00, 0x00, 0x14,
    0x00, 0x00, 0x00, 0xE2, 0x07, 0x00, 0x00, 0x82, 0x01, 0x00, 0x00, 0x2E, 0x0E, 0x00, 0x00, 0x01,
    0x00, 0x00, 0x00, 0x0F, 0x00, 0x12, 0x03, 0x24, 0x15, 0x36, 0x27, 0x38, 0x39, 0x6A, 0x7B, 0x4C,
    0x9D, 0x6E, 0x1F, 0x09, 0x06, 0x01, 0x13, 0x34, 0xE5, 0xF6, 0x96, 0xF7, 0x11, 0x0C, 0xBB, 0xF5,
    0x03, 0xC3, 0x33, 0x38, 0x76, 0xCA, 0x02, 0x86, 0xF7, 0x4C, 0x60, 0xF8, 0x87, 0x01, 0x86, 0xFF,
    0x19, 0xD0, 0x33, 0xC0, 0x98, 0x00, 0x3F, 0x03, 0x50, 0xF6, 0x18, 0xC3, 0x80, 0x07, 0x0C, 0x08,
    0x63, 0x18, 0x20, 0x0A, 0x7C, 0x31, 0x4C, 0xBD, 0x03, 0x98, 0x61, 0xC0, 0x17, 0xEC, 0x8D, 0x0D,
    0x05, 0xF8, 0x88, 0xB5, 0xC1, 0x0C, 0x03, 0x3E, 0x62, 0x8A, 0x80, 0x0F, 0x39, 0x0A, 0x66, 0x59,
    0x0D, 0xAE, 0x18, 0x9E, 0x61, 0x89, 0xE1, 0x25, 0x7E, 0x18, 0x1E, 0x63, 0x86, 0xE1, 0x3F, 0x4A,
    0x18, 0x7E, 0xA4, 0x83, 0xE1, 0x51, 0x26, 0x18, 0xDE, 0xE5, 0x40, 0x20, 0x93, 0xE3, 0x72, 0x01,
    0xF6, 0x05, 0x38, 0x13, 0xA0, 0x9F, 0xC3, 0xD1, 0x19, 0xC3, 0x80, 0xFF, 0x1B, 0x06, 0xFC, 0x8C,
    0xA1, 0xB8, 0xCA, 0x84, 0x00, 0x8A, 0x1D, 0xE3, 0x86, 0x62, 0x2D, 0xE8, 0x22, 0x55, 0xF8, 0x45,
    0x80, 0xC7, 0xA0, 0x07, 0x88, 0x2C, 0xF1, 0x14, 0xC3, 0x30, 0xE0, 0xFF, 0x86, 0x08, 0xF8, 0xBF,
    0x61, 0xC0, 0xA7, 0xA4, 0x96, 0x53, 0x24, 0xF0, 0x5A, 0xEA, 0x50, 0x41, 0xC3, 0xE0, 0x18, 0x07,
    0x0C, 0xAF, 0x96, 0xC0, 0x6D, 0xC9, 0xF0, 0xA2, 0x01, 0xFE, 0x05, 0xC8, 0x18, 0x20, 0xA0, 0x6E,
    0x1F, 0x98, 0x15, 0x46, 0x31, 0xE0, 0x3A, 0x05, 0x6A, 0x29, 0x06, 0xA0, 0x9F, 0x4C, 0x50, 0xAC,
    0x2D, 0x07, 0xEC, 0x03, 0xE0, 0x8A, 0x01, 0x9F, 0x1A, 0x70, 0x4B, 0x31, 0xE0, 0xBF, 0x01, 0x72,
    0x29, 0x06, 0xDC, 0xE3, 0xD4, 0x1C, 0xC5, 0x1A, 0x74, 0x49, 0xB1, 0xBA, 0xF4, 0x52, 0xAC, 0x1C,
    0xE1, 0x14, 0x6B, 0xC2, 0xC1, 0x00, 0xE7, 0x60, 0xBC, 0x01, 0x86, 0x06, 0xE8, 0x16, 0xE0, 0x4B,
    0x80, 0x45, 0xA2, 0x1D, 0x22, 0x81, 0x8F, 0xA7, 0x0F, 0x17, 0x56, 0x28, 0xF6, 0x86, 0x13, 0x1F,
    0x14, 0xFB, 0xC2, 0x0D, 0x37, 0x4F, 0x15, 0x82, 0x2C, 0x50, 0xEC, 0x08, 0x45, 0x14, 0xAB, 0x41,
    0x12, 0xC5, 0x80, 0x87, 0xE8, 0x8D, 0x0B, 0xAA, 0x78, 0xC8, 0xDE, 0xA2, 0xD0, 0xFD, 0xC5, 0x30,
    0xE0, 0x63, 0x96, 0xA8, 0x1B, 0x17, 0x14, 0xAB, 0x89, 0x28, 0x9A, 0xF1, 0x07, 0x03, 0xDE, 0x05,
    0x58, 0x19, 0x20, 0x9E, 0x8C, 0xA9, 0x95, 0x86, 0x01, 0xCF, 0x68, 0xF0, 0xD1, 0xF0, 0x0B, 0x15,
    0x0D, 0x1F, 0x91, 0xD0, 0xF0, 0x16, 0xFF, 0x0C, 0xCF, 0x31, 0xCF, 0xF0, 0x22, 0xE7, 0x0C, 0x7F,
    0xD2, 0xCD, 0xF0, 0x2D, 0xD1, 0x0C, 0xFF, 0xD2, 0xCC, 0x30, 0xE0, 0xFF, 0x86, 0x01, 0xAD, 0xF5,
    0x8F, 0x49, 0xB0, 0xE0, 0x56, 0x50, 0x4B, 0x03, 0x04, 0x0A, 0x00, 0x00, 0x80, 0x06, 0x00, 0xB4,
    0x95, 0x6B, 0x1B, 0xDA, 0x89, 0x08, 0x00, 0x00, 0x00, 0x0C, 0x00, 0x00, 0x00, 0x81, 0x02, 0x00,
    0x00, 0xD6, 0x03, 0x00, 0x00, 0x01, 0x00, 0x00, 0x00, 0x0F, 0x00, 0x12, 0x03, 0x24, 0x15, 0x36,
    0x27, 0x38, 0x39, 0x6A, 0x7B, 0x4C, 0x9D, 0x6E, 0x1F, 0x09, 0x06, 0x01, 0x13, 0x34, 0xE5, 0xF6,
    0x96, 0xF7, 0x09, 0x0C, 0x3B, 0x82, 0x61, 0x27, 0x1E, 0x60, 0xF8, 0xE5, 0x00, 0xAD, 0x02, 0xFC,
    0x19, 0x70, 0x33, 0xC0, 0xBA, 0x00, 0x8D, 0x02, 0x14, 0x08, 0xF0, 0x61, 0xC2, 0x2E, 0xC5, 0xEE,
    0x70, 0x21, 0x97, 0x62, 0xA5, 0x38, 0xA5, 0xD8, 0x1B, 0x82, 0x44, 0x52, 0xAC, 0x2A, 0x7D, 0x14,
    0x3B, 0x43, 0x9B, 0x33, 0x96, 0x15, 0x28, 0x8A, 0x6E, 0x35, 0x1A, 0x62, 0x59, 0x93, 0x7E, 0x28,
    0xD6, 0xA5, 0x1D, 0xBA, 0xD5, 0xE9, 0x86, 0x62, 0x85, 0x9A, 0xA1, 0x58, 0xA5, 0x5E, 0x28, 0xF6,
    0x85, 0x55, 0x2B, 0x14, 0xEB, 0xD5, 0x09, 0xC5, 0x9A, 0x35, 0x42, 0xB1, 0x2B, 0xE4, 0xFA, 0xA0,
    0x58, 0xBD, 0x36, 0x28, 0xF6, 0x84, 0x61, 0x17, 0x02, 0x1C, 0x70, 0xD4, 0x0C, 0x05, 0x5A, 0x4D,
    0x70, 0xAC, 0x0B, 0x09, 0x5E, 0x3D, 0x70, 0xEC, 0x07, 0x17, 0x16, 0xCC, 0x5A, 0xE0, 0x58, 0x15,
    0x22, 0xCC, 0x52, 0x5C, 0xF0, 0x06, 0x15, 0xE4, 0x67, 0x56, 0xED, 0x1B, 0x4C, 0xD8, 0x30, 0x4B,
    0xF1, 0x05, 0x13, 0x42, 0xBC, 0x52, 0x3C, 0xC1, 0x84, 0x13, 0xAB, 0x14, 0x3B, 0xC2, 0x8A, 0x54,
    0x8A, 0x1F, 0x88, 0x10, 0xA3, 0x94, 0x62, 0x3F, 0xA8, 0x31, 0x4A, 0xF1, 0x02, 0x0F, 0x76, 0x7C,
    0x52, 0x7C, 0xC0, 0x83, 0x20, 0x9B, 0x14, 0xBB, 0xC1, 0x91, 0x4B, 0x8A, 0xB3, 0xBF, 0xA4, 0x92,
    0x62, 0x2F, 0x88, 0x12, 0x49, 0xB4, 0x0F, 0x5C, 0x69, 0x24, 0xE9, 0x61, 0x16, 0x19, 0x5E, 0xE6,
    0x90, 0xE1, 0x69, 0x06, 0x19, 0xDE, 0x06, 0x9E, 0x07, 0x88, 0xB3, 0xC7, 0xF0, 0x3A, 0x77, 0x0C,
    0xBF, 0x53, 0xC7, 0x31, 0x96, 0xFE, 0x4E, 0x18, 0x4F, 0x57, 0xEC, 0x1F, 0x27, 0x22, 0x28, 0x5E,
    0xE7, 0xC5, 0x8D, 0x09, 0x8A, 0xFD, 0xE1, 0xC8, 0x04, 0x4B, 0x9D, 0xB3, 0x61, 0xC9, 0x04, 0xE1,
    0x1D, 0x8F, 0xE3, 0xD8, 0x05, 0x1C, 0xEB, 0xC2, 0x93, 0x08, 0xC6, 0xD2, 0x1B, 0xC7, 0x4E, 0xE0,
    0xD8, 0x6D, 0x1C, 0xDB, 0x5E, 0x6A, 0x53, 0xC1, 0xF1, 0x06, 0x8E, 0xBD, 0xA6, 0x42, 0x94, 0x06,
    0x11, 0x1C, 0x6B, 0x82, 0xE3, 0xC6, 0xAC, 0x34, 0x13, 0xAA, 0x24, 0xA8, 0xE0, 0xD8, 0x67, 0x26,
    0x5C, 0x39, 0x70, 0xC1, 0x94, 0x7D, 0x26, 0x42, 0x1D, 0xC5, 0x2E, 0x13, 0xE1, 0x8E, 0x62, 0x8F,
    0x89, 0x90, 0x47, 0xB1, 0x1E, 0xEC, 0x51, 0xEC, 0x30, 0x0F, 0xB4, 0x51, 0x61, 0x1A, 0xFC, 0x51,
    0xEC, 0x2F, 0x0D, 0x02, 0x29, 0x76, 0x97, 0x06, 0x83, 0x14, 0x6B, 0x41, 0x21, 0xC5, 0x4A, 0x70,
    0xC8, 0xB5, 0x0A, 0x24, 0x92, 0xB4, 0x5B, 0x04, 0x08, 0x18, 0x20, 0x5B, 0x80, 0x7E, 0x01, 0x5E,
    0x09, 0xA3, 0x2E, 0x44, 0x53, 0xAC, 0x11, 0xC5, 0x14, 0xAB, 0x85, 0xC3, 0x57, 0x85, 0x1A, 0xB5,
    0x14, 0xAB, 0x47, 0x2B, 0xC5, 0x4A, 0x12, 0x4A, 0xB1, 0xAA, 0x54, 0x52, 0xAC, 0x30, 0x89, 0x14,
    0x6B, 0x8D, 0xAF, 0x35, 0xE1, 0x8E, 0xA1, 0x34, 0x61, 0x50, 0x1A, 0xC5, 0x7A, 0xD4, 0x45, 0xB1,
    0x32, 0x4D, 0x51, 0xAC, 0x52, 0x47, 0x14, 0x2B, 0x96, 0xCC, 0xD7, 0x84, 0x5F, 0xCE, 0xAE, 0x78,
    0x84, 0x62, 0x29, 0x14, 0x2B, 0x59, 0x09, 0xC5, 0x6A, 0x16, 0x42, 0xB1, 0xA2, 0x75, 0x50, 0xAC,
    0x69, 0x1A, 0x5F, 0x11, 0xAA, 0x65, 0x50, 0xEC, 0x07, 0xDB, 0x2A, 0x28, 0x56, 0xB7, 0x09, 0x8A,
    0xF5, 0x2D, 0x82, 0x62, 0x1F, 0x58, 0xD7, 0x40, 0xB1, 0xDA, 0x2D, 0x50, 0xAC, 0x77, 0x09, 0x14,
    0x6B, 0x5E, 0x01, 0xC5, 0xAA, 0x27, 0x89, 0x2D, 0xD1, 0xF7, 0x0C, 0xD3, 0x04, 0x9A, 0x6D, 0xB8,
    0xC9, 0xF7, 0x3C, 0xAB, 0x2F, 0xC5, 0xD4, 0x39, 0x5D, 0xF0, 0x4E, 0x31, 0xB7, 0x3B, 0xA0, 0x18,
    0x3C, 0x41, 0xBB, 0x04, 0x8A, 0x91, 0x75, 0x0B, 0x14, 0x23, 0xE9, 0x1A, 0x28, 0x46, 0xED, 0x4D,
    0xD2, 0x3D, 0x50, 0x8C, 0x9C, 0x8B, 0xA0, 0x18, 0x29, 0xA7, 0x2C, 0x15, 0x38, 0xA7, 0x18, 0x5E,
    0xAE, 0x82, 0x62, 0x24, 0x5C, 0x06, 0xC5, 0xC8, 0x37, 0x61, 0xD6, 0x80, 0x70, 0x8A, 0xF9, 0x5B,
    0x07, 0xC5, 0x60, 0xDD, 0x3E, 0x28, 0x46, 0x03, 0x74, 0x0B, 0xA1, 0x18, 0x6C, 0xDB, 0x08, 0xC5,
    0x48, 0xB6, 0x12, 0x8A, 0xD1, 0x01, 0xD5, 0x4E, 0x28, 0x06, 0x9B, 0x96, 0x42, 0x31, 0x12, 0x6D,
    0x85, 0x62, 0xB4, 0xC0, 0x33, 0xC5, 0xDC, 0xAC, 0x85, 0x62, 0x64, 0x99, 0xCE, 0xD4, 0x81, 0x64,
    0x8A, 0x95, 0xA3, 0x52, 0x0C, 0xC5, 0xCE, 0x54, 0x43, 0xF1, 0x50, 0x4B, 0x03, 0x04, 0x0A, 0x00,
    0x00, 0x80, 0x06, 0x00, 0xB5, 0x95, 0x6B, 0x1B, 0x97, 0xF5, 0x08, 0x00, 0x00, 0x00, 0x0C, 0x00,
    0x00, 0x00, 0x69, 0x03, 0x00, 0x00, 0x14, 0x07, 0x00, 0x00, 0x01, 0x00, 0x00, 0x00, 0x0F, 0x00,
    0x12, 0x03, 0x24, 0x15, 0x36, 0x27, 0x38, 0x39, 0x6A, 0x7B, 0x4C, 0x9D, 0x6E, 0x1F, 0x09, 0x06,
    0x01, 0x13, 0x34, 0xE5, 0xF6, 0x96, 0xF7, 0x09, 0x0C, 0x3B, 0x84, 0x61, 0xA7, 0x2D, 0x60, 0x78,
    0xD6, 0x03, 0x86, 0x97, 0x5C, 0x60, 0xF8, 0x9E, 0x00, 0xBB, 0x02, 0x1C, 0x0F, 0xF0, 0x38, 0xC0,
    0xD3, 0x00, 0xD7, 0x02, 0xB0, 0x3E, 0xAA, 0x49, 0x18, 0xC5, 0x9E, 0xF2, 0xE9, 0x8B, 0x62, 0x47,
    0x19, 0xD5, 0x45, 0x31, 0xFA, 0xE4, 0xD4, 0x16, 0xC5, 0x4A, 0x95, 0x45, 0xB1, 0x9B, 0xB4, 0xBA,
    0xA2, 0xD8, 0x4B, 0x62, 0x55, 0x51, 0xAC, 0x59, 0x53, 0x14, 0x3B, 0x49, 0x2D, 0xC5, 0x3A, 0x92,
    0x2B, 0x8A, 0x62, 0xED, 0x7A, 0xA2, 0xD8, 0x45, 0x7E, 0x35, 0x51, 0xEC, 0x21, 0xC3, 0x96, 0x28,
    0x46, 0x83, 0x1C, 0x4B, 0xA2, 0xD8, 0x3F, 0x96, 0x1D, 0x51, 0xAC, 0x66, 0x45, 0x14, 0xBB, 0x47,
    0xB4, 0x21, 0x8A, 0xBD, 0x63, 0x9A, 0x62, 0xAE, 0x16, 0x44, 0xB1, 0x73, 0x64, 0xFB, 0xA1, 0xD8,
    0x37, 0xBA, 0xF5, 0x50, 0xAC, 0x6F, 0x3B, 0x14, 0xBB, 0xC6, 0xB8, 0x1C, 0x8A, 0xD1, 0x19, 0xE7,
    0x6E, 0x28, 0x76, 0x8C, 0x75, 0x35, 0x14, 0xAB, 0xDD, 0x0C, 0xC5, 0x7E, 0x11, 0x2F, 0x86, 0x62,
    0xB7, 0x98, 0xA7, 0x98, 0xEB, 0xBD, 0x50, 0xEC, 0x15, 0xF9, 0x5A, 0x28, 0x76, 0x8A, 0x7E, 0x2B,
    0x14, 0xEB, 0x5F, 0x0A, 0xC5, 0x3E, 0x11, 0x50, 0xB1, 0x4A, 0x14, 0x3C, 0xA1, 0x58, 0x07, 0x4B,
    0x28, 0xF6, 0x88, 0x85, 0x23, 0x14, 0x3B, 0xC4, 0xC3, 0x10, 0x8A, 0x15, 0xF1, 0x83, 0x62, 0x7F,
    0xA8, 0xD8, 0x41, 0xB1, 0x3B, 0x5C, 0x54, 0xCC, 0x19, 0x37, 0x28, 0xF6, 0x86, 0x8E, 0x19, 0x14,
    0x3B, 0x43, 0xC8, 0x0B, 0x8A, 0x35, 0xB2, 0x82, 0x62, 0x5F, 0x38, 0x39, 0x41, 0xB1, 0x2B, 0xAC,
    0x8C, 0xA0, 0x18, 0x9D, 0xF0, 0xF2, 0x81, 0x62, 0x47, 0x98, 0xD9, 0x40, 0xB1, 0x6A, 0x2E, 0x50,
    0xEC, 0x07, 0x39, 0x13, 0x28, 0x76, 0x83, 0x9E, 0x07, 0x14, 0xEB, 0xA7, 0xE1, 0x82, 0x2F, 0x08,
    0xAA, 0x58, 0x09, 0x8A, 0x0E, 0x08, 0x20, 0x78, 0x82, 0xA3, 0x86, 0x1F, 0x48, 0x6A, 0x78, 0x81,
    0xA5, 0x86, 0xE9, 0x80, 0xA6, 0x86, 0xB3, 0x63, 0xC3, 0xE2, 0x04, 0x5B, 0xB6, 0x62, 0xF0, 0xA5,
    0xF2, 0x55, 0xE0, 0xA8, 0x62, 0xA0, 0x0F, 0x04, 0x4D, 0xA0, 0x18, 0x19, 0x7A, 0x40, 0x31, 0xF2,
    0xD3, 0x51, 0x5A, 0xB0, 0x53, 0x31, 0x92, 0xA0, 0xA7, 0x62, 0xA4, 0x41, 0x4E, 0xC5, 0xF0, 0x9B,
    0x0D, 0x14, 0x03, 0x3D, 0xD3, 0x96, 0x4B, 0x7A, 0x83, 0x7A, 0x15, 0x56, 0x38, 0xD6, 0x83, 0x68,
    0x37, 0x1C, 0xD3, 0x49, 0x75, 0x1C, 0xD3, 0x2A, 0xB3, 0x52, 0x4C, 0x70, 0xAC, 0x17, 0xD9, 0x4E,
    0x54, 0x70, 0xEC, 0x09, 0x2B, 0xBE, 0x85, 0x70, 0x0C, 0x74, 0xB8, 0x0F, 0x8E, 0xB9, 0xC4, 0xB9,
    0x0E, 0x17, 0x1C, 0x7B, 0x43, 0x07, 0xC7, 0x00, 0x4F, 0xB7, 0xC1, 0xB1, 0x3A, 0x64, 0x58, 0x97,
    0x21, 0x83, 0x63, 0xD0, 0xB2, 0x01, 0x02, 0x05, 0xD8, 0x1C, 0xA0, 0x9A, 0xCF, 0x1B, 0x40, 0xEE,
    0x8A, 0xE1, 0xF7, 0x04, 0xF1, 0xFC, 0x86, 0x20, 0x82, 0xD7, 0x92, 0x05, 0xF4, 0x1A, 0xEE, 0x88,
    0xCE, 0x61, 0x18, 0xC0, 0xC4, 0xFB, 0x86, 0x31, 0xB2, 0x62, 0xC0, 0x19, 0x0A, 0xCC, 0x50, 0xAC,
    0x03, 0x31, 0x14, 0x2B, 0xC1, 0x0B, 0xC5, 0xC8, 0x82, 0x15, 0xE2, 0xA0, 0x06, 0x29, 0x14, 0xEB,
    0xC1, 0x09, 0xC5, 0x8A, 0x50, 0x42, 0xB1, 0x26, 0x8C, 0x50, 0x8C, 0x54, 0x08, 0xA1, 0x58, 0x17,
    0x3E, 0x28, 0x56, 0x86, 0x0E, 0x8A, 0xB5, 0x61, 0x83, 0xC5, 0xB4, 0xD5, 0x19, 0x20, 0x56, 0x80,
    0x5F, 0x01, 0xDA, 0x04, 0xF8, 0xE4, 0xB1, 0xB5, 0x42, 0xE6, 0x88, 0x90, 0x9A, 0x1C, 0x05, 0xD8,
    0xA2, 0x71, 0x14, 0xE0, 0x8B, 0xC0, 0x51, 0x80, 0x31, 0x86, 0xC4, 0x65, 0x2C, 0x9E, 0x02, 0x9C,
    0x51, 0x78, 0x0A, 0xB0, 0xC6, 0xEB, 0x8A, 0x7D, 0xC3, 0x60, 0xB2, 0xA9, 0x62, 0xF0, 0x34, 0x05,
    0xDC, 0x13, 0x90, 0xE6, 0x31, 0x03, 0x06, 0xF8, 0xC7, 0x9A, 0xB1, 0x63, 0x2E, 0x50, 0x40, 0x3A,
    0xA2, 0xD8, 0xA6, 0xB1, 0x6D, 0xB8, 0xA1, 0xA8, 0x62, 0x00, 0xDA, 0x5C, 0x54, 0x31, 0x40, 0xB9,
    0x32, 0x55, 0x0C, 0xF8, 0x81, 0x24, 0xA3, 0x8A, 0x01, 0x00, 0x35, 0x11, 0xA4, 0x62, 0x20, 0x95,
    0x11, 0x15, 0x65, 0x54, 0x90, 0x68, 0x18, 0xB3, 0xF9, 0x99, 0x48, 0xE8, 0xAC, 0x01, 0x34, 0xE2,
    0x46, 0x3A, 0xDB, 0x20, 0xA1, 0x7F, 0x24, 0x18, 0x90, 0xE0, 0xC3, 0x81, 0x09, 0x07, 0x2C, 0xA3,
    0x05, 0x2E, 0x14, 0xB0, 0x8C, 0x0E, 0xD8, 0x30, 0xC0, 0xB2, 0x4C, 0x6F, 0x51, 0xC0, 0xE7, 0xB5,
    0x6C, 0xE5, 0x45, 0x3F, 0xB0, 0x64, 0xC0, 0x07, 0xC7, 0x4A, 0x70, 0xA4, 0x80, 0x63, 0x6B, 0xDF,
    0x60, 0xC8, 0x81, 0x0F, 0xC2, 0x7E, 0xA0, 0xC2, 0x02, 0x7E, 0x68, 0xBE, 0x64, 0x2F, 0x88, 0x20,
    0x79, 0x81, 0x1E, 0x92, 0x4B, 0x7B, 0x82, 0x09, 0xA6, 0xBD, 0x83, 0xF0, 0x05, 0xF2, 0xAD, 0xF9,
    0x82, 0x07, 0xC2, 0x45, 0x78, 0x02, 0xCD, 0xDC, 0x60, 0x41, 0x03, 0xCD, 0xBC, 0x40, 0xDB, 0xFC,
    0xE0, 0x80, 0x66, 0x17, 0x69, 0xA0, 0x28, 0xCB, 0xFE, 0xA0, 0xC0, 0x03, 0xCB, 0x87, 0x10, 0xDE,
    0xE0, 0x81, 0xA5, 0x27, 0xD0, 0xAC, 0x25, 0xF0, 0x2F, 0x30, 0xAE, 0x02, 0xC6, 0x9D, 0x24, 0x82,
    0xF4, 0xC6, 0x75, 0xC0, 0xD2, 0x3E, 0x42, 0xB8, 0x6E, 0x6B, 0x76, 0x84, 0x02, 0xD6, 0x2A, 0xBB,
    0x78, 0x1F, 0xD0, 0x5C, 0x7C, 0xE1, 0x0F, 0x44, 0x69, 0x50, 0x40, 0xAF, 0x69, 0x42, 0x97, 0x04,
    0x07, 0x1C, 0xAB, 0x42, 0x95, 0x01, 0x11, 0x14, 0xAA, 0x08, 0xF9, 0x80, 0x2C, 0x16, 0x5D, 0x1B,
    0xA6, 0x58, 0x84, 0xEA, 0xF0, 0xC4, 0x25, 0xE4, 0x24, 0x46, 0x21, 0x1F, 0x51, 0x8C, 0x94, 0x18,
    0x72, 0x42, 0x31, 0x7A, 0xE2, 0x47, 0x0A, 0xC5, 0x68, 0x8A, 0x1D, 0x4A, 0x81, 0x56, 0xDC, 0x10,
    0x0B, 0xD4, 0x62, 0x86, 0x5E, 0xA0, 0x18, 0x2B, 0x54, 0x7C, 0xCD, 0x38, 0x21, 0xE4, 0xEB, 0xC6,
    0x08, 0xC5, 0xEA, 0x31, 0x41, 0xC4, 0xD3, 0x8F, 0x08, 0x8A, 0x15, 0xE4, 0x81, 0x62, 0x15, 0x49,
    0x20, 0xE5, 0x89, 0x5A, 0x8B, 0x28, 0x26, 0x50, 0x4B, 0x03, 0x04, 0x0A, 0x00, 0x00, 0x80, 0x06,
    0x00, 0xB5, 0x95, 0x6B, 0x1B, 0x01, 0x8F, 0x0C, 0x00, 0x00, 0x00, 0x14, 0x00, 0x00, 0x00, 0x50,
    0x03, 0x00, 0x00, 0x9B, 0x01, 0x00, 0x00, 0x1A, 0x09, 0x00, 0x00, 0x01, 0x00, 0x00, 0x00, 0x0F,
    0x00, 0x12, 0x03, 0x24, 0x15, 0x36, 0x27, 0x38, 0x39, 0x6A, 0x7B, 0x4C, 0x9D, 0x6E, 0x1F, 0x09,
    0x06, 0x01, 0x13, 0x34, 0xE5, 0xF6, 0x96, 0xF7, 0x11, 0x0C, 0x3B, 0xD1, 0x01, 0xC7, 0x34, 0x86,
    0x61, 0x2F, 0x0F, 0x30, 0xC3, 0x30, 0x0F, 0x10, 0xCC, 0x84, 0x25, 0x78, 0x9D, 0x00, 0x19, 0x03,
    0xDC, 0x09, 0xB0, 0x31, 0x40, 0x01, 0xCA, 0x77, 0xF4, 0x50, 0xAC, 0x1E, 0x3B, 0x14, 0x2B, 0xC8,
    0x0D, 0xC5, 0x1A, 0x52, 0x43, 0xB1, 0x8E, 0xC4, 0x50, 0xAC, 0x24, 0x2F, 0x14, 0xAB, 0xC9, 0x0A,
    0xC5, 0x7A, 0x92, 0x42, 0xB1, 0xA6, 0x94, 0x50, 0xAC, 0x2A, 0x23, 0x14, 0x2B, 0xCB, 0x07, 0xC5,
    0xDA, 0xD2, 0x41, 0xB1, 0xBE, 0x64, 0x50, 0xAC, 0x30, 0x17, 0x14, 0xAB, 0xCC, 0x04, 0xC5, 0x3A,
    0x13, 0x41, 0xB1, 0xD6, 0x34, 0x50, 0xAC, 0x36, 0x0B, 0x14, 0x2B, 0xCE, 0x01, 0xC5, 0x9A, 0x53,
    0x00, 0x51, 0xBA, 0x63, 0x18, 0xF0, 0x13, 0x63, 0x46, 0x15, 0x03, 0xDE, 0x96, 0xE3, 0x87, 0x62,
    0xC0, 0xFF, 0x15, 0x03, 0x84, 0x36, 0xD2, 0x18, 0x47, 0x14, 0xEB, 0x43, 0x16, 0xC5, 0x5A, 0xD0,
    0xC6, 0x6E, 0x71, 0xB0, 0x03, 0x1E, 0x93, 0x0E, 0xB1, 0x5A, 0x2E, 0x62, 0xB5, 0xC8, 0x02, 0xC5,
    0x80, 0x9B, 0xBB, 0x4D, 0x17, 0x91, 0xAC, 0x01, 0x09, 0x14, 0x2B, 0xC1, 0x00, 0x65, 0x01, 0x2E,
    0x95, 0xA3, 0x81, 0x62, 0xC0, 0xFF, 0x15, 0x03, 0x84, 0x36, 0xD2, 0x18, 0x15, 0x7C, 0x26, 0x9F,
    0xF0, 0x99, 0x6C, 0xE5, 0x15, 0x5C, 0xE8, 0x2D, 0x15, 0xA0, 0x21, 0x8B, 0xDF, 0xB0, 0x45, 0x7B,
    0xC0, 0x1A, 0xC5, 0x3A, 0x70, 0x46, 0xB1, 0x12, 0x94, 0x51, 0xAC, 0x06, 0x61, 0x14, 0xEB, 0xC1,
    0x17, 0xC5, 0x9A, 0xB0, 0x45, 0xB1, 0x2A, 0xD8, 0x0C, 0xCE, 0x50, 0x45, 0xB1, 0x36, 0x4C, 0xD1,
    0x34, 0x3F, 0x51, 0xAC, 0x10, 0x4D, 0x14, 0xAB, 0x44, 0x12, 0xC5, 0x3A, 0xA1, 0xD0, 0x79, 0xC5,
    0x10, 0xC5, 0x6A, 0x11, 0xC4, 0xDD, 0xAC, 0xD3, 0x79, 0x86, 0x8E, 0xC3, 0x37, 0x74, 0x1C, 0xCE,
    0xA1, 0xE3, 0x70, 0x0F, 0x1D, 0x87, 0x7F, 0xE8, 0x38, 0x3C, 0x44, 0xC7, 0xE1, 0x22, 0x3A, 0x0E,
    0x1F, 0x11, 0x16, 0x2F, 0xD1, 0x71, 0xB8, 0x49, 0x08, 0xC5, 0x8A, 0xA2, 0xE3, 0xF0, 0x94, 0x0D,
    0x8A, 0x75, 0x45, 0xC7, 0xE1, 0x2C, 0x96, 0xCC, 0x5D, 0x74, 0x1C, 0xFE, 0xF2, 0x40, 0xB1, 0xC6,
    0x18, 0x33, 0x97, 0x49, 0xA0, 0x58, 0x69, 0x0A, 0xA8, 0x39, 0x6C, 0x65, 0x71, 0x1B, 0xC3, 0x00,
    0xE8, 0x00, 0xFD, 0x66, 0xA4, 0x86, 0x23, 0x52, 0xC3, 0x23, 0x74, 0x31, 0x9C, 0x9E, 0x1B, 0x0E,
    0xCF, 0x0D, 0x07, 0xE7, 0x86, 0x8F, 0x58, 0x62, 0x38, 0x33, 0x37, 0x1C, 0x99, 0x1B, 0x4E, 0xCC,
    0x0D, 0x03, 0x3E, 0xAD, 0x8F, 0x5B, 0xC4, 0xB0, 0x05, 0xB5, 0x78, 0xA1, 0xA0, 0x26, 0x08, 0xB6,
    0xC0, 0xAB, 0x37, 0x08, 0x7C, 0xE5, 0x48, 0xD0, 0x22, 0x40, 0x50, 0x4B, 0x03, 0x04, 0x0A, 0x00,
    0x00, 0x80, 0x06, 0x00, 0xB5, 0x95, 0x6B, 0x1B, 0xEC, 0x43, 0x0C, 0x00, 0x00, 0x00, 0x14, 0x00,
    0x00, 0x00, 0x9E, 0x06, 0x00, 0x00, 0x78, 0x02, 0x00, 0x00, 0x6A, 0x0A, 0x00, 0x00, 0x01, 0x00,
    0x00, 0x00, 0x0F, 0x00, 0x12, 0x03, 0x24, 0x15, 0x36, 0x27, 0x38, 0x39, 0x6A, 0x7B, 0x4C, 0x9D,
    0x6E, 0x1F, 0x09, 0x06, 0x01, 0x13, 0x34, 0xE5, 0xF6, 0x96, 0xF7, 0x11, 0x0C, 0xBB, 0x64, 0x03,
    0xC3, 0x33, 0x38, 0x76, 0xA4, 0x03, 0x86, 0x47, 0x4B, 0x60, 0xF8, 0xE2, 0x00, 0x15, 0x02, 0xBC,
    0x19, 0x90, 0x2E, 0xC0, 0xB9, 0x00, 0xD7, 0x02, 0x14, 0x08, 0x90, 0x65, 0x40, 0x23, 0xC5, 0x2A,
    0xB0, 0x48, 0xB1, 0xAF, 0x24, 0x48, 0xA4, 0x58, 0x0B, 0x0E, 0x29, 0x76, 0x95, 0x07, 0x85, 0x14,
    0x2B, 0xC2, 0x20, 0xC5, 0x9E, 0x52, 0x21, 0x90, 0x62, 0x47, 0xD9, 0xD0, 0x47, 0xB1, 0x3E, 0xE4,
    0x51, 0xEC, 0x27, 0x23, 0xEE, 0x28, 0x76, 0x93, 0x14, 0x73, 0x14, 0x7B, 0x49, 0x8C, 0x36, 0x01,
    0x68, 0x3D, 0xC5, 0x80, 0x0F, 0x37, 0xCE, 0x0C, 0xE0, 0xF5, 0x13, 0x03, 0x0A, 0x0C, 0xC8, 0xF0,
    0x63, 0x4B, 0x02, 0xD1, 0x4F, 0x1C, 0xC8, 0x90, 0xE4, 0x49, 0x03, 0xC7, 0x4B, 0x24, 0xA8, 0x50,
    0xE5, 0x47, 0x05, 0xC7, 0x43, 0x34, 0x88, 0x50, 0x26, 0xC5, 0x07, 0xC7, 0x2F, 0x0C, 0x38, 0xF0,
    0xA0, 0xC1, 0x2B, 0xC7, 0x33, 0x0C, 0x18, 0x10, 0x61, 0x41, 0x2C, 0xFF, 0x2B, 0x40, 0x9E, 0x6B,
    0x80, 0xEA, 0xD1, 0x0C, 0xCF, 0xF0, 0xCC, 0x30, 0x56, 0x3D, 0xC0, 0x80, 0x0B, 0x8A, 0x55, 0x60,
    0x42, 0x34, 0xC5, 0x06, 0x7F, 0x9A, 0xEA, 0xE0, 0x2A, 0xD9, 0xD5, 0xCC, 0x57, 0xEC, 0x66, 0x0B,
    0x14, 0x6B, 0x58, 0x05, 0xC5, 0xAA, 0x35, 0x42, 0xB1, 0x5A, 0xAD, 0x50, 0xAC, 0x51, 0x35, 0x14,
    0xEB, 0x52, 0x90, 0x08, 0xD4, 0xEC, 0x09, 0x11, 0xD6, 0x2C, 0x71, 0xCC, 0x2F, 0x8E, 0x44, 0x89,
    0xC0, 0xCE, 0x9E, 0xF0, 0x63, 0x42, 0x81, 0x10, 0x92, 0xB1, 0xFC, 0x92, 0x01, 0xFF, 0x97, 0x4C,
    0x7B, 0x54, 0x90, 0xAC, 0x05, 0x92, 0x9D, 0xE1, 0xC1, 0x05, 0xCB, 0x8C, 0x75, 0xAD, 0x7B, 0x85,
    0x05, 0x12, 0xAF, 0x66, 0x7E, 0xA0, 0xD9, 0x07, 0x06, 0x2C, 0xC8, 0xE0, 0xF9, 0x01, 0xCF, 0x68,
    0x81, 0x02, 0x09, 0x3A, 0x24, 0x40, 0x7A, 0x2F, 0x68, 0xC7, 0x60, 0x6F, 0x03, 0xDF, 0x3D, 0xDF,
    0x21, 0x6A, 0x66, 0x74, 0xFB, 0x0B, 0x3D, 0x70, 0x07, 0x5D, 0x48, 0x30, 0x62, 0x40, 0x29, 0x8D,
    0x6F, 0x9D, 0xB7, 0x99, 0xDD, 0x97, 0x61, 0xC0, 0x0F, 0x44, 0xED, 0x08, 0x03, 0xAA, 0x49, 0xDB,
    0xEA, 0x8A, 0x28, 0x1F, 0xC8, 0xE5, 0x59, 0x25, 0x66, 0x79, 0x56, 0x90, 0x09, 0x17, 0x1E, 0x88,
    0x9D, 0x92, 0x73, 0x6B, 0x11, 0x4D, 0xBE, 0xC0, 0x6F, 0xB7, 0xDA, 0x9E, 0x70, 0xE7, 0x81, 0xA4,
    0x2A, 0xBE, 0x27, 0xC1, 0x00, 0x85, 0xA5, 0x06, 0x89, 0x14, 0xA6, 0xDD, 0xF6, 0x18, 0x01, 0xEA,
    0x05, 0x98, 0x11, 0x40, 0x64, 0x29, 0x40, 0x8B, 0x03, 0x8A, 0xF5, 0xA2, 0x80, 0x62, 0xC5, 0x30,
    0xDE, 0xD7, 0x9E, 0x61, 0x18, 0xF0, 0x4B, 0x67, 0x16, 0xD8, 0x68, 0xCE, 0x52, 0x27, 0xBB, 0x0C,
    0x7F, 0x58, 0x60, 0xCF, 0x2A, 0x91, 0x40, 0xB1, 0xA4, 0x7A, 0xC5, 0x4A, 0x51, 0x40, 0xF1, 0x20,
    0x01, 0x3E, 0x04, 0xC8, 0x16, 0x20, 0x5C, 0x80, 0x4D, 0x01, 0x8A, 0x99, 0x92, 0x0A, 0x5C, 0x52,
    0xAC, 0x09, 0x2A, 0x55, 0x01, 0x46, 0xB8, 0x35, 0x39, 0x7A, 0x1A, 0xC5, 0x0A, 0xB2, 0x45, 0xB1,
    0xA2, 0x2C, 0x51, 0xAC, 0x2F, 0x3D, 0x14, 0xEB, 0x4D, 0x0B, 0xC5, 0xEA, 0xF3, 0x41, 0xB1, 0x1A,
    0x3D, 0x90, 0x44, 0x6D, 0x32, 0x0C, 0xF8, 0x89, 0xB8, 0x1D, 0x66, 0x87, 0xBB, 0x95, 0x65, 0x88,
    0x62, 0xC0, 0xA7, 0xAE, 0x14, 0x51, 0x0C, 0x78, 0x62, 0x86, 0x41, 0x22, 0x2E, 0x47, 0xA2, 0xEC,
    0x33, 0x76, 0xAF, 0x9F, 0xE7, 0x6F, 0x01, 0x04, 0xBC, 0xBD, 0x64, 0xAB, 0xC1, 0x19, 0xC5, 0xDA,
    0x90, 0x45, 0xB1, 0x56, 0x24, 0x91, 0x7A, 0x1C, 0x44, 0x31, 0xE0, 0x8A, 0x33, 0x1E, 0x48, 0x0A,
    0x70, 0xA3, 0x18, 0x43, 0x14, 0x03, 0x6E, 0x98, 0x89, 0xE9, 0x0D, 0x10, 0x37, 0x40, 0xB7, 0x00,
    0xDB, 0x00, 0xF4, 0xA2, 0x75, 0xA0, 0x9A, 0x62, 0x5D, 0x50, 0xAB, 0x5C, 0xE2, 0x96, 0x62, 0xD5,
    0x38, 0xA5, 0xA2, 0x3A, 0xC0, 0x90, 0x04, 0x11, 0xA4, 0x42, 0x5E, 0x13, 0xC7, 0xA7, 0xF2, 0x17,
    0x9F, 0xCA, 0x4F, 0x14, 0xEB, 0x93, 0x5B, 0xE5, 0x57, 0x6E, 0x95, 0x83, 0x6D, 0x50, 0xAC, 0x68,
    0x0B, 0xDC, 0xAA, 0xB6, 0x19, 0x06, 0x3C, 0xE2, 0x81, 0x80, 0xE3, 0x19, 0xA9, 0x0C, 0x1F, 0x92,
    0xC9, 0x30, 0xE0, 0x93, 0xF2, 0x74, 0x48, 0x05, 0x2B, 0x7E, 0x50, 0x4B, 0x03, 0x04, 0x0A, 0x00,
    0x00, 0x80, 0x06, 0x00, 0xB5, 0x95, 0x6B, 0x1B, 0x97, 0xCA, 0x08, 0x00, 0x00, 0x00, 0x0C, 0x00,
    0x00, 0x00, 0x58, 0x01, 0x00, 0x00, 0x9A, 0x04, 0x00, 0x00, 0x01, 0x00, 0x00, 0x00, 0x0F, 0x00,
    0x12, 0x03, 0x24, 0x15, 0x36, 0x27, 0x38, 0x39, 0x6A, 0x7B, 0x4C, 0x9D, 0x6E, 0x1F, 0x09, 0x06,
    0x01, 0x13, 0x34, 0xE5, 0xF6, 0x96, 0xF7, 0x09, 0x0C, 0x3B, 0x82, 0x61, 0x57, 0x1B, 0x60, 0x78,
    0x15, 0xC7, 0xFE, 0x33, 0x60, 0x4E, 0x80, 0x16, 0x03, 0xEA, 0x04, 0x28, 0x40, 0xF9, 0xFF, 0x00,
    0x2F, 0x14, 0x1F, 0xA0, 0x78, 0x0B, 0xC5, 0x0B, 0x28, 0xBE, 0x42, 0xF1, 0x03, 0x7B, 0x52, 0x14,
    0x56, 0x3C, 0xC1, 0x9E, 0x45, 0x21, 0x15, 0x5F, 0x90, 0xA7, 0xD6, 0x3D, 0xC5, 0x1B, 0xE4, 0x99,
    0xA5, 0xD8, 0x0F, 0xEE, 0xC4, 0xCA, 0xA7, 0x78, 0x84, 0x3A, 0x8A, 0xF9, 0xCE, 0x2B, 0xC5, 0x9E,
    0x50, 0xA7, 0xD5, 0x3E, 0xC5, 0x2B, 0xD4, 0x59, 0xA5, 0xD8, 0x17, 0xE6, 0x28, 0x56, 0x86, 0x39,
    0xA7, 0xFA, 0x29, 0xBE, 0x21, 0x8E, 0x62, 0x75, 0x78, 0xA3, 0x58, 0x1F, 0xDE, 0x8C, 0xFA, 0xA7,
    0x78, 0x88, 0x36, 0x8A, 0x35, 0xA2, 0x4D, 0x28, 0xC5, 0xFC, 0x29, 0xA0, 0xE2, 0x25, 0xD6, 0x28,
    0xD6, 0x89, 0x35, 0x9B, 0x06, 0x2A, 0x9E, 0x22, 0x8D, 0x62, 0xAD, 0x48, 0x93, 0x49, 0xB1, 0x5B,
    0x9C, 0xB9, 0x54, 0x50, 0xF1, 0x17, 0x67, 0x2A, 0x29, 0x76, 0x8C, 0x32, 0x8A, 0x35, 0x63, 0xCC,
    0xA4, 0x83, 0x8A, 0x5D, 0x26, 0x92, 0x62, 0xD7, 0x18, 0xA3, 0x58, 0x37, 0xC6, 0x34, 0x4A, 0xA8,
    0x78, 0x8E, 0x30, 0x8A, 0xB5, 0x23, 0xCC, 0x22, 0xC5, 0xEE, 0xF1, 0x25, 0xD1, 0x42, 0xC5, 0x7F,
    0x74, 0x51, 0xAC, 0x20, 0x5D, 0x0A, 0x35, 0x54, 0x7C, 0xC8, 0x16, 0xC5, 0xDC, 0x65, 0x90, 0x62,
    0x17, 0xD9, 0x12, 0xE8, 0xA1, 0xE2, 0x47, 0xB6, 0xFC, 0x51, 0xEC, 0x24, 0x59, 0x14, 0x6B, 0xC9,
    0x95, 0x3E, 0x11, 0x15, 0x6F, 0x72, 0x65, 0x8F, 0x62, 0x3F, 0xA9, 0xA2, 0x58, 0x51, 0xAA, 0xDC,
    0x99, 0xA8, 0xF8, 0x94, 0x29, 0x8A, 0x55, 0x25, 0x8A, 0x62, 0x9E, 0x32, 0xA7, 0xA2, 0xE2, 0x57,
    0xA2, 0x28, 0x56, 0x96, 0x28, 0x6F, 0x2E, 0x2A, 0xBE, 0xE5, 0x89, 0x62, 0x75, 0x79, 0xD2, 0x46,
    0xB1, 0xBF, 0x34, 0x59, 0x93, 0x51, 0xF1, 0x30, 0x4B, 0x14, 0x6B, 0x4C, 0x12, 0xC5, 0x61, 0x71,
    0x45, 0xC3, 0xE4, 0xE2, 0xC5, 0xCF, 0xC2, 0xC8, 0x8F, 0x03, 0x8C, 0x0B, 0x10, 0x39, 0x00, 0x38,
    0x7A, 0x9C, 0x61, 0xC0, 0xC3, 0x07, 0x84, 0x33, 0x0C, 0x78, 0x4D, 0x81, 0x6F, 0x86, 0x01, 0xAF,
    0x39, 0xD0, 0xCD, 0x30, 0xE0, 0xC7, 0x50, 0x4B, 0x03, 0x04, 0x0A, 0x00, 0x00, 0x80, 0x06, 0x00,
    0xB5, 0x95, 0x6B, 0x1B, 0xDB, 0x11, 0x08, 0x00, 0x00, 0x00, 0x0C, 0x00, 0x00, 0x00, 0xC8, 0x02,
    0x00, 0x00, 0x1C, 0x08, 0x00, 0x00, 0x01, 0x00, 0x00, 0x00, 0x0F, 0x00, 0x12, 0x03, 0x24, 0x15,
    0x36, 0x27, 0x38, 0x39, 0x6A, 0x7B, 0x4C, 0x9D, 0x6E, 0x1F, 0x09, 0x06, 0x01, 0x13, 0x34, 0xE5,
    0xF6, 0x96, 0xF7, 0x09, 0x0C, 0x3B, 0x83, 0x61, 0x27, 0x3E, 0x60, 0x78, 0xAD, 0x05, 0xA2, 0x15,
    0x24, 0x40, 0x8B, 0x00, 0x7B, 0x03, 0xBC, 0x08, 0xD0, 0x33, 0x40, 0x01, 0xCC, 0x07, 0xB4, 0x50,
    0x0C, 0xE8, 0x02, 0x2B, 0x14, 0x03, 0xE0, 0x07, 0x52, 0x28, 0x06, 0xB0, 0x04, 0x27, 0x14, 0x03,
    0xE0, 0x0B, 0x4A, 0x28, 0x06, 0x60, 0x1B, 0x8C, 0x50, 0x0C, 0x00, 0x7D, 0x10, 0x42, 0x31, 0x80,
    0x45, 0xF8, 0xA0, 0x18, 0x80, 0x9D, 0xD0, 0x41, 0x31, 0x80, 0x55, 0xD8, 0xA0, 0x18, 0xCC, 0x35,
    0x75, 0xB4, 0x51, 0xBE, 0x1F, 0x0C, 0x78, 0x10, 0x41, 0xB3, 0x42, 0x3C, 0x50, 0xAC, 0x11, 0x0D,
    0x14, 0xAB, 0xC4, 0x02, 0xC5, 0x40, 0x88, 0xF7, 0x84, 0x01, 0x11, 0x4C, 0x83, 0x6E, 0x18, 0x90,
    0x60, 0x81, 0x7F, 0xA2, 0xD9, 0x15, 0x06, 0x34, 0x70, 0xCC, 0x1F, 0x06, 0x0C, 0xF0, 0x34, 0x7F,
    0x10, 0x36, 0x5C, 0x31, 0x20, 0xFD, 0x4D, 0x15, 0x03, 0xE9, 0x2A, 0xC0, 0x28, 0x06, 0xE0, 0x27,
    0x12, 0x28, 0x06, 0xC0, 0x53, 0x1C, 0x50, 0x0C, 0xC0, 0xAE, 0x28, 0xA0, 0x18, 0x80, 0x6D, 0x31,
    0x40, 0x31, 0x00, 0x25, 0x38, 0xC4, 0x68, 0x18, 0x32, 0x40, 0xB5, 0x71, 0x56, 0xC3, 0xE9, 0x4E,
    0xC3, 0x09, 0x4E, 0xC3, 0x91, 0x7E, 0xE9, 0x2B, 0x4C, 0xF0, 0x57, 0x83, 0xBE, 0x51, 0x80, 0x2D,
    0x01, 0x0E, 0x06, 0x28, 0x12, 0xA0, 0x8F, 0x7D, 0xC3, 0x42, 0x99, 0xAD, 0x0E, 0x07, 0x46, 0x28,
    0x06, 0x96, 0xA1, 0x81, 0xC8, 0xD1, 0x05, 0xA5, 0xC7, 0x15, 0x2E, 0x6C, 0x50, 0x8C, 0x4E, 0xD8,
    0x90, 0x41, 0x31, 0xC0, 0x5E, 0x10, 0xBA, 0x6C, 0x9F, 0x6E, 0x58, 0x10, 0x42, 0xD6, 0x60, 0x13,
    0x34, 0xCD, 0x1B, 0x2E, 0x28, 0x76, 0x84, 0x11, 0x13, 0x14, 0xA3, 0x13, 0x3E, 0x54, 0x70, 0x8D,
    0x5E, 0xB8, 0xE0, 0x68, 0x35, 0x78, 0x21, 0x0D, 0x4A, 0x90, 0x43, 0x96, 0x54, 0xE0, 0x87, 0x37,
    0xF3, 0x10, 0xC5, 0x1C, 0x44, 0xB4, 0x06, 0xDC, 0xF0, 0x78, 0x3A, 0xB0, 0xA2, 0x82, 0xB2, 0x51,
    0xC5, 0x20, 0x3B, 0x24, 0x50, 0x0C, 0xE8, 0x0F, 0x07, 0x14, 0x73, 0x82, 0x0F, 0x8A, 0x01, 0x13,
    0xE2, 0x80, 0x62, 0xD0, 0x04, 0x1D, 0x5C, 0xB6, 0xED, 0xD7, 0xDA, 0xA5, 0xD5, 0xF1, 0x0D, 0x09,
    0x0E, 0x3C, 0x50, 0x3B, 0x9D, 0xF5, 0x82, 0xE7, 0x4E, 0xFB, 0x81, 0x03, 0x05, 0x12, 0x68, 0x25,
    0x4F, 0x60, 0x7C, 0x00, 0x37, 0xD6, 0x55, 0xC9, 0x23, 0x14, 0x28, 0x50, 0x60, 0x43, 0x01, 0xDD,
    0x25, 0x5F, 0x20, 0x7B, 0x01, 0x51, 0x77, 0x97, 0x60, 0xD6, 0x13, 0x8E, 0x0D, 0x30, 0xC7, 0x90,
    0x67, 0x0D, 0x98, 0x11, 0x20, 0xBC, 0x47, 0xF4, 0x9F, 0x01, 0xF1, 0x02, 0x84, 0x0A, 0x30, 0x4F,
    0x2D, 0x71, 0x81, 0x4D, 0x8A, 0x01, 0xD8, 0x03, 0x99, 0x4C, 0x69, 0x02, 0xC3, 0xA0, 0xB2, 0x2F,
    0x00, 0xD5, 0x49, 0x8A, 0x41, 0xDA, 0xFE, 0xC0, 0x30, 0x89, 0x10, 0xC9, 0x30, 0x64, 0xC2, 0x23,
    0xC3, 0x48, 0x85, 0x46, 0x86, 0x91, 0x0B, 0x8B, 0x0C, 0x43, 0x32, 0x24, 0x32, 0x2C, 0x61, 0xF4,
    0x20, 0x4D, 0x96, 0x62, 0x58, 0x87, 0x3F, 0x07, 0x14, 0xA3, 0x1F, 0xFA, 0x28, 0xE6, 0x3D, 0x6A,
    0x4B, 0x21, 0xF2, 0x28, 0x46, 0x46, 0xD4, 0x59, 0xA0, 0x18, 0x2D, 0x11, 0xA7, 0x81, 0x62, 0xF4,
    0x44, 0x1B, 0xBB, 0xAE, 0x14, 0x6B, 0x14, 0x73, 0x1A, 0xAB, 0xA6, 0x15, 0x67, 0x14, 0x23, 0x2D,
    0xCA, 0x28, 0xD6, 0x8B, 0x2F, 0x56, 0x5F, 0x2F, 0xBA, 0x08, 0x3D, 0xC5, 0xD8, 0xA2, 0x58, 0x33,
    0xAE, 0x64, 0x50, 0x8C, 0xD6, 0x98, 0xE2, 0x72, 0x75, 0xE3, 0x89, 0xDA, 0x55, 0x8E, 0x25, 0xD2,
    0xA0, 0x1C, 0x49, 0x7C, 0xBE, 0x76, 0x14, 0x51, 0xBB, 0xEA, 0x11, 0x44, 0x6B, 0xEB, 0xC7, 0x0E,
    0x33, 0x5F, 0x43, 0x66, 0xC8, 0xB8, 0x2A, 0xB2, 0x62, 0x86, 0x62, 0x1F, 0x49, 0xA1, 0x58, 0x49,
    0x4E, 0x28, 0xD6, 0x92, 0x11, 0x35, 0x14, 0x2B, 0xC5, 0x0B, 0xD1, 0x6A, 0x61, 0x5C, 0x47, 0x62,
    0x68, 0xB8, 0x2A, 0x52, 0x43, 0x3D, 0xDF, 0x50, 0xAC, 0x20, 0x3B, 0x4E, 0x28, 0x46, 0x7F, 0xF4,
    0x50, 0xCC, 0x3F, 0x4A, 0xF8, 0x1A, 0x55, 0x4C, 0x77, 0x0C, 0x51, 0x0C, 0x96, 0xA3, 0x88, 0x62,
    0x3E, 0x32, 0x42, 0x31, 0xF8, 0x8D, 0x24, 0x8A, 0x01, 0x5D, 0x63, 0x89, 0x62, 0x6E, 0x12, 0x42,
    0x31, 0x3A, 0xE3, 0x89, 0x62, 0x8E, 0xF2, 0x41, 0x31, 0x78, 0x8C, 0x2A, 0xEA, 0xAC, 0x18, 0x57,
    0x04, 0x49, 0x31, 0xB2, 0x64, 0x50, 0x26, 0x54, 0x31, 0x6D, 0x11, 0xC6, 0x9D, 0xD4, 0x62, 0xCC,
    0x04, 0x4F, 0x44, 0x9D, 0x91, 0x9E, 0x78, 0x23, 0x8F, 0x0A, 0x71, 0x67, 0x81, 0x31, 0x80, 0x97,
    0xB8, 0x63, 0x0F, 0x4A, 0xD1, 0x46, 0x60, 0x2B, 0x45, 0x94, 0x03, 0x74, 0xE7, 0x01, 0xA1, 0xAD,
    0x12, 0x0D, 0xF8, 0xDE, 0x03, 0x60, 0xE7, 0x08, 0x69, 0x12, 0xBA, 0x2B, 0xD6, 0x95, 0x09, 0x39,
    0x02, 0x04, 0x50, 0x4B, 0x03, 0x04, 0x0A, 0x00, 0x00, 0x80, 0x06, 0x00, 0xB5, 0x95, 0x6B, 0x1B,
    0x90, 0x74, 0x08, 0x00, 0x00, 0x00, 0x0C, 0x00, 0x00, 0x00, 0x05, 0x02, 0x00, 0x00, 0x76, 0x07,
    0x00, 0x00, 0x01, 0x00, 0x00, 0x00, 0x0F, 0x00, 0x12, 0x03, 0x24, 0x15, 0x36, 0x27, 0x38, 0x39,
    0x6A, 0x7B, 0x4C, 0x9D, 0x6E, 0x1F, 0x09, 0x06, 0x01, 0x13, 0x34, 0xE5, 0xF6, 0x96, 0xF7, 0x09,
    0x0C, 0x3B, 0x83, 0x61, 0x67, 0x2B, 0x60, 0x78, 0xCA, 0x05, 0x86, 0x17, 0x18, 0x70, 0x25, 0xC0,
    0x9F, 0x01, 0x1F, 0x03, 0xF4, 0x09, 0xB0, 0xCC, 0xF2, 0x00, 0x39, 0x16, 0xEC, 0x50, 0xEC, 0x1A,
    0x13, 0x6E, 0x28, 0xF6, 0x8C, 0x0B, 0x35, 0x14, 0x3B, 0xC6, 0x86, 0x19, 0x8A, 0xFD, 0xA2, 0x83,
    0x62, 0xB5, 0xF8, 0xA0, 0x18, 0x40, 0x77, 0xB0, 0xAF, 0x16, 0x1B, 0x1C, 0xAD, 0x16, 0x19, 0x72,
    0x28, 0x46, 0x2E, 0xF8, 0x5A, 0x2F, 0x2A, 0x28, 0xE6, 0x09, 0x3D, 0x7C, 0xAD, 0x08, 0x8A, 0x35,
    0x23, 0x82, 0x68, 0xC5, 0xA8, 0x90, 0x43, 0xD0, 0x68, 0x8A, 0x13, 0x2F, 0x14, 0xFB, 0x44, 0x0A,
    0xC5, 0xBC, 0xA2, 0x85, 0x62, 0x97, 0x68, 0xA1, 0x18, 0xBE, 0xC2, 0xB5, 0x4A, 0x9C, 0x90, 0xAE,
    0x12, 0x25, 0x6A, 0x88, 0x1B, 0x7D, 0x91, 0x41, 0xDC, 0x1A, 0xF1, 0xC2, 0xB8, 0x46, 0xCC, 0x48,
    0xA1, 0x18, 0x2D, 0x10, 0x45, 0x31, 0xA7, 0x89, 0xA0, 0xD8, 0x07, 0xD6, 0x34, 0x50, 0xAC, 0x36,
    0x0B, 0x14, 0x3B, 0xC1, 0x9B, 0x03, 0x8A, 0x35, 0x67, 0x40, 0x00, 0xC1, 0x13, 0xD4, 0x31, 0x0C,
    0x39, 0x70, 0xC7, 0x30, 0x4C, 0xBC, 0x4D, 0x5B, 0x31, 0x60, 0xE6, 0x14, 0x50, 0x0C, 0xB0, 0x05,
    0xEA, 0x28, 0x86, 0xCF, 0x39, 0xA0, 0x18, 0x00, 0x8F, 0x93, 0x40, 0x31, 0x3A, 0x60, 0x8E, 0x62,
    0x24, 0x40, 0x1D, 0xC5, 0x40, 0xCD, 0x59, 0xA0, 0x18, 0x7C, 0x40, 0x1C, 0xC5, 0x00, 0x23, 0x4C,
    0x44, 0x31, 0x60, 0x2C, 0xF5, 0xC0, 0x82, 0x0E, 0x45, 0x1C, 0x73, 0x82, 0x16, 0x37, 0x1C, 0x73,
    0x81, 0x26, 0x19, 0x1E, 0xE8, 0xF6, 0x99, 0x04, 0x8A, 0x21, 0x66, 0x57, 0xE3, 0x02, 0x3C, 0x0C,
    0x50, 0x2E, 0x40, 0x44, 0xD1, 0x6E, 0x70, 0x6A, 0x86, 0x62, 0xC0, 0x3C, 0x28, 0xA5, 0x18, 0x50,
    0xA7, 0x62, 0x28, 0x06, 0x8F, 0x50, 0x4A, 0x31, 0xE0, 0x0F, 0x8E, 0x7C, 0x42, 0xA9, 0x10, 0x0B,
    0x0A, 0x38, 0xE6, 0x0F, 0x0F, 0x1C, 0x9E, 0x03, 0x54, 0x18, 0xD5, 0x21, 0xC1, 0x00, 0xA4, 0x95,
    0x70, 0xC9, 0xDE, 0x50, 0x41, 0xF1, 0x0B, 0xA1, 0x14, 0x3F, 0x60, 0x59, 0x0F, 0xCC, 0xD9, 0xB4,
    0xFC, 0xD6, 0x86, 0x08, 0x05, 0x1C, 0x53, 0xCF, 0xA4, 0x43, 0x03, 0xC7, 0x3C, 0x2C, 0x82, 0x63,
    0xFA, 0xAC, 0xC0, 0x03, 0xAD, 0xAF, 0x00, 0xE1, 0x14, 0x03, 0xCE, 0x33, 0x6E, 0x80, 0x62, 0xC0,
    0x49, 0x05, 0x67, 0xBA, 0x0D, 0x03, 0xBE, 0xE0, 0x4F, 0x68, 0x37, 0x8B, 0xC9, 0xD7, 0x4C, 0xB6,
    0x02, 0x4C, 0x9B, 0xA0, 0x58, 0xCD, 0x32, 0x28, 0x56, 0xB2, 0x0E, 0x8A, 0x35, 0x6C, 0x84, 0x62,
    0xFD, 0x3A, 0xA1, 0x58, 0xB9, 0xE4, 0xAA, 0x02, 0xD4, 0xF2, 0xB8, 0x0A, 0x10, 0x4B, 0xA4, 0x68,
    0x41, 0x28, 0x99, 0xAC, 0x0D, 0x8D, 0x7E, 0xB8, 0x44, 0xB5, 0x29, 0xA2, 0xD8, 0x45, 0xB2, 0x24,
    0x51, 0xEC, 0x2C, 0x3F, 0x9E, 0x28, 0x76, 0x9B, 0x12, 0x55, 0x14, 0xFB, 0x4F, 0x84, 0x2B, 0x3E,
    0xCB, 0x46, 0xFB, 0x54, 0x56, 0x0F, 0x10, 0x27, 0x40, 0x27, 0x8B, 0xA3, 0x27, 0x13, 0x14, 0x03,
    0x7E, 0xD1, 0xA4, 0x82, 0x62, 0xC0, 0x3B, 0xDC, 0x0D, 0xD4, 0x80, 0x33, 0x5A, 0x85, 0xCB, 0x2C,
    0x50, 0x8C, 0x7C, 0xD1, 0x08, 0xB5, 0xE0, 0x8A, 0x62, 0xC0, 0xE5, 0xBA, 0xD8, 0xF9, 0xFC, 0x45,
    0x71, 0xB9, 0xEB, 0x36, 0x2E, 0x9E, 0x44, 0x02, 0x2E, 0x23, 0xCC, 0x3C, 0xC6, 0x28, 0x29, 0x40,
    0x18, 0xE7, 0x1A, 0xB0, 0x45, 0x94, 0xB4, 0x22, 0xC6, 0x85, 0x00, 0x50, 0x4B, 0x03, 0x04, 0x0A,
    0x00, 0x00, 0x80, 0x06, 0x00, 0xB6, 0x95, 0x6B, 0x1B, 0x83, 0xA9, 0x0C, 0x00, 0x00, 0x00, 0x14,
    0x00, 0x00, 0x00, 0x58, 0x0A, 0x00, 0x00, 0xF2, 0x03, 0x00, 0x00, 0x8C, 0x0E, 0x00, 0x00, 0x01,
    0x00, 0x00, 0x00, 0x0F, 0x00, 0x12, 0x03, 0x24, 0x15, 0x36, 0x27, 0x38, 0x39, 0x6A, 0x7B, 0x4C,
    0x9D, 0x6E, 0x1F, 0x09, 0x06, 0x01, 0x13, 0x34, 0xE5, 0xF6, 0x96, 0xF7, 0x11, 0x0C, 0x3B, 0x53,
    0x05, 0xC3, 0x53, 0x38, 0x76, 0xC1, 0x01, 0x86, 0x77, 0x3C, 0x60, 0x78, 0x87, 0x04, 0x86, 0x07,
    0x6E, 0x60, 0x78, 0x8F, 0x01, 0x7D, 0x02, 0xFC, 0x19, 0xD0, 0x2E, 0x40, 0x91, 0x00, 0x73, 0x02,
    0x14, 0x08, 0x50, 0xA2, 0x40, 0x07, 0xC5, 0x1E, 0x71, 0x40, 0x31, 0xD8, 0x87, 0x06, 0x1B, 0x14,
    0x7B, 0x43, 0x85, 0x0B, 0x8A, 0x75, 0x81, 0xD2, 0x15, 0xCF, 0x90, 0x41, 0x31, 0x7C, 0xC3, 0x04,
    0xC5, 0xBE, 0xD0, 0x41, 0xB1, 0x2A, 0x84, 0x88, 0xA0, 0x58, 0x1F, 0x2C, 0x73, 0x07, 0xDD, 0x7C,
    0x41, 0x3D, 0x4F, 0xC8, 0xE0, 0x68, 0x2D, 0xD0, 0xB4, 0x42, 0x1C, 0xF8, 0xA0, 0x18, 0xDD, 0xF0,
    0x40, 0xB4, 0x2A, 0x6C, 0x30, 0xAE, 0x08, 0x21, 0xBC, 0x6B, 0xC2, 0x08, 0x41, 0x6B, 0x42, 0x08,
    0x41, 0x23, 0x8A, 0x69, 0x82, 0x1A, 0xE4, 0x8A, 0xAF, 0x03, 0x86, 0x00, 0xB2, 0x8B, 0x18, 0xA6,
    0x96, 0x75, 0xE0, 0x87, 0xEC, 0x0B, 0x6E, 0x14, 0x10, 0xAF, 0x14, 0x0B, 0x84, 0x8D, 0x2A, 0x26,
    0x09, 0x3E, 0x28, 0x06, 0xEF, 0xB0, 0x40, 0x31, 0x00, 0x93, 0x20, 0x84, 0x2C, 0xEB, 0x81, 0x62,
    0x35, 0xF8, 0x60, 0x48, 0x85, 0xED, 0x04, 0x05, 0x16, 0x10, 0x3E, 0xE0, 0x80, 0xB7, 0x6A, 0x6A,
    0x83, 0x07, 0x0B, 0x0A, 0x14, 0x38, 0xE0, 0xAC, 0x92, 0x1F, 0x78, 0x30, 0xE1, 0x80, 0xEC, 0x0D,
    0x24, 0xBB, 0x80, 0x34, 0x95, 0x6C, 0xC7, 0xAD, 0xE5, 0x05, 0xC2, 0x5C, 0xFA, 0x03, 0xF2, 0xFD,
    0xE2, 0x80, 0x28, 0x2B, 0x46, 0x01, 0xC5, 0xDB, 0x9A, 0xAF, 0x8D, 0x0E, 0x17, 0xA0, 0x62, 0x80,
    0x6B, 0x96, 0xEC, 0x5E, 0x59, 0x0C, 0x9F, 0x33, 0xCA, 0xF0, 0x37, 0xA7, 0x74, 0xFF, 0xC2, 0xEA,
    0xA9, 0xAC, 0x07, 0x3D, 0x01, 0xAD, 0xAF, 0x72, 0xFC, 0xCA, 0x80, 0x06, 0x03, 0x06, 0xB4, 0x2A,
    0xE0, 0x58, 0xB1, 0x34, 0xAF, 0x32, 0x80, 0xD9, 0x0B, 0xCC, 0xD2, 0xDC, 0xF1, 0x01, 0xBD, 0x14,
    0x53, 0xF3, 0xAB, 0x04, 0x33, 0x0C, 0x89, 0x52, 0xCC, 0xF0, 0x27, 0xC7, 0x0C, 0x03, 0xA9, 0xFE,
    0x13, 0x41, 0xFF, 0x25, 0x79, 0x16, 0xF9, 0xEE, 0x92, 0x4B, 0xF3, 0x30, 0x23, 0x06, 0x44, 0x52,
    0x3C, 0xCD, 0x84, 0x07, 0x8D, 0x3C, 0x5F, 0xB4, 0xC8, 0xF0, 0x47, 0x87, 0x0C, 0x9F, 0x34, 0xC8,
    0xF0, 0x4A, 0x81, 0x0C, 0x83, 0xBC, 0xF4, 0xC7, 0x30, 0xCD, 0xD4, 0xC7, 0x30, 0xB2, 0x69, 0x8F,
    0x61, 0xDA, 0x29, 0x8F, 0x61, 0xE4, 0xD3, 0x1D, 0xC3, 0x74, 0xD4, 0x1C, 0xC3, 0x4B, 0xC5, 0x31,
    0x4C, 0x4F, 0xBD, 0x31, 0x4C, 0x53, 0xB5, 0x31, 0x7C, 0xD5, 0x1A, 0xC3, 0x5B, 0xA5, 0x71, 0x2C,
    0x79, 0x0F, 0x25, 0x88, 0x55, 0x3B, 0x54, 0x1D, 0xED, 0xD4, 0x70, 0x7F, 0x70, 0x83, 0x4A, 0x71,
    0x14, 0x1F, 0x10, 0x61, 0x92, 0x62, 0xAE, 0xF4, 0x86, 0xE8, 0xB8, 0xC2, 0x9E, 0x02, 0x17, 0xDA,
    0x38, 0x56, 0x9F, 0x05, 0x11, 0xD6, 0x38, 0x76, 0x86, 0x3D, 0xDE, 0xD8, 0xB1, 0x07, 0x38, 0x5E,
    0xA1, 0x40, 0x1A, 0xE5, 0xE9, 0xDE, 0x3E, 0x7F, 0x14, 0xEB, 0x4F, 0x1F, 0xFD, 0xBE, 0x30, 0x28,
    0x8F, 0x62, 0x57, 0x28, 0xA4, 0x98, 0x0F, 0xDD, 0x51, 0xEC, 0x09, 0x8B, 0xEA, 0x28, 0x76, 0x84,
    0x46, 0xC6, 0x76, 0x81, 0x88, 0x86, 0x01, 0x6F, 0x38, 0xF0, 0x50, 0xD6, 0x0F, 0x74, 0x89, 0x32,
    0x46, 0xB1, 0x83, 0x14, 0x5A, 0xA2, 0xD8, 0x2F, 0x4E, 0xED, 0x50, 0xEC, 0x10, 0xBF, 0x62, 0x28,
    0xF6, 0x85, 0x67, 0x2B, 0x14, 0x3B, 0xC2, 0xB6, 0x12, 0x8A, 0xFD, 0x20, 0x5D, 0x06, 0xC5, 0x6E,
    0x30, 0x2F, 0x82, 0x62, 0x2F, 0xC8, 0xD7, 0x40, 0xB1, 0x0B, 0x0C, 0x04, 0xFA, 0x03, 0x3C, 0x3C,
    0x60, 0x78, 0xC4, 0x02, 0xFD, 0x03, 0xDC, 0x11, 0xDB, 0x07, 0x7C, 0xD2, 0xB9, 0x03, 0xAC, 0xD0,
    0x79, 0x7E, 0x30, 0x40, 0xEA, 0xA9, 0x81, 0xD7, 0xE3, 0x06, 0x07, 0x3C, 0xB6, 0x16, 0x1C, 0xB0,
    0x2C, 0x8A, 0x5B, 0xB1, 0x0C, 0xBD, 0x80, 0x62, 0x84, 0x7A, 0xC5, 0x44, 0x52, 0x96, 0xB5, 0xD9,
    0xEE, 0x01, 0xF2, 0x89, 0xE3, 0x17, 0x0C, 0x43, 0x95, 0xFB, 0x80, 0xC9, 0x92, 0xC4, 0xA9, 0x58,
    0xC4, 0xAE, 0x73, 0xEC, 0x8C, 0x76, 0x36, 0x96, 0x69, 0xCA, 0xE7, 0x70, 0xBC, 0x2F, 0x40, 0x36,
    0xD1, 0xBE, 0x11, 0xA9, 0x86, 0xF6, 0xA0, 0x37, 0x58, 0x91, 0xA9, 0x85, 0x63, 0x3D, 0x48, 0xB1,
    0x69, 0x85, 0x63, 0x45, 0xF0, 0x3C, 0x85, 0x63, 0xE1, 0xCC, 0x8E, 0xC1, 0x2E, 0xAD, 0x70, 0x4C,
    0x2B, 0xB5, 0xF0, 0x8C, 0x9A, 0x6D, 0x47, 0x48, 0x31, 0x09, 0xEB, 0x14, 0xDE, 0xDB, 0x07, 0x3C,
    0x58, 0x21, 0xB9, 0xD4, 0x39, 0xE0, 0x84, 0x6E, 0x23, 0xEC, 0x2D, 0x26, 0xBD, 0x70, 0x6C, 0xA2,
    0x5D, 0xFF, 0x16, 0xAA, 0x52, 0xB3, 0x14, 0x8A, 0x15, 0x2D, 0x83, 0x28, 0xA9, 0x1A, 0xC2, 0xA9,
    0xD8, 0xD9, 0x1E, 0x28, 0xD6, 0xB7, 0x04, 0x8A, 0x9D, 0x20, 0x5C, 0x01, 0xC5, 0x7A, 0x67, 0xBF,
    0x62, 0x89, 0xB3, 0x12, 0xB4, 0x3B, 0xA0, 0x18, 0x30, 0x0B, 0xD6, 0x29, 0x06, 0x60, 0x1B, 0xA4,
    0x53, 0x0C, 0xD0, 0xEB, 0x0A, 0x28, 0x06, 0xA7, 0xF8, 0x15, 0x03, 0xB0, 0x11, 0xCE, 0x29, 0x06,
    0x60, 0x27, 0x94, 0x53, 0x0C, 0x80, 0x57, 0x18, 0xA7, 0x18, 0x80, 0xBD, 0x30, 0x6E, 0x80, 0x62,
    0x00, 0x22, 0x43, 0x38, 0xC5, 0x00, 0xEC, 0x86, 0x6F, 0x8A, 0x41, 0xBB, 0xE9, 0x5B, 0x1B, 0xB6,
    0xD9, 0xA2, 0x36, 0x5C, 0xD3, 0x38, 0xDA, 0x30, 0xED, 0x81, 0x62, 0x45, 0x93, 0x49, 0xEA, 0xB0,
    0xCC, 0x27, 0x50, 0x87, 0x63, 0x42, 0xBE, 0x3A, 0x14, 0x93, 0xF2, 0xD4, 0x21, 0x98, 0x5E, 0xE4,
    0x5F, 0x6E, 0x51, 0x29, 0x5E, 0x95, 0x50, 0xEC, 0x42, 0x51, 0x24, 0xEE, 0x99, 0xBE, 0xAE, 0x97,
    0xFC, 0x38, 0xC0, 0xD3, 0x00, 0x79, 0x3D, 0xB6, 0xC6, 0xB4, 0x53, 0x0C, 0xF8, 0x51, 0x8B, 0x91,
    0x8A, 0x01, 0x47, 0x1E, 0xA0, 0x0B, 0x36, 0x0C, 0xF8, 0xBF, 0x61, 0xC0, 0xA3, 0x9A, 0x0E, 0x30,
    0x8C, 0x43, 0xA8, 0xF9, 0x4E, 0xC7, 0x27, 0x39, 0x1B, 0xD7, 0x77, 0x46, 0xB8, 0xC0, 0x61, 0x9D,
    0x3C, 0xC7, 0x0E, 0x30, 0x2B, 0xC0, 0x14, 0x3B, 0xA3, 0x73, 0x33, 0x6E, 0x18, 0xF0, 0x8E, 0x19,
    0x21, 0x0C, 0x03, 0x9E, 0x12, 0x63, 0x84, 0x61, 0x98, 0x53, 0xE8, 0x06, 0x15, 0x14, 0xFB, 0x41,
    0x84, 0x09, 0x8A, 0x51, 0xD0, 0x23, 0x28, 0x46, 0x36, 0x2C, 0x70, 0xAD, 0x0C, 0x8A, 0xC1, 0x22,
    0x5C, 0x50, 0xCC, 0x15, 0x1A, 0x28, 0x46, 0xC0, 0x9C, 0x8A, 0x15, 0x41, 0x7D, 0x57, 0x8F, 0x30,
    0xC4, 0x30, 0x40, 0x7D, 0x0D, 0x70, 0x24, 0x40, 0x64, 0x0B, 0x71, 0x00, 0x21, 0x73, 0x14, 0x63,
    0x54, 0x0D, 0xC3, 0xE2, 0x47, 0xC7, 0x30, 0x89, 0x52, 0x0C, 0x38, 0x26, 0x1A, 0x3D, 0x40, 0x4C,
    0x9B, 0xEB, 0xAE, 0x2E, 0xD7, 0x76, 0xFA, 0x45, 0xEE, 0xAC, 0x17, 0x86, 0x01, 0x7F, 0x7E, 0xEC,
    0xF2, 0xF8, 0x91, 0x36, 0x79, 0x89, 0x2F, 0xA9, 0x80, 0x61, 0xC0, 0x4F, 0x74, 0xC1, 0x03, 0x54,
    0x0C, 0x29, 0x06, 0xC0, 0x03, 0x50, 0x4B, 0x03, 0x04, 0x0A, 0x00, 0x00, 0x80, 0x06, 0x00, 0xB6,
    0x95, 0x6B, 0x1B, 0xE5, 0x72, 0x0C, 0x00, 0x00, 0x00, 0x14, 0x00, 0x00, 0x00, 0x32, 0x09, 0x00,
    0x00, 0x96, 0x03, 0x00, 0x00, 0x2E, 0x0B, 0x00, 0x00, 0x01, 0x00, 0x00, 0x00, 0x0F, 0x00, 0x12,
    0x03, 0x24, 0x15, 0x36, 0x27, 0x38, 0x39, 0x6A, 0x7B, 0x4C, 0x9D, 0x6E, 0x1F, 0x09, 0x06, 0x01,
    0x13, 0x34, 0xE5, 0xF6, 0x96, 0xF7, 0x11, 0x0C, 0xBB, 0xC9, 0x04, 0xC3, 0x33, 0x38, 0x76, 0xE5,
    0x01, 0x86, 0x57, 0x79, 0x60, 0xF8, 0x75, 0xCB, 0xFE, 0x33, 0xA0, 0x59, 0x80, 0x55, 0x01, 0x9E,
    0x05, 0x38, 0x10, 0x60, 0xC3, 0x80, 0x01, 0x09, 0x46, 0x8C, 0x29, 0x20, 0x7C, 0x84, 0x10, 0x8A,
    0xD1, 0x0D, 0x0F, 0x14, 0x23, 0x1D, 0x1A, 0x28, 0xE6, 0x05, 0x21, 0xCA, 0xF0, 0xBF, 0x21, 0x92,
    0x61, 0x9A, 0x61, 0x92, 0x61, 0x90, 0x17, 0x2A, 0x19, 0x06, 0xBA, 0xC2, 0x25, 0xC3, 0x80, 0x9D,
    0x90, 0xC9, 0x30, 0x60, 0x23, 0x6C, 0x32, 0x0C, 0xF4, 0x83, 0x4E, 0x86, 0x01, 0xDB, 0xE0, 0x93,
    0x61, 0xC8, 0x82, 0x50, 0x86, 0x01, 0x99, 0x60, 0x94, 0x61, 0xA0, 0x0F, 0x94, 0x32, 0x0C, 0xC8,
    0x02, 0xA7, 0x0C, 0x03, 0x3D, 0x20, 0x95, 0x61, 0xA0, 0xA9, 0xB1, 0x61, 0xC4, 0xB9, 0x8C, 0x2D,
    0x5F, 0xC9, 0x93, 0x65, 0xCD, 0x72, 0x26, 0x75, 0x78, 0x64, 0xF8, 0x87, 0x46, 0x86, 0x8F, 0x48,
    0x64, 0xF8, 0x89, 0x42, 0x86, 0xAF, 0x08, 0x64, 0xF8, 0x8B, 0x3E, 0xF2, 0x78, 0x46, 0x9C, 0x04,
    0xE6, 0x07, 0xA8, 0xF1, 0x24, 0x85, 0x62, 0xEF, 0xF8, 0x30, 0x45, 0xE5, 0xF3, 0xAE, 0x00, 0x8F,
    0x03, 0xF4, 0x0A, 0x10, 0x59, 0xB4, 0x03, 0x94, 0xC9, 0xA2, 0x58, 0x63, 0xB6, 0x28, 0xD6, 0x97,
    0x2F, 0x1E, 0xDF, 0x01, 0xB6, 0x14, 0x19, 0xD0, 0xC1, 0xB1, 0xB2, 0xBC, 0x18, 0x50, 0x43, 0xDA,
    0x1D, 0xBF, 0x12, 0x63, 0x40, 0x85, 0x01, 0x1F, 0x24, 0x6B, 0x4A, 0x8D, 0x01, 0x11, 0x0A, 0x84,
    0x90, 0xAC, 0x26, 0x3D, 0x06, 0x34, 0x28, 0x30, 0x42, 0xB2, 0x92, 0x04, 0x19, 0xB0, 0xA0, 0x40,
    0x09, 0xC9, 0x5A, 0xF2, 0x03, 0xE2, 0x2D, 0x70, 0x42, 0x32, 0xEB, 0x2E, 0x79, 0x0A, 0xC9, 0xE4,
    0xC0, 0x80, 0x16, 0x92, 0xC9, 0x80, 0x02, 0x2F, 0x94, 0xAD, 0x26, 0x71, 0x74, 0xAD, 0x26, 0x3B,
    0x0A, 0xCC, 0x70, 0xCC, 0x33, 0x12, 0xDC, 0x70, 0xAC, 0x25, 0x33, 0x0A, 0xF4, 0x30, 0xE5, 0x9E,
    0xAD, 0xEE, 0x05, 0xA4, 0x9B, 0xF0, 0x18, 0xBA, 0x79, 0xC5, 0x83, 0x1C, 0xD2, 0xD8, 0xB1, 0x3F,
    0x90, 0x5E, 0xE0, 0x40, 0x81, 0x1F, 0x92, 0xD6, 0x93, 0x0D, 0x09, 0x0E, 0x1C, 0x08, 0xA2, 0x5A,
    0x4F, 0x22, 0x40, 0x77, 0x83, 0x03, 0x45, 0x2C, 0xF3, 0x03, 0xDF, 0x21, 0x75, 0xC0, 0x11, 0xB1,
    0xA3, 0x26, 0xFA, 0x3E, 0xC0, 0xD0, 0x6C, 0x3E, 0xE2, 0x49, 0x74, 0x2B, 0x4A, 0x82, 0x04, 0x0B,
    0x48, 0xBB, 0x89, 0x74, 0xC6, 0x55, 0x40, 0x87, 0xFD, 0x89, 0x6B, 0xD6, 0x55, 0xE9, 0xDA, 0x22,
    0x6F, 0x3D, 0x51, 0x6F, 0xF7, 0x3C, 0x45, 0xD9, 0xCA, 0xC2, 0xB2, 0x3D, 0xE0, 0x8A, 0xA1, 0xF4,
    0x64, 0xC2, 0x80, 0x2D, 0x86, 0x62, 0xDC, 0x32, 0xBD, 0x8B, 0x21, 0x13, 0xC5, 0x7E, 0xF2, 0x46,
    0x31, 0xE0, 0x0B, 0x51, 0xDA, 0x28, 0x06, 0xB4, 0xB5, 0x01, 0x6F, 0xD0, 0x37, 0x20, 0xA7, 0xAC,
    0x51, 0x0C, 0x76, 0xE5, 0x8C, 0x62, 0x24, 0x4B, 0x19, 0xC5, 0xDA, 0x32, 0x46, 0x31, 0xD4, 0x99,
    0xDC, 0xE5, 0x40, 0x84, 0x25, 0x8E, 0xB9, 0xC0, 0x04, 0xC7, 0x94, 0xED, 0x5D, 0xA2, 0x5B, 0x71,
    0x9A, 0x68, 0x56, 0x9C, 0x01, 0x92, 0x60, 0xC7, 0x32, 0x06, 0x39, 0xF6, 0x1C, 0xCF, 0x8F, 0xE8,
    0xD6, 0x9C, 0x25, 0x8A, 0x89, 0x69, 0xEC, 0xD8, 0x75, 0x54, 0x61, 0x10, 0x43, 0x50, 0x1D, 0x84,
    0xAF, 0x1F, 0x92, 0x89, 0xE9, 0x3D, 0x24, 0xEB, 0x8E, 0x64, 0xED, 0x90, 0x4C, 0x34, 0x61, 0x0E,
    0xC9, 0xAC, 0xBC, 0xE4, 0x37, 0x24, 0xB3, 0xED, 0x34, 0x7F, 0x0D, 0x43, 0xEB, 0x8F, 0xE8, 0x8E,
    0xB9, 0x90, 0xD4, 0x2F, 0x71, 0xB9, 0x90, 0xE7, 0x2F, 0x84, 0xEB, 0x90, 0xE3, 0xEE, 0xA7, 0x10,
    0xAD, 0x44, 0x46, 0x47, 0x8E, 0xDD, 0x48, 0xF4, 0x13, 0x8E, 0x59, 0xE8, 0x2D, 0xE1, 0x98, 0x1F,
    0x0C, 0x08, 0xE1, 0x98, 0xAD, 0xF6, 0x0E, 0xB6, 0xD2, 0xAA, 0x09, 0x8A, 0x01, 0x2C, 0x55, 0x05,
    0xC5, 0xC8, 0xA9, 0x0B, 0xA2, 0xC1, 0xD4, 0x03, 0xD9, 0x2A, 0x82, 0x62, 0x40, 0xBF, 0x7A, 0xA0,
    0x18, 0xD0, 0xB1, 0x1A, 0x28, 0x06, 0xF4, 0xAC, 0x05, 0x8A, 0x01, 0x5D, 0x2B, 0x81, 0x62, 0x40,
    0xDF, 0x3A, 0xA0, 0x18, 0xD0, 0xB9, 0x0A, 0x28, 0x06, 0x7A, 0xD7, 0x00, 0xC5, 0x40, 0xE8, 0x15,
    0xF7, 0x32, 0x0C, 0x50, 0x8A, 0x06, 0xA4, 0x62, 0x54, 0x50, 0x40, 0x2A, 0xA6, 0xFA, 0x02, 0xA4,
    0x62, 0xEA, 0xCF, 0x80, 0x54, 0x4C, 0x05, 0x11, 0x90, 0xEE, 0x08, 0x2C, 0x93, 0x5E, 0x1C, 0x20,
    0x5D, 0x00, 0x1D, 0xBB, 0x42, 0x9D, 0x4A, 0xB4, 0x43, 0x2C, 0x70, 0x8B, 0xFA, 0x10, 0xA1, 0x84,
    0x62, 0x77, 0xA8, 0x30, 0x42, 0xB1, 0x2E, 0x84, 0x50, 0xEC, 0x0D, 0x1B, 0x3E, 0x28, 0x06, 0x74,
    0x07, 0xB9, 0xAB, 0x0E, 0x1B, 0x14, 0x23, 0x1F, 0x32, 0x28, 0x56, 0x88, 0x0B, 0x8A, 0x35, 0xA2,
    0x82, 0x62, 0xA4, 0x44, 0x04, 0xEF, 0x2A, 0xF1, 0xC0, 0xD4, 0x1A, 0xF1, 0xC0, 0xD7, 0x0A, 0x31,
    0xC1, 0xB2, 0x3A, 0x64, 0x70, 0xAD, 0x0C, 0x23, 0x32, 0x28, 0xF6, 0x85, 0x12, 0x8A, 0xF9, 0xC4,
    0x05, 0xC5, 0x68, 0x86, 0x12, 0x8A, 0xB5, 0x61, 0x84, 0x62, 0x75, 0xF8, 0xA0, 0x5B, 0x1F, 0x2E,
    0x78, 0x57, 0x84, 0x1F, 0xFA, 0xA4, 0x07, 0x41, 0x14, 0xAB, 0xC1, 0x10, 0xC5, 0x5A, 0x50, 0x44,
    0x31, 0x92, 0xE0, 0x88, 0x62, 0x1D, 0x48, 0xA2, 0x58, 0x05, 0x96, 0x28, 0x46, 0x58, 0x62, 0x73,
    0xE4, 0x27, 0x8A, 0x41, 0x9B, 0x38, 0xA3, 0x06, 0x2C, 0x51, 0x0C, 0x56, 0x20, 0xC9, 0x01, 0x41,
    0x83, 0x2B, 0x06, 0xA9, 0x6C, 0xAA, 0x18, 0xBA, 0x64, 0x80, 0x62, 0xF0, 0x04, 0x49, 0x14, 0x03,
    0xD6, 0xC7, 0x74, 0x12, 0xC3, 0x30, 0x43, 0xF6, 0x11, 0xDB, 0x52, 0x4C, 0x1B, 0x14, 0x51, 0x0C,
    0x70, 0x0F, 0xDD, 0xE6, 0xEC, 0x07, 0x43, 0x24, 0x53, 0xC3, 0x58, 0xB4, 0x3B, 0x8C, 0x38, 0xE0,
    0x4C, 0x3E, 0x70, 0x43, 0x31, 0xF7, 0x08, 0xA0, 0x98, 0x2A, 0xC9, 0xCA, 0x6D, 0xD8, 0x01, 0x0D,
    0x7B, 0x32, 0x86, 0x35, 0x40, 0x25, 0x16, 0xAB, 0xD7, 0x56, 0x25, 0xC3, 0x48, 0x91, 0x28, 0x86,
    0x01, 0xBF, 0xBB, 0x67, 0xCA, 0x9E, 0xE8, 0xC9, 0xF6, 0x79, 0xF5, 0x02, 0xCE, 0x70, 0x40, 0x31,
    0x00, 0xBE, 0xA1, 0x80, 0x62, 0xC0, 0x3B, 0x3A, 0x0C, 0x50, 0x0C, 0x38, 0x88, 0xC3, 0xF7, 0x07,
    0xC3, 0x00, 0x0F, 0x50, 0x4B, 0x03, 0x04, 0x0A, 0x00, 0x00, 0x80, 0x06, 0x00, 0xB6, 0x95, 0x6B,
    0x1B, 0xEA, 0xB8, 0x10, 0x00, 0x00, 0x00, 0x1C, 0x00, 0x00, 0x00, 0x5E, 0x07, 0x00, 0x00, 0x30,
    0x0F, 0x00, 0x00, 0xDD, 0x04, 0x00, 0x00, 0x5C, 0x15, 0x00, 0x00, 0x01, 0x00, 0x00, 0x00, 0x0F,
    0x00, 0x12, 0x03, 0x24, 0x15, 0x36, 0x27, 0x38, 0x39, 0x6A, 0x7B, 0x4C, 0x9D, 0x6E, 0x1F, 0x09,
    0x06, 0x01, 0x13, 0x34, 0xE5, 0xF6, 0x96, 0xF7, 0x19, 0x0C, 0xBB, 0xD3, 0x03, 0xC3, 0x83, 0x7C,
    0x30, 0x3C, 0x82, 0x65, 0x57, 0x3E, 0x60, 0x78, 0x59, 0xC7, 0xEE, 0x32, 0xE0, 0x67, 0x80, 0x7D,
    0x01, 0x82, 0x06, 0x28, 0x40, 0x79, 0xB7, 0x0F, 0x8A, 0x01, 0xFD, 0xAD, 0x83, 0x62, 0x00, 0x80,
    0x70, 0x1B, 0x14, 0x03, 0x78, 0x95, 0x46, 0x8A, 0x81, 0x7A, 0x94, 0x41, 0x31, 0x00, 0x34, 0xD2,
    0x05, 0xC5, 0xE8, 0x95, 0x47, 0x8A, 0x01, 0xB0, 0x48, 0x15, 0x14, 0x03, 0x78, 0x96, 0x47, 0x8A,
    0x81, 0x8A, 0x34, 0x41, 0x31, 0x00, 0x74, 0x52, 0x04, 0xC5, 0xDE, 0x12, 0x49, 0x31, 0x00, 0x64,
    0xD2, 0x03, 0xC5, 0x80, 0xE9, 0x12, 0x49, 0x31, 0x40, 0x4F, 0x6A, 0xA0, 0x18, 0x80, 0xF8, 0x12,
    0x49, 0x31, 0x4F, 0x5A, 0xA0, 0x18, 0x00, 0xA0, 0x52, 0x02, 0xC5, 0xC0, 0xC2, 0x4C, 0x52, 0x0C,
    0xA0, 0x2B, 0x1D, 0x50, 0x0C, 0x40, 0x8C, 0x99, 0xA4, 0x98, 0x2B, 0x15, 0x50, 0x0C, 0x98, 0x32,
    0x93, 0x14, 0x23, 0x67, 0x22, 0x29, 0xD6, 0x9B, 0x44, 0x8A, 0x75, 0x27, 0x90, 0x62, 0xFD, 0xC9,
    0xA3, 0x58, 0x85, 0xEA, 0x0C, 0x50, 0xEC, 0x46, 0x6D, 0x14, 0xAB, 0x52, 0x19, 0xC5, 0xDA, 0xF4,
    0x45, 0xB1, 0x46, 0x5D, 0x51, 0xAC, 0x55, 0x4F, 0x14, 0x6B, 0xD6, 0x11, 0xC5, 0xDA, 0xF5, 0x43,
    0xB1, 0x86, 0xDD, 0x50, 0xAC, 0x65, 0x2F, 0x14, 0xEB, 0xD9, 0x0A, 0xC5, 0x05, 0xBF, 0x56, 0xC2,
    0x70, 0x8A, 0xD9, 0xF0, 0x75, 0x11, 0x0C, 0x8F, 0xB7, 0xC0, 0xF0, 0x7C, 0x03, 0x5A, 0x08, 0x74,
    0x97, 0x14, 0x6C, 0x81, 0xFE, 0xA4, 0xDE, 0xD2, 0xBB, 0x06, 0x8A, 0xC1, 0x07, 0xBC, 0x5B, 0xA0,
    0x18, 0x60, 0xE2, 0xD9, 0x92, 0x0A, 0xBC, 0x53, 0x0C, 0xD0, 0xF1, 0x24, 0x49, 0x07, 0xDE, 0x29,
    0x06, 0x54, 0xBC, 0x02, 0x8A, 0xD1, 0x04, 0xEF, 0x14, 0x03, 0x15, 0x6F, 0x80, 0x62, 0x74, 0xC1,
    0x3B, 0xC5, 0x80, 0x15, 0x7C, 0x41, 0x3C, 0xC3, 0xB4, 0x81, 0x7B, 0x37, 0x58, 0x54, 0x26, 0x80,
    0x62, 0x80, 0x3F, 0x58, 0x34, 0x46, 0x31, 0x80, 0x47, 0x48, 0xA4, 0x18, 0x50, 0x8B, 0xC2, 0x28,
    0x46, 0x27, 0x24, 0x52, 0x0C, 0x30, 0x15, 0x0E, 0x29, 0x06, 0x4D, 0xF4, 0x45, 0x31, 0xB0, 0x0B,
    0x87, 0x14, 0x03, 0x2A, 0x51, 0x17, 0xC5, 0x68, 0x86, 0x43, 0x8A, 0x01, 0x6C, 0xC3, 0xA1, 0x2D,
    0x8A, 0x01, 0xB6, 0x43, 0x21, 0xC5, 0x80, 0x3A, 0x94, 0x45, 0x31, 0xFA, 0xA1, 0x90, 0x62, 0x00,
    0x0B, 0x31, 0x48, 0x31, 0xA0, 0x0A, 0x5D, 0x51, 0x8C, 0x8E, 0x18, 0xA4, 0x18, 0xC0, 0x4A, 0x04,
    0x52, 0xCC, 0x83, 0xAA, 0x28, 0x06, 0xCC, 0x89, 0x40, 0x8A, 0x01, 0x7A, 0xD0, 0x14, 0xC5, 0x4E,
    0x11, 0x48, 0x31, 0x40, 0xE7, 0x11, 0x24, 0xAD, 0x48, 0x93, 0x46, 0xB1, 0xAE, 0xEC, 0x51, 0xAC,
    0x27, 0x83, 0x14, 0x6B, 0xC8, 0x23, 0xC5, 0x9A, 0xF1, 0x49, 0xB1, 0x4A, 0xB4, 0x52, 0xAC, 0x0B,
    0xBB, 0x14, 0xBB, 0x45, 0x81, 0x65, 0x1A, 0x16, 0x77, 0x16, 0xB0, 0x5C, 0x9C, 0x65, 0x0D, 0x70,
    0x5B, 0xC1, 0x22, 0xA9, 0x14, 0x2C, 0xBA, 0xE8, 0x83, 0x62, 0x40, 0x37, 0xEA, 0xA0, 0x18, 0x00,
    0xE0, 0xD1, 0x06, 0xC5, 0x00, 0x00, 0x91, 0x32, 0x28, 0x06, 0x36, 0xE0, 0x91, 0x62, 0x80, 0xF6,
    0xB3, 0x59, 0x31, 0x2D, 0xF0, 0x48, 0x31, 0x00, 0x26, 0x64, 0xB3, 0x62, 0x80, 0x3A, 0xF0, 0x48,
    0x31, 0x50, 0x1E, 0x36, 0x2B, 0x06, 0x40, 0x14, 0x2C, 0x4E, 0x10, 0x49, 0x31, 0x00, 0x44, 0xCB,
    0x66, 0xC5, 0x40, 0x2E, 0x88, 0xA4, 0x18, 0xA0, 0x55, 0x6C, 0x56, 0x0C, 0x40, 0x37, 0x50, 0xB0,
    0xB8, 0x81, 0x84, 0xCD, 0x8A, 0x01, 0x40, 0x66, 0x36, 0x2B, 0x06, 0xF9, 0x60, 0x92, 0x62, 0x00,
    0xAD, 0x62, 0xB3, 0x62, 0x00, 0x3A, 0x82, 0x82, 0xC5, 0x11, 0xB4, 0x6C, 0x56, 0x0C, 0xE4, 0x84,
    0x49, 0x8A, 0x91, 0x0A, 0x0A, 0x16, 0x77, 0x50, 0xB0, 0xB8, 0x84, 0x82, 0xC5, 0x2D, 0x14, 0x2C,
    0x9E, 0xA1, 0x60, 0xF1, 0x0E, 0x05, 0x8B, 0x87, 0x28, 0x58, 0x9C, 0x44, 0xC1, 0xE2, 0x28, 0x0A,
    0x16, 0x67, 0x51, 0xB0, 0x38, 0x8C, 0x82, 0xC5, 0x69, 0x14, 0x2C, 0x8E, 0xA3, 0x60, 0x71, 0x1E,
    0x05, 0x8B, 0xFB, 0x28, 0x58, 0x5C, 0x48, 0xC1, 0x72, 0x23, 0x05, 0xCB, 0x99, 0x14, 0x2C, 0x7F,
    0x52, 0xB0, 0x7C, 0x6A, 0xC0, 0xDF, 0x00, 0x6B, 0x02, 0xFC, 0x0E, 0x90, 0xCC, 0xD3, 0x03, 0xC8,
    0x85, 0xBA, 0x51, 0x40, 0x99, 0x55, 0xA3, 0x80, 0x36, 0x69, 0xC6, 0x01, 0xC5, 0xDD, 0x75, 0x46,
    0x82, 0x01, 0x03, 0xEC, 0xAD, 0x18, 0x0F, 0x14, 0xEB, 0x45, 0x04, 0x71, 0xF1, 0x0B, 0xC5, 0x1A,
    0xD0, 0x43, 0xB1, 0x02, 0xFC, 0x50, 0x0C, 0xB4, 0x6E, 0xAA, 0x18, 0x08, 0x5F, 0xB1, 0x62, 0x00,
    0xBA, 0x40, 0x0F, 0xC5, 0x00, 0x77, 0xEC, 0x1F, 0x86, 0x01, 0xE2, 0x80, 0x76, 0x1B, 0xAE, 0xB2,
    0xDC, 0x20, 0x42, 0x08, 0xC9, 0x57, 0x64, 0x50, 0x67, 0x37, 0x18, 0x20, 0x48, 0xA4, 0x9B, 0x4A,
    0x76, 0xF1, 0x00, 0x05, 0xAD, 0xB4, 0x01, 0x0E, 0x8A, 0xDA, 0x3F, 0x5A, 0x19, 0x06, 0x3A, 0xC8,
    0x2A, 0xC3, 0x40, 0xB3, 0x6F, 0x18, 0xE8, 0x01, 0xE9, 0x0C, 0x83, 0xB9, 0xB2, 0xCF, 0xE9, 0x32,
    0x97, 0x33, 0x25, 0x1E, 0xA7, 0xF4, 0x34, 0x20, 0x9C, 0x20, 0x68, 0xC0, 0x37, 0x1D, 0x95, 0xBB,
    0xB9, 0x6D, 0x15, 0xC8, 0x26, 0xB7, 0x54, 0xE0, 0x9A, 0xC0, 0x50, 0x81, 0x69, 0x46, 0x8D, 0x9F,
    0x79, 0x14, 0x15, 0x38, 0x16, 0x42, 0xB1, 0x82, 0x9D, 0x50, 0xAC, 0x5D, 0x2D, 0x14, 0x6B, 0x56,
    0x0D, 0xC5, 0x6A, 0xB5, 0x43, 0xB1, 0x4E, 0x05, 0x51, 0xAC, 0x4E, 0x4B, 0xE4, 0xBA, 0x36, 0x29,
    0x06, 0x00, 0x48, 0xB0, 0x29, 0x89, 0x62, 0x00, 0xC0, 0x05, 0x99, 0x14, 0x83, 0x6E, 0x3A, 0xA2,
    0x18, 0x80, 0x37, 0xC8, 0xA4, 0x18, 0xA0, 0x37, 0x15, 0x51, 0x0C, 0x98, 0x07, 0x99, 0x14, 0x03,
    0x00, 0x44, 0xC8, 0x34, 0x44, 0x31, 0x00, 0xE0, 0x84, 0x4B, 0x8A, 0xE1, 0x99, 0x82, 0x28, 0x06,
    0xBF, 0x50, 0x49, 0xB1, 0x3A, 0x3C, 0x52, 0xAC, 0x12, 0x87, 0x14, 0xAB, 0xC5, 0x1F, 0xC5, 0x9A,
    0x91, 0x47, 0xB1, 0x76, 0xC4, 0x51, 0xAC, 0x21, 0x69, 0x14, 0x2B, 0xC9, 0x18, 0xC5, 0x8A, 0xB2,
    0x45, 0xB1, 0xB2, 0x4C, 0x51, 0xAC, 0x2F, 0x4D, 0x14, 0xEB, 0xCC, 0x91, 0x1F, 0x02, 0xA4, 0x7E,
    0x28, 0x56, 0x9D, 0x1C, 0x8A, 0xD5, 0x27, 0x86, 0x62, 0x15, 0x4A, 0xA1, 0x58, 0x89, 0x4A, 0x28,
    0xD6, 0xA3, 0x0F, 0x8A, 0x55, 0x29, 0x83, 0x62, 0x75, 0x5A, 0x50, 0xC4, 0x04, 0xCC, 0x59, 0x44,
    0x0C, 0x8B, 0x50, 0xBA, 0x29, 0x42, 0xB9, 0xA1, 0x08, 0x65, 0xB3, 0xE3, 0x86, 0x86, 0x91, 0x01,
    0x0B, 0x0D, 0x03, 0xB6, 0x40, 0x42, 0xC3, 0x80, 0x3D, 0x70, 0xD0, 0x30, 0x60, 0x13, 0x14, 0x34,
    0x0C, 0xF4, 0x82, 0x81, 0x86, 0x01, 0xDB, 0x20, 0xA0, 0x61, 0xC0, 0x3E, 0xF8, 0xA7, 0x0C, 0x6E,
    0x34, 0x47, 0x89, 0xE1, 0x3A, 0x8A, 0x01, 0xA3, 0xC4, 0x54, 0x0C, 0xA8, 0x45, 0x73, 0x14, 0xA3,
    0x3E, 0x4C, 0xC5, 0x00, 0x23, 0xC6, 0x54, 0x0C, 0x9A, 0x28, 0x8E, 0x62, 0x60, 0x4A, 0x4C, 0xC5,
    0x80, 0x4A, 0xF4, 0x46, 0x31, 0x2A, 0xC3, 0x54, 0x0C, 0x60, 0x3E, 0xCC, 0x36, 0x8A, 0x01, 0x56,
    0x89, 0xA9, 0x18, 0x50, 0x87, 0xD6, 0x28, 0x46, 0x65, 0x98, 0x8A, 0x01, 0x4C, 0x89, 0xA9, 0x18,
    0x50, 0x85, 0xD2, 0x28, 0x46, 0x65, 0x98, 0x8A, 0x01, 0x4C, 0xCA, 0xA9, 0x98, 0x07, 0x9D, 0x51,
    0x0C, 0x18, 0x1F, 0xA6, 0x62, 0x80, 0x1E, 0x54, 0xC6, 0x87, 0x61, 0xC5, 0x00, 0x9D, 0xA7, 0x8D,
    0x1E, 0xC3, 0x6E, 0x0C, 0x5F, 0x69, 0xA4, 0xC7, 0x70, 0x25, 0x3D, 0x86, 0x43, 0xE9, 0x31, 0x1C,
    0x4B, 0x8F, 0xE1, 0x5F, 0x7A, 0x0C, 0x37, 0xD3, 0x63, 0x58, 0xC6, 0xDF, 0xD1, 0x68, 0x79, 0xAC,
    0x8D, 0xEF, 0x24, 0x36, 0xBE, 0xAD, 0x1C, 0xEF, 0x78, 0xA0, 0x18, 0xC0, 0x07, 0xE4, 0x50, 0x0C,
    0xDF, 0xD1, 0x40, 0x31, 0xE0, 0x10, 0x05, 0x72, 0x28, 0x06, 0x6A, 0xC7, 0x02, 0xC5, 0x00, 0x80,
    0x07, 0x72, 0x28, 0x06, 0xB0, 0x04, 0x37, 0x14, 0x73, 0x8E, 0x04, 0x8A, 0xC1, 0x17, 0xDC, 0x50,
    0x0C, 0x00, 0xD0, 0xA0, 0x86, 0x62, 0xA0, 0x6E, 0x1C, 0x50, 0x0C, 0xEC, 0x41, 0x0D, 0xC5, 0x80,
    0x2F, 0x44, 0x98, 0xA1, 0x98, 0x6B, 0x14, 0x50, 0x0C, 0x00, 0x9B, 0x30, 0x43, 0x31, 0x00, 0x56,
    0x63, 0x80, 0x62, 0xB4, 0xC2, 0x0C, 0xC5, 0x00, 0xD0, 0x0B, 0x31, 0x14, 0x03, 0x5C, 0xF0, 0x0B,
    0x33, 0x0C, 0x03, 0x9D, 0x21, 0x86, 0x55, 0x75, 0x0B, 0x4D, 0x29, 0x43, 0x09, 0x8F, 0xAB, 0x0C,
    0x19, 0xEC, 0x34, 0x65, 0x68, 0x50, 0x42, 0xB1, 0x0E, 0xAC, 0x08, 0x10, 0x50, 0x4B, 0x01, 0x02,
    0x0B, 0x00, 0x0A, 0x00, 0x00, 0x00, 0x06, 0x00, 0xB2, 0x95, 0x6B, 0x1B
};

extern const unsigned long long embdata_MASK06_PAK_size = 17484ULL;
